PhysicLine,2701.4,450.8,2754.3,424.2
PhysicLine,2754.3,424.2,2800.0,400.0
PhysicLine,2800.0,400.0,2835.8,378.1
PhysicLine,2835.8,378.1,2861.1,358.0
PhysicLine,2861.1,358.0,2878.1,339.5
PhysicLine,2878.1,339.5,2888.9,322.2
PhysicLine,2888.9,322.2,2895.5,306.0
PhysicLine,2895.5,306.0,2900.0,290.6
PhysicLine,2900.0,290.6,2904.5,275.7
PhysicLine,2904.5,275.7,2911.1,261.1
PhysicLine,2911.1,261.1,2921.9,246.5
PhysicLine,2921.9,246.5,2938.9,231.6
PhysicLine,2964.2,216.2,3000.0,200.0
PhysicLine,3046.9,183.3,3103.2,166.7
PhysicLine,3103.2,166.7,3167.2,150.0
PhysicLine,3167.2,150.0,3237.0,133.3
PhysicLine,3237.0,133.3,3311.1,116.7
PhysicLine,3311.1,116.7,3387.5,100.0
PhysicLine,3387.5,100.0,3464.6,83.3
PhysicLine,3464.6,83.3,3540.7,66.7
PhysicLine,3540.7,66.7,3614.1,50.0
PhysicLine,3614.1,50.0,3682.9,33.3
PhysicLine,3682.9,33.3,3745.4,16.7
PhysicLine,3745.4,16.7,3800.0,0.0
PhysicLine,3800.0,0.0,3846.1,-16.0
PhysicLine,3918.8,-45.3,3948.1,-59.3
PhysicLine,3948.1,-59.3,3974.8,-73.2
PhysicLine,3974.8,-73.2,4000.0,-87.5
PhysicLine,4000.0,-87.5,4025.2,-102.5
PhysicLine,4025.2,-102.5,4051.9,-118.5
PhysicLine,4051.9,-118.5,4081.2,-135.9
PhysicLine,4081.2,-135.9,4114.8,-155.1
PhysicLine,4114.8,-155.1,4153.9,-176.3
PhysicLine,4153.9,-176.3,4200.0,-200.0
PhysicLine,4200.0,-200.0,4252.0,-226.0
PhysicLine,4252.0,-226.0,4307.9,-253.9
PhysicLine,4307.9,-253.9,4367.2,-283.6
PhysicLine,4367.2,-283.6,4429.6,-314.8
PhysicLine,4429.6,-314.8,4494.8,-347.4
PhysicLine,4494.8,-347.4,4562.5,-381.2
PhysicLine,4562.5,-381.2,4632.2,-416.1
PhysicLine,4632.2,-416.1,4703.7,-451.9
PhysicLine,4703.7,-451.9,4776.6,-488.3
PhysicLine,4776.6,-488.3,4850.5,-525.2
PhysicLine,4850.5,-525.2,4925.1,-562.5
PhysicLine,4925.1,-562.5,5000.0,-600.0
PhysicLine,5000.0,-600.0,5076.3,-638.2
PhysicLine,5076.3,-638.2,5155.1,-677.5
PhysicLine,5155.1,-677.5,5235.9,-718.0
PhysicLine,5235.9,-718.0,5318.5,-759.3
PhysicLine,5318.5,-759.3,5402.5,-801.2
PhysicLine,5402.5,-801.2,5487.5,-843.8
PhysicLine,5487.5,-843.8,5573.2,-886.6
PhysicLine,5573.2,-886.6,5659.3,-929.6
PhysicLine,5659.3,-929.6,5745.3,-972.7
PhysicLine,5745.3,-972.7,5831.0,-1015.5
PhysicLine,5831.0,-1015.5,5916.0,-1058.0
PhysicLine,5916.0,-1058.0,6000.0,-1100.0
PhysicLine,6000.0,-1100.0,6086.2,-1143.0
PhysicLine,6086.2,-1143.0,6177.1,-1188.2
PhysicLine,6177.1,-1188.2,6271.1,-1234.8
PhysicLine,6271.1,-1234.8,6366.7,-1282.2
PhysicLine,6366.7,-1282.2,6462.2,-1329.6
PhysicLine,6462.2,-1329.6,6556.2,-1376.2
PhysicLine,6556.2,-1376.2,6647.1,-1421.4
PhysicLine,6647.1,-1421.4,6733.3,-1464.4
PhysicLine,6733.3,-1464.4,6813.3,-1504.5
PhysicLine,6813.3,-1504.5,6885.4,-1541.0
PhysicLine,6885.4,-1541.0,6948.2,-1573.0
PhysicLine,6948.2,-1573.0,7000.0,-1600.0
PhysicLine,7000.0,-1600.0,7039.8,-1621.3
PhysicLine,7039.8,-1621.3,7068.8,-1637.4
PhysicLine,7068.8,-1637.4,7088.3,-1649.1
PhysicLine,7088.3,-1649.1,7100.0,-1657.0
PhysicLine,7100.0,-1657.0,7105.5,-1662.1
PhysicLine,7105.5,-1662.1,7106.2,-1665.0
PhysicLine,7106.2,-1665.0,7103.9,-1666.5
PhysicLine,7103.9,-1666.5,7100.0,-1667.4
PhysicLine,7100.0,-1667.4,7096.1,-1668.4
PhysicLine,7096.1,-1668.4,7093.8,-1670.4
PhysicLine,7093.8,-1670.4,7094.5,-1674.0
PhysicLine,7094.5,-1674.0,7100.0,-1680.0
PhysicLine,7100.0,-1680.0,7107.1,-1687.4
PhysicLine,7107.1,-1687.4,7112.0,-1694.7
PhysicLine,7112.0,-1694.7,7115.6,-1702.0
PhysicLine,7115.6,-1702.0,7118.5,-1709.3
PhysicLine,7118.5,-1709.3,7121.4,-1716.7
PhysicLine,7121.4,-1716.7,7125.0,-1724.4
PhysicLine,7125.0,-1724.4,7130.0,-1732.4
PhysicLine,7130.0,-1732.4,7137.0,-1740.7
PhysicLine,7137.0,-1740.7,7146.9,-1749.6
PhysicLine,7146.9,-1749.6,7160.2,-1759.1
PhysicLine,7160.2,-1759.1,7177.7,-1769.2
PhysicLine,7228.3,-1791.9,7262.5,-1805.1
PhysicLine,7262.5,-1805.1,7301.6,-1819.2
PhysicLine,7301.6,-1819.2,7344.4,-1834.1
PhysicLine,7344.4,-1834.1,7390.1,-1849.4
PhysicLine,7390.1,-1849.4,7437.5,-1865.0
PhysicLine,7437.5,-1865.0,7485.6,-1880.6
PhysicLine,7485.6,-1880.6,7533.3,-1895.9
PhysicLine,7533.3,-1895.9,7579.7,-1910.8
PhysicLine,7579.7,-1910.8,7623.6,-1924.9
PhysicLine,7623.6,-1924.9,7664.1,-1938.1
PhysicLine,7664.1,-1938.1,7700.0,-1950.0
PhysicLine,7700.0,-1950.0,7731.4,-1960.3
PhysicLine,7731.4,-1960.3,7759.3,-1969.0
PhysicLine,7759.3,-1969.0,7784.4,-1976.4
PhysicLine,7784.4,-1976.4,7807.4,-1983.0
PhysicLine,7807.4,-1983.0,7829.1,-1989.0
PhysicLine,7829.1,-1989.0,7850.0,-1995.0
PhysicLine,7850.0,-1995.0,7870.9,-2001.2
PhysicLine,7870.9,-2001.2,7892.6,-2008.1
PhysicLine,7892.6,-2008.1,7915.6,-2016.1
PhysicLine,7915.6,-2016.1,7940.7,-2025.5
PhysicLine,8066.0,-2080.1,8099.2,-2096.1
PhysicLine,8099.2,-2096.1,8133.3,-2113.0
PhysicLine,8133.3,-2113.0,8168.8,-2130.9
PhysicLine,8168.8,-2130.9,8206.2,-2150.0
PhysicLine,8206.2,-2150.0,8246.1,-2170.5
PhysicLine,8246.1,-2170.5,8288.9,-2192.6
PhysicLine,8288.9,-2192.6,8335.2,-2216.4
PhysicLine,8335.2,-2216.4,8385.4,-2242.1
PhysicLine,8385.4,-2242.1,8440.2,-2269.9
PhysicLine,8440.2,-2269.9,8500.0,-2300.0
PhysicLine,8500.0,-2300.0,8565.8,-2332.9
PhysicLine,8565.8,-2332.9,8637.7,-2368.9
PhysicLine,8637.7,-2368.9,8714.8,-2407.4
PhysicLine,8714.8,-2407.4,8796.3,-2448.1
PhysicLine,8796.3,-2448.1,8881.2,-2490.6
PhysicLine,8881.2,-2490.6,8968.8,-2534.4
PhysicLine,8968.8,-2534.4,9058.0,-2579.0
PhysicLine,9058.0,-2579.0,9148.1,-2624.1
PhysicLine,9148.1,-2624.1,9238.3,-2669.1
PhysicLine,9238.3,-2669.1,9327.5,-2713.8
PhysicLine,9327.5,-2713.8,9415.1,-2757.5
PhysicLine,9415.1,-2757.5,9500.0,-2800.0
PhysicLine,9500.0,-2800.0,9584.9,-2842.5
PhysicLine,9584.9,-2842.5,9672.5,-2886.2
PhysicLine,9672.5,-2886.2,9761.7,-2930.9
PhysicLine,9761.7,-2930.9,9851.9,-2975.9
PhysicLine,9851.9,-2975.9,9942.0,-3021.0
PhysicLine,9942.0,-3021.0,10031.2,-3065.6
PhysicLine,10031.2,-3065.6,10118.8,-3109.4
PhysicLine,10118.8,-3109.4,10203.7,-3151.9
PhysicLine,10203.7,-3151.9,10285.2,-3192.6
PhysicLine,10285.2,-3192.6,10362.3,-3231.1
PhysicLine,10362.3,-3231.1,10434.2,-3267.1
PhysicLine,10434.2,-3267.1,10500.0,-3300.0
PhysicLine,10500.0,-3300.0,10557.6,-3329.9
PhysicLine,10557.6,-3329.9,10606.5,-3357.3
PhysicLine,10606.5,-3357.3,10648.4,-3382.4
PhysicLine,10648.4,-3382.4,10685.2,-3405.6
PhysicLine,10685.2,-3405.6,10718.5,-3427.0
PhysicLine,10718.5,-3427.0,10750.0,-3446.9
PhysicLine,10750.0,-3446.9,10781.5,-3465.6
PhysicLine,10781.5,-3465.6,10814.8,-3483.3
PhysicLine,10814.8,-3483.3,10851.6,-3500.4
PhysicLine,10893.5,-3517.0,10942.4,-3533.5
PhysicLine,10942.4,-3533.5,11000.0,-3550.0
PhysicLine,11000.0,-3550.0,11067.4,-3565.8
PhysicLine,11067.4,-3565.8,11143.5,-3580.2
PhysicLine,11143.5,-3580.2,11226.6,-3593.4
PhysicLine,11226.6,-3593.4,11314.8,-3605.6
PhysicLine,11314.8,-3605.6,11406.5,-3617.1
PhysicLine,11406.5,-3617.1,11500.0,-3628.1
PhysicLine,11500.0,-3628.1,11593.5,-3639.0
PhysicLine,11593.5,-3639.0,11685.2,-3650.0
PhysicLine,11685.2,-3650.0,11773.4,-3661.3
PhysicLine,11773.4,-3661.3,11856.5,-3673.3
PhysicLine,11856.5,-3673.3,11932.6,-3686.1
PhysicLine,11932.6,-3686.1,12000.0,-3700.0
PhysicLine,12000.0,-3700.0,12059.2,-3714.8
PhysicLine,12059.2,-3714.8,12112.3,-3729.9
PhysicLine,12112.3,-3729.9,12160.2,-3745.3
PhysicLine,12160.2,-3745.3,12203.7,-3761.1
PhysicLine,12281.2,-3793.8,12317.0,-3810.6
PhysicLine,12317.0,-3810.6,12351.9,-3827.8
PhysicLine,12351.9,-3827.8,12386.7,-3845.3
PhysicLine,12386.7,-3845.3,12422.5,-3863.2
PhysicLine,12422.5,-3863.2,12459.9,-3881.4
PhysicLine,12459.9,-3881.4,12500.0,-3900.0
PhysicLine,12540.1,-3918.1,12577.5,-3935.3
PhysicLine,12577.5,-3935.3,12613.3,-3952.0
PhysicLine,12613.3,-3952.0,12648.1,-3968.5
PhysicLine,12648.1,-3968.5,12683.0,-3985.4
PhysicLine,12683.0,-3985.4,12718.8,-4003.1
PhysicLine,12718.8,-4003.1,12756.2,-4022.0
PhysicLine,12756.2,-4022.0,12796.3,-4042.6
PhysicLine,12796.3,-4042.6,12839.8,-4065.2
PhysicLine,12839.8,-4065.2,12887.7,-4090.4
PhysicLine,12887.7,-4090.4,12940.8,-4118.5
PhysicLine,12940.8,-4118.5,13000.0,-4150.0
PhysicLine,13000.0,-4150.0,13065.8,-4185.5
PhysicLine,13065.8,-4185.5,13137.7,-4224.9
PhysicLine,13137.7,-4224.9,13214.8,-4267.6
PhysicLine,13214.8,-4267.6,13296.3,-4313.0
PhysicLine,13296.3,-4313.0,13381.2,-4360.4
PhysicLine,13381.2,-4360.4,13468.8,-4409.4
PhysicLine,13468.8,-4409.4,13558.0,-4459.2
PhysicLine,13558.0,-4459.2,13648.1,-4509.3
PhysicLine,13648.1,-4509.3,13738.3,-4559.0
PhysicLine,13738.3,-4559.0,13827.5,-4607.8
PhysicLine,13827.5,-4607.8,13915.1,-4655.0
PhysicLine,13915.1,-4655.0,14000.0,-4700.0
PhysicLine,14000.0,-4700.0,14086.2,-4744.8
PhysicLine,14086.2,-4744.8,14177.1,-4791.1
PhysicLine,14177.1,-4791.1,14271.1,-4838.4
PhysicLine,14271.1,-4838.4,14366.7,-4885.9
PhysicLine,14366.7,-4885.9,14462.2,-4933.1
PhysicLine,14462.2,-4933.1,14556.2,-4979.4
PhysicLine,14556.2,-4979.4,14647.1,-5024.0
PhysicLine,14647.1,-5024.0,14733.3,-5066.3
PhysicLine,14733.3,-5066.3,14813.3,-5105.7
PhysicLine,14813.3,-5105.7,14885.4,-5141.6
PhysicLine,14885.4,-5141.6,14948.2,-5173.2
PhysicLine,14948.2,-5173.2,15000.0,-5200.0
PhysicLine,15000.0,-5200.0,15039.8,-5221.3
PhysicLine,15039.8,-5221.3,15068.8,-5237.4
PhysicLine,15068.8,-5237.4,15088.3,-5249.1
PhysicLine,15088.3,-5249.1,15100.0,-5257.0
PhysicLine,15100.0,-5257.0,15105.5,-5262.1
PhysicLine,15105.5,-5262.1,15106.2,-5265.0
PhysicLine,15106.2,-5265.0,15103.9,-5266.5
PhysicLine,15103.9,-5266.5,15100.0,-5267.4
PhysicLine,15100.0,-5267.4,15096.1,-5268.4
PhysicLine,15096.1,-5268.4,15093.8,-5270.4
PhysicLine,15093.8,-5270.4,15094.5,-5274.0
PhysicLine,15094.5,-5274.0,15100.0,-5280.0
PhysicLine,15100.0,-5280.0,15107.4,-5287.6
PhysicLine,15107.4,-5287.6,15113.2,-5295.3
PhysicLine,15113.2,-5295.3,15118.0,-5303.1
PhysicLine,15118.0,-5303.1,15122.2,-5311.1
PhysicLine,15122.2,-5311.1,15126.5,-5319.2
PhysicLine,15126.5,-5319.2,15131.2,-5327.5
PhysicLine,15131.2,-5327.5,15137.1,-5335.9
PhysicLine,15137.1,-5335.9,15144.4,-5344.4
PhysicLine,15144.4,-5344.4,15153.9,-5353.1
PhysicLine,15153.9,-5353.1,15166.0,-5361.9
PhysicLine,15166.0,-5361.9,15181.2,-5370.9
PhysicLine,15181.2,-5370.9,15200.0,-5380.0
PhysicLine,15223.6,-5389.6,15252.2,-5399.8
PhysicLine,15252.2,-5399.8,15284.8,-5410.5
PhysicLine,15284.8,-5410.5,15320.4,-5421.5
PhysicLine,15320.4,-5421.5,15358.1,-5432.6
PhysicLine,15358.1,-5432.6,15396.9,-5443.8
PhysicLine,15396.9,-5443.8,15435.9,-5454.7
PhysicLine,15435.9,-5454.7,15474.1,-5465.2
PhysicLine,15474.1,-5465.2,15510.5,-5475.2
PhysicLine,15510.5,-5475.2,15544.3,-5484.4
PhysicLine,15544.3,-5484.4,15574.5,-5492.7
PhysicLine,15574.5,-5492.7,15600.0,-5500.0
PhysicLine,15600.0,-5500.0,15621.3,-5506.1
PhysicLine,15621.3,-5506.1,15639.5,-5511.1
PhysicLine,15639.5,-5511.1,15655.1,-5515.2
PhysicLine,15655.1,-5515.2,15668.5,-5518.5
PhysicLine,15668.5,-5518.5,15680.2,-5521.3
PhysicLine,15680.2,-5521.3,15690.6,-5523.8
PhysicLine,15690.6,-5523.8,15700.2,-5526.0
PhysicLine,15700.2,-5526.0,15709.3,-5528.1
PhysicLine,15709.3,-5528.1,15718.4,-5530.5
PhysicLine,15718.4,-5530.5,15727.9,-5533.1
PhysicLine,15727.9,-5533.1,15738.3,-5536.2
PhysicLine,15738.3,-5536.2,15750.0,-5540.0
PhysicLine,15750.0,-5540.0,15762.7,-5544.2
PhysicLine,15762.7,-5544.2,15775.6,-5548.4
PhysicLine,15775.6,-5548.4,15788.7,-5552.7
PhysicLine,15788.7,-5552.7,15801.9,-5557.0
PhysicLine,15801.9,-5557.0,15815.0,-5561.6
PhysicLine,15815.0,-5561.6,15828.1,-5566.2
PhysicLine,15866.0,-5581.7,15877.9,-5587.5
PhysicLine,15877.9,-5587.5,15889.3,-5593.5
PhysicLine,15889.3,-5593.5,15900.0,-5600.0
PhysicLine,15900.0,-5600.0,15909.0,-5606.7
PhysicLine,15909.0,-5606.7,15915.5,-5613.4
PhysicLine,15915.5,-5613.4,15920.3,-5620.3
PhysicLine,15920.3,-5620.3,15924.1,-5627.4
PhysicLine,15924.1,-5627.4,15927.5,-5634.8
PhysicLine,15927.5,-5634.8,15931.2,-5642.5
PhysicLine,15931.2,-5642.5,15936.1,-5650.6
PhysicLine,15936.1,-5650.6,15942.6,-5659.3
PhysicLine,15942.6,-5659.3,15951.6,-5668.4
PhysicLine,15951.6,-5668.4,15963.7,-5678.2
PhysicLine,15963.7,-5678.2,15979.6,-5688.7
PhysicLine,15979.6,-5688.7,16000.0,-5700.0
PhysicLine,16000.0,-5700.0,16026.2,-5712.6
PhysicLine,16058.2,-5727.0,16094.9,-5742.7
PhysicLine,16309.3,-5827.4,16350.4,-5843.0
PhysicLine,16350.4,-5843.0,16388.3,-5857.2
PhysicLine,16388.3,-5857.2,16421.9,-5869.6
PhysicLine,16421.9,-5869.6,16450.0,-5880.0
PhysicLine,16450.0,-5880.0,16472.2,-5887.6
PhysicLine,16472.2,-5887.6,16489.5,-5892.6
PhysicLine,16489.5,-5892.6,16502.7,-5895.4
PhysicLine,16502.7,-5895.4,16513.0,-5896.7
PhysicLine,16513.0,-5896.7,16521.1,-5897.0
PhysicLine,16521.1,-5897.0,16528.1,-5896.9
PhysicLine,16528.1,-5896.9,16535.0,-5897.0
PhysicLine,16535.0,-5897.0,16542.6,-5897.8
PhysicLine,16542.6,-5897.8,16552.0,-5899.9
PhysicLine,16552.0,-5899.9,16564.0,-5904.0
PhysicLine,16579.7,-5910.5,16600.0,-5920.0
PhysicLine,16600.0,-5920.0,16622.7,-5931.5
PhysicLine,16622.7,-5931.5,16645.3,-5943.6
PhysicLine,16645.3,-5943.6,16668.4,-5956.6
PhysicLine,16668.4,-5956.6,16692.6,-5970.7
PhysicLine,16692.6,-5970.7,16718.6,-5986.2
PhysicLine,16718.6,-5986.2,16746.9,-6003.1
PhysicLine,16746.9,-6003.1,16778.1,-6021.9
PhysicLine,16778.1,-6021.9,16813.0,-6042.6
PhysicLine,16813.0,-6042.6,16852.0,-6065.5
PhysicLine,16852.0,-6065.5,16895.7,-6090.9
PhysicLine,16895.7,-6090.9,16944.9,-6119.0
PhysicLine,16944.9,-6119.0,17000.0,-6150.0
PhysicLine,17000.0,-6150.0,17062.3,-6184.8
PhysicLine,17062.3,-6184.8,17131.9,-6223.7
PhysicLine,17131.9,-6223.7,17207.8,-6266.2
PhysicLine,17207.8,-6266.2,17288.9,-6311.5
PhysicLine,17288.9,-6311.5,17374.1,-6359.0
PhysicLine,17374.1,-6359.0,17462.5,-6408.1
PhysicLine,17462.5,-6408.1,17553.0,-6458.2
PhysicLine,17553.0,-6458.2,17644.4,-6508.5
PhysicLine,17644.4,-6508.5,17735.9,-6558.5
PhysicLine,17735.9,-6558.5,17826.4,-6607.5
PhysicLine,17826.4,-6607.5,17914.8,-6654.9
PhysicLine,17914.8,-6654.9,18000.0,-6700.0
PhysicLine,18000.0,-6700.0,18083.3,-6744.4
PhysicLine,18083.3,-6744.4,18166.7,-6789.7
PhysicLine,18166.7,-6789.7,18250.0,-6835.5
PhysicLine,18250.0,-6835.5,18333.3,-6881.5
PhysicLine,18333.3,-6881.5,18416.7,-6927.1
PhysicLine,18416.7,-6927.1,18500.0,-6971.9
PhysicLine,18500.0,-6971.9,18583.3,-7015.5
PhysicLine,18583.3,-7015.5,18666.7,-7057.4
PhysicLine,18666.7,-7057.4,18750.0,-7097.3
PhysicLine,18833.3,-7134.6,18916.7,-7169.0
PhysicLine,19000.0,-7200.0,19084.9,-7227.0
PhysicLine,19084.9,-7227.0,19172.5,-7250.1
PhysicLine,19172.5,-7250.1,19261.7,-7269.9
PhysicLine,19261.7,-7269.9,19351.9,-7287.0
PhysicLine,19351.9,-7287.0,19442.0,-7302.1
PhysicLine,19442.0,-7302.1,19531.2,-7315.6
PhysicLine,19531.2,-7315.6,19618.8,-7328.3
PhysicLine,19618.8,-7328.3,19703.7,-7340.7
PhysicLine,19703.7,-7340.7,19785.2,-7353.5
PhysicLine,19785.2,-7353.5,19862.3,-7367.2
PhysicLine,19862.3,-7367.2,19934.2,-7382.5
PhysicLine,19934.2,-7382.5,20000.0,-7400.0
PhysicLine,20000.0,-7400.0,20057.6,-7418.1
PhysicLine,20057.6,-7418.1,20106.5,-7435.3
PhysicLine,20185.2,-7468.5,20218.5,-7485.4
PhysicLine,20218.5,-7485.4,20250.0,-7503.1
PhysicLine,20250.0,-7503.1,20281.5,-7522.0
PhysicLine,20281.5,-7522.0,20314.8,-7542.6
PhysicLine,20314.8,-7542.6,20351.6,-7565.2
PhysicLine,20351.6,-7565.2,20393.5,-7590.4
PhysicLine,20393.5,-7590.4,20442.4,-7618.5
PhysicLine,20442.4,-7618.5,20500.0,-7650.0
PhysicLine,20500.0,-7650.0,20565.8,-7685.3
PhysicLine,20565.8,-7685.3,20637.7,-7724.3
PhysicLine,20637.7,-7724.3,20714.8,-7766.4
PhysicLine,20714.8,-7766.4,20796.3,-7811.1
PhysicLine,20796.3,-7811.1,20881.2,-7857.9
PhysicLine,20881.2,-7857.9,20968.8,-7906.2
PhysicLine,20968.8,-7906.2,21058.0,-7955.6
PhysicLine,21058.0,-7955.6,21148.1,-8005.6
PhysicLine,21148.1,-8005.6,21238.3,-8055.5
PhysicLine,21238.3,-8055.5,21327.5,-8104.9
PhysicLine,21327.5,-8104.9,21415.1,-8153.2
PhysicLine,21415.1,-8153.2,21500.0,-8200.0
PhysicLine,21500.0,-8200.0,21584.9,-8246.8
PhysicLine,21584.9,-8246.8,21672.5,-8295.1
PhysicLine,21672.5,-8295.1,21761.7,-8344.5
PhysicLine,21761.7,-8344.5,21851.9,-8394.4
PhysicLine,21851.9,-8394.4,21942.0,-8444.4
PhysicLine,21942.0,-8444.4,22031.2,-8493.8
PhysicLine,22031.2,-8493.8,22118.8,-8542.1
PhysicLine,22118.8,-8542.1,22203.7,-8588.9
PhysicLine,22203.7,-8588.9,22285.2,-8633.6
PhysicLine,22285.2,-8633.6,22362.3,-8675.7
PhysicLine,22362.3,-8675.7,22434.2,-8714.7
PhysicLine,22434.2,-8714.7,22500.0,-8750.0
PhysicLine,22500.0,-8750.0,22560.4,-8781.9
PhysicLine,22560.4,-8781.9,22616.9,-8811.0
PhysicLine,22616.9,-8811.0,22669.5,-8837.6
PhysicLine,22669.5,-8837.6,22718.5,-8861.9
PhysicLine,22718.5,-8861.9,22764.0,-8884.0
PhysicLine,22764.0,-8884.0,22806.2,-8904.4
PhysicLine,22806.2,-8904.4,22845.3,-8923.1
PhysicLine,22845.3,-8923.1,22881.5,-8940.4
PhysicLine,22881.5,-8940.4,22914.8,-8956.5
PhysicLine,22914.8,-8956.5,22945.6,-8971.6
PhysicLine,22945.6,-8971.6,22973.9,-8986.1
PhysicLine,22973.9,-8986.1,23000.0,-9000.0
PhysicLine,23000.0,-9000.0,23022.3,-9012.6
PhysicLine,23022.3,-9012.6,23039.8,-9022.9
PhysicLine,23039.8,-9022.9,23053.1,-9031.5
PhysicLine,23053.1,-9031.5,23063.0,-9038.5
PhysicLine,23063.0,-9038.5,23070.0,-9044.4
PhysicLine,23070.0,-9044.4,23075.0,-9049.4
PhysicLine,23075.0,-9049.4,23078.6,-9053.9
PhysicLine,23078.6,-9053.9,23081.5,-9058.1
PhysicLine,23081.5,-9058.1,23084.4,-9062.6
PhysicLine,23084.4,-9062.6,23088.0,-9067.5
PhysicLine,23088.0,-9067.5,23092.9,-9073.2
PhysicLine,23092.9,-9073.2,23100.0,-9080.0
PhysicLine,23100.0,-9080.0,23106.9,-9087.3
PhysicLine,23106.9,-9087.3,23111.5,-9094.4
PhysicLine,23111.5,-9094.4,23114.5,-9101.2
PhysicLine,23114.5,-9101.2,23116.7,-9108.1
PhysicLine,23116.7,-9108.1,23118.9,-9115.2
PhysicLine,23118.9,-9115.2,23121.9,-9122.5
PhysicLine,23121.9,-9122.5,23126.4,-9130.2
PhysicLine,23126.4,-9130.2,23133.3,-9138.5
PhysicLine,23133.3,-9138.5,23143.4,-9147.5
PhysicLine,23143.4,-9147.5,23157.3,-9157.3
PhysicLine,23157.3,-9157.3,23175.9,-9168.1
PhysicLine,23175.9,-9168.1,23200.0,-9180.0
PhysicLine,23231.0,-9193.6,23269.1,-9209.1
PhysicLine,23750.0,-9380.0,23780.5,-9389.8
PhysicLine,23780.5,-9389.8,23806.1,-9397.1
PhysicLine,23806.1,-9397.1,23827.7,-9402.4
PhysicLine,23827.7,-9402.4,23846.3,-9406.3
PhysicLine,23846.3,-9406.3,23862.8,-9409.3
PhysicLine,23862.8,-9409.3,23878.1,-9411.9
PhysicLine,23878.1,-9411.9,23893.3,-9414.7
PhysicLine,23893.3,-9414.7,23909.3,-9418.1
PhysicLine,23909.3,-9418.1,23927.0,-9422.9
PhysicLine,23927.0,-9422.9,23947.3,-9429.4
PhysicLine,23971.4,-9438.3,24000.0,-9450.0
PhysicLine,24095.7,-9492.8,24129.6,-9508.9
PhysicLine,24129.6,-9508.9,24165.3,-9526.2
PhysicLine,24165.3,-9526.2,24203.1,-9545.0
PhysicLine,24203.1,-9545.0,24243.6,-9565.5
PhysicLine,24243.6,-9565.5,24287.0,-9587.8
PhysicLine,24287.0,-9587.8,24334.0,-9612.2
PhysicLine,24334.0,-9612.2,24384.8,-9638.9
PhysicLine,24384.8,-9638.9,24440.0,-9668.1
PhysicLine,24440.0,-9668.1,24500.0,-9700.0
PhysicLine,24500.0,-9700.0,24565.8,-9735.5
PhysicLine,24565.8,-9735.5,24637.7,-9774.9
PhysicLine,24637.7,-9774.9,24714.8,-9817.6
PhysicLine,24714.8,-9817.6,24796.3,-9863.0
PhysicLine,24796.3,-9863.0,24881.2,-9910.4
PhysicLine,24881.2,-9910.4,24968.8,-9959.4
PhysicLine,24968.8,-9959.4,25058.0,-10009.2
PhysicLine,25058.0,-10009.2,25148.1,-10059.3
PhysicLine,25148.1,-10059.3,25238.3,-10109.0
PhysicLine,25238.3,-10109.0,25327.5,-10157.8
PhysicLine,25327.5,-10157.8,25415.1,-10205.0
PhysicLine,25415.1,-10205.0,25500.0,-10250.0
PhysicLine,25500.0,-10250.0,25584.9,-10294.2
PhysicLine,25584.9,-10294.2,25672.5,-10339.1
PhysicLine,25672.5,-10339.1,25761.7,-10384.4
PhysicLine,25761.7,-10384.4,25851.9,-10429.6
PhysicLine,25851.9,-10429.6,25942.0,-10474.5
PhysicLine,25942.0,-10474.5,26031.2,-10518.8
PhysicLine,26031.2,-10518.8,26118.8,-10561.9
PhysicLine,26118.8,-10561.9,26203.7,-10603.7
PhysicLine,26203.7,-10603.7,26285.2,-10643.8
PhysicLine,26285.2,-10643.8,26362.3,-10681.7
PhysicLine,26362.3,-10681.7,26434.2,-10717.2
PhysicLine,26434.2,-10717.2,26500.0,-10750.0
PhysicLine,26500.0,-10750.0,26557.6,-10779.7
PhysicLine,26557.6,-10779.7,26606.5,-10806.7
PhysicLine,26606.5,-10806.7,26648.4,-10831.2
PhysicLine,26648.4,-10831.2,26685.2,-10853.7
PhysicLine,26685.2,-10853.7,26718.5,-10874.4
PhysicLine,26718.5,-10874.4,26750.0,-10893.8
PhysicLine,26750.0,-10893.8,26781.5,-10912.0
PhysicLine,26781.5,-10912.0,26814.8,-10929.6
PhysicLine,26893.5,-10964.1,26942.4,-10981.7
PhysicLine,27000.0,-11000.0,27068.4,-11018.7
PhysicLine,27068.4,-11018.7,27147.0,-11037.4
PhysicLine,27147.0,-11037.4,27233.6,-11055.9
PhysicLine,27233.6,-11055.9,27325.9,-11074.1
PhysicLine,27325.9,-11074.1,27421.7,-11091.9
PhysicLine,27421.7,-11091.9,27518.8,-11109.4
PhysicLine,27518.8,-11109.4,27614.7,-11126.3
PhysicLine,27614.7,-11126.3,27707.4,-11142.6
PhysicLine,27707.4,-11142.6,27794.5,-11158.2
PhysicLine,27794.5,-11158.2,27873.8,-11173.0
PhysicLine,27873.8,-11173.0,27943.1,-11187.0
PhysicLine,27943.1,-11187.0,28000.0,-11200.0
PhysicLine,28000.0,-11200.0,28044.8,-11211.7
PhysicLine,28044.8,-11211.7,28080.2,-11221.9
PhysicLine,28107.4,-11230.9,28127.8,-11238.9
PhysicLine,28127.8,-11238.9,28142.6,-11246.2
PhysicLine,28142.6,-11246.2,28153.1,-11253.1
PhysicLine,28153.1,-11253.1,28160.7,-11259.9
PhysicLine,28160.7,-11259.9,28166.7,-11266.7
PhysicLine,28166.7,-11266.7,28172.3,-11273.8
PhysicLine,28172.3,-11273.8,28178.8,-11281.6
PhysicLine,28178.8,-11281.6,28187.6,-11290.2
PhysicLine,28187.6,-11290.2,28200.0,-11300.0
PhysicLine,28200.0,-11300.0,28213.2,-11310.7
PhysicLine,28213.2,-11310.7,28224.2,-11321.9
PhysicLine,28224.2,-11321.9,28233.5,-11333.5
PhysicLine,28233.5,-11333.5,28241.9,-11345.6
PhysicLine,28241.9,-11345.6,28249.8,-11357.9
PhysicLine,28249.8,-11357.9,28258.1,-11370.6
PhysicLine,28258.1,-11370.6,28267.3,-11383.6
PhysicLine,28267.3,-11383.6,28278.1,-11396.7
PhysicLine,28278.1,-11396.7,28291.2,-11409.9
PhysicLine,28291.2,-11409.9,28307.1,-11423.3
PhysicLine,28307.1,-11423.3,28326.5,-11436.6
PhysicLine,28326.5,-11436.6,28350.0,-11450.0
PhysicLine,28350.0,-11450.0,28378.9,-11463.8
PhysicLine,28413.2,-11478.4,28451.8,-11493.7
PhysicLine,28451.8,-11493.7,28493.7,-11509.3
PhysicLine,28493.7,-11509.3,28537.8,-11525.0
PhysicLine,28863.1,-11633.9,28877.9,-11637.8
PhysicLine,28877.9,-11637.8,28889.6,-11640.4
PhysicLine,28889.6,-11640.4,28899.4,-11642.2
PhysicLine,28899.4,-11642.2,28908.1,-11643.8
PhysicLine,28908.1,-11643.8,28917.0,-11645.7
PhysicLine,28939.3,-11652.8,28954.8,-11659.1
PhysicLine,28974.7,-11668.0,29000.0,-11680.0
PhysicLine,29000.0,-11680.0,29028.9,-11694.3
PhysicLine,29028.9,-11694.3,29059.0,-11709.6
PhysicLine,29059.0,-11709.6,29090.8,-11726.2
PhysicLine,29090.8,-11726.2,29124.4,-11744.1
PhysicLine,29124.4,-11744.1,29160.3,-11763.4
PhysicLine,29160.3,-11763.4,29198.8,-11784.4
PhysicLine,29198.8,-11784.4,29240.0,-11807.0
PhysicLine,29240.0,-11807.0,29284.4,-11831.5
PhysicLine,29284.4,-11831.5,29332.3,-11857.9
PhysicLine,29332.3,-11857.9,29384.0,-11886.4
PhysicLine,29384.0,-11886.4,29439.8,-11917.0
PhysicLine,29439.8,-11917.0,29500.0,-11950.0
PhysicLine,29500.0,-11950.0,29565.8,-11986.2
PhysicLine,29565.8,-11986.2,29637.7,-12026.0
PhysicLine,29637.7,-12026.0,29714.8,-12069.0
PhysicLine,29714.8,-12069.0,29796.3,-12114.4
PhysicLine,29796.3,-12114.4,29881.2,-12161.8
PhysicLine,29881.2,-12161.8,29968.8,-12210.6
PhysicLine,29968.8,-12210.6,30058.0,-12260.2
PhysicLine,30058.0,-12260.2,30148.1,-12310.0
PhysicLine,30148.1,-12310.0,30238.3,-12359.5
PhysicLine,30238.3,-12359.5,30327.5,-12408.0
PhysicLine,30327.5,-12408.0,30415.1,-12455.0
PhysicLine,30415.1,-12455.0,30500.0,-12500.0
PhysicLine,30500.0,-12500.0,30584.9,-12544.2
PhysicLine,30584.9,-12544.2,30672.5,-12589.1
PhysicLine,30672.5,-12589.1,30761.7,-12634.4
PhysicLine,30761.7,-12634.4,30851.9,-12679.6
PhysicLine,30851.9,-12679.6,30942.0,-12724.5
PhysicLine,30942.0,-12724.5,31031.2,-12768.8
PhysicLine,31031.2,-12768.8,31118.8,-12811.9
PhysicLine,31118.8,-12811.9,31203.7,-12853.7
PhysicLine,31203.7,-12853.7,31285.2,-12893.8
PhysicLine,31285.2,-12893.8,31362.3,-12931.7
PhysicLine,31362.3,-12931.7,31434.2,-12967.2
PhysicLine,31434.2,-12967.2,31500.0,-13000.0
PhysicLine,31500.0,-13000.0,31560.8,-13030.4
PhysicLine,31560.8,-13030.4,31618.1,-13059.0
PhysicLine,31618.1,-13059.0,31671.9,-13085.9
PhysicLine,31671.9,-13085.9,31722.2,-13111.1
PhysicLine,31722.2,-13111.1,31769.1,-13134.5
PhysicLine,31769.1,-13134.5,31812.5,-13156.2
PhysicLine,31812.5,-13156.2,31852.4,-13176.2
PhysicLine,31852.4,-13176.2,31888.9,-13194.4
PhysicLine,31888.9,-13194.4,31921.9,-13210.9
PhysicLine,31921.9,-13210.9,31951.4,-13225.7
PhysicLine,31951.4,-13225.7,31977.4,-13238.7
PhysicLine,31977.4,-13238.7,32000.0,-13250.0
PhysicLine,32000.0,-13250.0,32033.5,-13238.1
PhysicLine,32033.5,-13238.1,32075.8,-13220.8
PhysicLine,32075.8,-13220.8,32125.7,-13199.4
PhysicLine,32125.7,-13199.4,32181.9,-13174.9
PhysicLine,32181.9,-13174.9,32243.1,-13148.4
PhysicLine,32243.1,-13148.4,32307.9,-13121.0
PhysicLine,32307.9,-13121.0,32375.0,-13093.8
PhysicLine,32375.0,-13093.8,32443.1,-13067.8
PhysicLine,32443.1,-13067.8,32511.0,-13044.2
PhysicLine,32511.0,-13044.2,32577.3,-13024.1
PhysicLine,32577.3,-13024.1,32640.6,-13008.5
PhysicLine,32640.6,-13008.5,32699.7,-12998.5
PhysicLine,32699.7,-12998.5,32753.3,-12995.4
PhysicLine,32753.3,-12995.4,32800.0,-13000.0
PhysicLine,32800.0,-13000.0,32840.4,-13014.5
PhysicLine,32840.4,-13014.5,32876.4,-13039.1
PhysicLine,32876.4,-13039.1,32908.6,-13072.0
PhysicLine,32908.6,-13072.0,32937.6,-13111.5
PhysicLine,32937.6,-13111.5,32964.2,-13156.0
PhysicLine,32964.2,-13156.0,32988.9,-13203.8
PhysicLine,32988.9,-13203.8,33012.5,-13253.1
PhysicLine,33012.5,-13253.1,33035.6,-13302.3
PhysicLine,33035.6,-13302.3,33058.8,-13349.7
PhysicLine,33058.8,-13349.7,33082.8,-13393.6
PhysicLine,33082.8,-13393.6,33108.3,-13432.2
PhysicLine,33108.3,-13432.2,33135.9,-13464.0
PhysicLine,33135.9,-13464.0,33166.2,-13487.1
PhysicLine,33166.2,-13487.1,33200.0,-13500.0
PhysicLine,33236.7,-13501.3,33275.2,-13492.1
PhysicLine,33275.2,-13492.1,33315.3,-13474.2
PhysicLine,33315.3,-13474.2,33356.9,-13449.3
PhysicLine,33356.9,-13449.3,33399.5,-13419.1
PhysicLine,33399.5,-13419.1,33443.1,-13385.4
PhysicLine,33443.1,-13385.4,33487.5,-13350.0
PhysicLine,33487.5,-13350.0,33532.4,-13314.6
PhysicLine,33532.4,-13314.6,33577.5,-13280.9
PhysicLine,33577.5,-13280.9,33622.7,-13250.7
PhysicLine,33622.7,-13250.7,33667.8,-13225.8
PhysicLine,33667.8,-13225.8,33712.5,-13207.9
PhysicLine,33712.5,-13207.9,33756.7,-13198.7
PhysicLine,33756.7,-13198.7,33800.0,-13200.0
PhysicLine,33842.9,-13213.0,33885.7,-13236.4
PhysicLine,33885.7,-13236.4,33928.6,-13268.7
PhysicLine,33928.6,-13268.7,33971.4,-13307.9
PhysicLine,33971.4,-13307.9,34014.3,-13352.3
PhysicLine,34014.3,-13352.3,34057.1,-13400.3
PhysicLine,34057.1,-13400.3,34100.0,-13450.0
PhysicLine,34100.0,-13450.0,34142.9,-13499.7
PhysicLine,34142.9,-13499.7,34185.7,-13547.7
PhysicLine,34185.7,-13547.7,34228.6,-13592.1
PhysicLine,34228.6,-13592.1,34271.4,-13631.3
PhysicLine,34271.4,-13631.3,34314.3,-13663.6
PhysicLine,34314.3,-13663.6,34357.1,-13687.0
PhysicLine,34400.0,-13700.0,34442.9,-13701.3
PhysicLine,35514.3,-13863.6,35557.1,-13887.0
PhysicLine,35600.0,-13900.0,35642.9,-13901.3
PhysicLine,35642.9,-13901.3,35685.7,-13892.1
PhysicLine,35685.7,-13892.1,35728.6,-13874.2
PhysicLine,35728.6,-13874.2,35771.4,-13849.3
PhysicLine,35985.7,-13680.9,36028.6,-13650.7
PhysicLine,36028.6,-13650.7,36071.4,-13625.8
PhysicLine,36430.7,-13744.1,36478.1,-13789.8
PhysicLine,36478.1,-13789.8,36525.0,-13837.5
PhysicLine,36525.0,-13837.5,36570.8,-13885.7
PhysicLine,36570.8,-13885.7,36615.2,-13932.9
PhysicLine,36615.2,-13932.9,36657.7,-13977.6
PhysicLine,36657.7,-13977.6,36697.9,-14018.1
PhysicLine,36697.9,-14018.1,36735.3,-14053.1
PhysicLine,37458.8,-14206.0,37525.7,-14208.1
PhysicLine,37525.7,-14208.1,37599.2,-14207.0
PhysicLine,37599.2,-14207.0,37677.8,-14203.7
PhysicLine,37677.8,-14203.7,37759.8,-14199.0
PhysicLine,37759.8,-14199.0,37843.8,-14193.8
PhysicLine,37843.8,-14193.8,37928.0,-14188.9
PhysicLine,37928.0,-14188.9,38011.1,-14185.2
PhysicLine,38011.1,-14185.2,38091.4,-14183.6
PhysicLine,38354.1,-14213.9,38400.7,-14230.3
PhysicLine,38400.7,-14230.3,38441.4,-14249.2
PhysicLine,38441.4,-14249.2,38477.8,-14270.4
PhysicLine,38477.8,-14270.4,38511.4,-14293.6
PhysicLine,38511.4,-14293.6,38543.8,-14318.8
PhysicLine,38543.8,-14318.8,38576.5,-14345.6
PhysicLine,38576.5,-14345.6,38611.1,-14374.1
PhysicLine,38611.1,-14374.1,38649.2,-14403.9
PhysicLine,38649.2,-14403.9,38692.4,-14435.0
PhysicLine,38692.4,-14435.0,38742.1,-14467.0
PhysicLine,38742.1,-14467.0,38800.0,-14500.0
PhysicLine,39448.1,-14825.9,39538.3,-14870.3
PhysicLine,41868.8,-16037.4,41888.3,-16049.1
PhysicLine,41888.3,-16049.1,41900.0,-16057.0
PhysicLine,41900.0,-16057.0,41905.5,-16062.1
PhysicLine,41905.5,-16062.1,41906.2,-16065.0
PhysicLine,41906.2,-16065.0,41903.9,-16066.5
PhysicLine,41903.9,-16066.5,41900.0,-16067.4
PhysicLine,41900.0,-16067.4,41896.1,-16068.4
PhysicLine,41896.1,-16068.4,41893.8,-16070.4
PhysicLine,41893.8,-16070.4,41894.5,-16074.0
PhysicLine,41894.5,-16074.0,41900.0,-16080.0
PhysicLine,41900.0,-16080.0,41907.4,-16087.4
PhysicLine,41907.4,-16087.4,41913.2,-16094.7
PhysicLine,41913.2,-16094.7,41918.0,-16102.0
PhysicLine,41918.0,-16102.0,41922.2,-16109.3
PhysicLine,41922.2,-16109.3,41926.5,-16116.7
PhysicLine,41926.5,-16116.7,41931.2,-16124.4
PhysicLine,41931.2,-16124.4,41937.1,-16132.4
PhysicLine,41937.1,-16132.4,41944.4,-16140.7
PhysicLine,41944.4,-16140.7,41953.9,-16149.6
PhysicLine,41953.9,-16149.6,41966.0,-16159.1
PhysicLine,41966.0,-16159.1,41981.2,-16169.2
PhysicLine,41981.2,-16169.2,42000.0,-16180.0
PhysicLine,42196.9,-16268.8,42235.9,-16284.8
PhysicLine,42439.5,-16364.0,42455.1,-16368.7
PhysicLine,42455.1,-16368.7,42468.5,-16372.2
PhysicLine,42480.2,-16374.9,42490.6,-16376.9
PhysicLine,42490.6,-16376.9,42500.2,-16378.5
PhysicLine,42500.2,-16378.5,42509.3,-16380.0
PhysicLine,42509.3,-16380.0,42518.4,-16381.6
PhysicLine,42527.9,-16383.7,42538.3,-16386.4
PhysicLine,42538.3,-16386.4,42550.0,-16390.0
PhysicLine,42550.0,-16390.0,42562.7,-16394.2
PhysicLine,42562.7,-16394.2,42575.6,-16398.4
PhysicLine,42575.6,-16398.4,42588.7,-16402.7
PhysicLine,42588.7,-16402.7,42601.9,-16407.0
PhysicLine,42689.3,-16443.5,42700.0,-16450.0
PhysicLine,42700.0,-16450.0,42709.1,-16456.7
PhysicLine,42709.1,-16456.7,42716.1,-16463.5
PhysicLine,42716.1,-16463.5,42721.5,-16470.5
PhysicLine,42721.5,-16470.5,42725.9,-16477.8
PhysicLine,42725.9,-16477.8,42730.0,-16485.3
PhysicLine,42730.0,-16485.3,42734.4,-16493.1
PhysicLine,42734.4,-16493.1,42739.6,-16501.3
PhysicLine,42739.6,-16501.3,42746.3,-16510.0
PhysicLine,42746.3,-16510.0,42755.1,-16519.1
PhysicLine,42755.1,-16519.1,42766.6,-16528.8
PhysicLine,42766.6,-16528.8,42781.3,-16539.1
PhysicLine,42781.3,-16539.1,42800.0,-16550.0
PhysicLine,42920.4,-16606.3,42958.1,-16622.5
PhysicLine,43221.3,-16727.8,43239.5,-16734.0
PhysicLine,43239.5,-16734.0,43255.1,-16738.7
PhysicLine,43255.1,-16738.7,43268.5,-16742.2
PhysicLine,43268.5,-16742.2,43280.2,-16744.9
PhysicLine,43280.2,-16744.9,43290.6,-16746.9
PhysicLine,43290.6,-16746.9,43300.2,-16748.5
PhysicLine,43300.2,-16748.5,43309.3,-16750.0
PhysicLine,43309.3,-16750.0,43318.4,-16751.6
PhysicLine,43318.4,-16751.6,43327.9,-16753.7
PhysicLine,43327.9,-16753.7,43338.3,-16756.4
PhysicLine,43338.3,-16756.4,43350.0,-16760.0
PhysicLine,43350.0,-16760.0,43362.7,-16764.2
PhysicLine,43362.7,-16764.2,43375.6,-16768.4
PhysicLine,43375.6,-16768.4,43388.7,-16772.7
PhysicLine,43388.7,-16772.7,43401.9,-16777.0
PhysicLine,43401.9,-16777.0,43415.0,-16781.6
PhysicLine,43415.0,-16781.6,43428.1,-16786.2
PhysicLine,43489.3,-16813.5,43500.0,-16820.0
PhysicLine,43500.0,-16820.0,43509.1,-16826.7
PhysicLine,43509.1,-16826.7,43516.1,-16833.4
PhysicLine,43516.1,-16833.4,43521.5,-16840.3
PhysicLine,43521.5,-16840.3,43525.9,-16847.4
PhysicLine,43525.9,-16847.4,43530.0,-16854.8
PhysicLine,43530.0,-16854.8,43534.4,-16862.5
PhysicLine,43534.4,-16862.5,43539.6,-16870.6
PhysicLine,43539.6,-16870.6,43546.3,-16879.3
PhysicLine,43546.3,-16879.3,43555.1,-16888.4
PhysicLine,43555.1,-16888.4,43566.6,-16898.2
PhysicLine,43566.6,-16898.2,43581.3,-16908.7
PhysicLine,43581.3,-16908.7,43600.0,-16920.0
PhysicLine,43832.3,-17030.2,43870.4,-17046.7
PhysicLine,43870.4,-17046.7,43907.0,-17062.3
PhysicLine,44000.0,-17100.0,44022.4,-17107.9
PhysicLine,44022.4,-17107.9,44040.3,-17113.0
PhysicLine,44040.3,-17113.0,44054.7,-17115.8
PhysicLine,44054.7,-17115.8,44066.7,-17117.0
PhysicLine,44066.7,-17117.0,44077.3,-17117.4
PhysicLine,44077.3,-17117.4,44087.5,-17117.5
PhysicLine,44087.5,-17117.5,44098.4,-17118.0
PhysicLine,44098.4,-17118.0,44111.1,-17119.6
PhysicLine,44111.1,-17119.6,44126.6,-17123.0
PhysicLine,44126.6,-17123.0,44145.8,-17128.7
PhysicLine,44145.8,-17128.7,44170.0,-17137.5
PhysicLine,44272.2,-17183.2,44312.5,-17202.7
PhysicLine,46310.9,-18223.0,46369.4,-18249.2
PhysicLine,46432.1,-18274.8,46500.0,-18300.0
PhysicLine,46500.0,-18300.0,46575.1,-18325.0
PhysicLine,46575.1,-18325.0,46657.4,-18349.8
PhysicLine,46657.4,-18349.8,46745.3,-18374.2
PhysicLine,46745.3,-18374.2,46837.0,-18398.1
PhysicLine,46837.0,-18398.1,46930.8,-18421.4
PhysicLine,46930.8,-18421.4,47025.0,-18443.8
PhysicLine,47025.0,-18443.8,47117.8,-18465.1
PhysicLine,47117.8,-18465.1,47207.4,-18485.2
PhysicLine,47207.4,-18485.2,47292.2,-18503.9
PhysicLine,47292.2,-18503.9,47370.4,-18521.1
PhysicLine,47370.4,-18521.1,47440.2,-18536.5
PhysicLine,47440.2,-18536.5,47500.0,-18550.0
PhysicLine,47500.0,-18550.0,47547.6,-18561.0
PhysicLine,47547.6,-18561.0,47583.6,-18569.3
PhysicLine,47583.6,-18569.3,47610.2,-18575.4
PhysicLine,47610.2,-18575.4,47629.6,-18579.6
PhysicLine,47629.6,-18579.6,47644.2,-18582.5
PhysicLine,47644.2,-18582.5,47656.2,-18584.4
PhysicLine,47656.2,-18584.4,47667.9,-18585.7
PhysicLine,47667.9,-18585.7,47681.5,-18587.0
PhysicLine,47681.5,-18587.0,47699.2,-18588.7
PhysicLine,47699.2,-18588.7,47723.4,-18591.1
PhysicLine,47723.4,-18591.1,47756.2,-18594.7
PhysicLine,47756.2,-18594.7,47800.0,-18600.0
PhysicLine,47800.0,-18600.0,47855.3,-18605.9
PhysicLine,47855.3,-18605.9,47919.9,-18611.5
PhysicLine,47919.9,-18611.5,47992.2,-18616.8
PhysicLine,47992.2,-18616.8,48070.4,-18622.2
PhysicLine,48070.4,-18622.2,48152.7,-18628.0
PhysicLine,48152.7,-18628.0,48237.5,-18634.4
PhysicLine,48237.5,-18634.4,48323.0,-18641.6
PhysicLine,48323.0,-18641.6,48407.4,-18650.0
PhysicLine,48407.4,-18650.0,48489.1,-18659.8
PhysicLine,48489.1,-18659.8,48566.2,-18671.2
PhysicLine,48566.2,-18671.2,48637.1,-18684.5
PhysicLine,48637.1,-18684.5,48700.0,-18700.0
PhysicLine,48700.0,-18700.0,48754.7,-18717.4
PhysicLine,48803.0,-18736.1,48846.1,-18756.2
PhysicLine,48846.1,-18756.2,48885.2,-18777.8
PhysicLine,52916.7,-21253.5,53000.0,-21300.0
PhysicLine,53000.0,-21300.0,53083.3,-21345.5
PhysicLine,53333.3,-21477.8,53416.7,-21520.5
PhysicLine,53416.7,-21520.5,53500.0,-21562.5
PhysicLine,54238.3,-21904.7,54314.8,-21937.0
PhysicLine,54314.8,-21937.0,54391.3,-21968.7
PhysicLine,54391.3,-21968.7,54468.8,-22000.0
PhysicLine,54468.8,-22000.0,54547.9,-22031.3
PhysicLine,54547.9,-22031.3,54629.6,-22063.0
PhysicLine,54629.6,-22063.0,54714.8,-22095.3
PhysicLine,54714.8,-22095.3,54804.4,-22128.7
PhysicLine,54804.4,-22128.7,54899.2,-22163.5
PhysicLine,54899.2,-22163.5,55000.0,-22200.0
PhysicLine,55110.7,-22239.1,55232.6,-22281.0
PhysicLine,55232.6,-22281.0,55363.3,-22325.0
PhysicLine,55363.3,-22325.0,55500.0,-22370.4
PhysicLine,55500.0,-22370.4,55640.2,-22416.4
PhysicLine,55640.2,-22416.4,55781.2,-22462.5
PhysicLine,55781.2,-22462.5,55920.6,-22507.9
PhysicLine,55920.6,-22507.9,56055.6,-22551.9
PhysicLine,56055.6,-22551.9,56183.6,-22593.8
PhysicLine,56183.6,-22593.8,56302.1,-22632.9
PhysicLine,56302.1,-22632.9,56408.4,-22668.5
PhysicLine,56408.4,-22668.5,56500.0,-22700.0
PhysicLine,56500.0,-22700.0,56575.1,-22726.5
PhysicLine,56683.6,-22766.4,56722.2,-22781.5
PhysicLine,56722.2,-22781.5,56753.9,-22794.5
PhysicLine,56944.0,-22877.3,57000.0,-22900.0
PhysicLine,57000.0,-22900.0,57065.8,-22926.6
PhysicLine,57065.8,-22926.6,57137.7,-22956.2
PhysicLine,57137.7,-22956.2,57214.8,-22988.3
PhysicLine,57214.8,-22988.3,57296.3,-23022.2
PhysicLine,57296.3,-23022.2,57381.2,-23057.6
PhysicLine,57381.2,-23057.6,57468.8,-23093.8
PhysicLine,57468.8,-23093.8,57558.0,-23130.3
PhysicLine,57558.0,-23130.3,57648.1,-23166.7
PhysicLine,57648.1,-23166.7,57738.3,-23202.3
PhysicLine,57738.3,-23202.3,57827.5,-23236.8
PhysicLine,57827.5,-23236.8,57915.1,-23269.5
PhysicLine,57915.1,-23269.5,58000.0,-23300.0
PhysicLine,58000.0,-23300.0,58083.3,-23328.8
PhysicLine,58083.3,-23328.8,58166.7,-23356.9
PhysicLine,58166.7,-23356.9,58250.0,-23384.4
PhysicLine,58750.0,-23534.4,58833.3,-23556.9
PhysicLine,58833.3,-23556.9,58916.7,-23578.8
PhysicLine,58916.7,-23578.8,59000.0,-23600.0
PhysicLine,3140.0,-30.0,3145.0,-65.1
PhysicLine,3145.0,-65.1,3159.8,-98.9
PhysicLine,3159.8,-98.9,3183.8,-130.0
PhysicLine,3183.8,-130.0,3216.2,-157.3
PhysicLine,3216.2,-157.3,3255.6,-179.7
PhysicLine,3255.6,-179.7,3300.5,-196.3
PhysicLine,3300.5,-196.3,3349.3,-206.5
PhysicLine,3349.3,-206.5,3400.0,-210.0
PhysicLine,3400.0,-210.0,3450.7,-206.5
PhysicLine,3450.7,-206.5,3499.5,-196.3
PhysicLine,3499.5,-196.3,3544.4,-179.7
PhysicLine,3544.4,-179.7,3583.8,-157.3
PhysicLine,3583.8,-157.3,3616.2,-130.0
PhysicLine,3616.2,-130.0,3640.2,-98.9
PhysicLine,3640.2,-98.9,3655.0,-65.1
PhysicLine,3655.0,-65.1,3660.0,-30.0
PhysicLine,3660.0,-30.0,3655.0,5.1
PhysicLine,3655.0,5.1,3640.2,38.9
PhysicLine,3640.2,38.9,3616.2,70.0
PhysicLine,3616.2,70.0,3583.8,97.3
PhysicLine,3583.8,97.3,3544.4,119.7
PhysicLine,3499.5,136.3,3450.7,146.5
PhysicLine,3450.7,146.5,3400.0,150.0
PhysicLine,3400.0,150.0,3349.3,146.5
PhysicLine,3349.3,146.5,3300.5,136.3
PhysicLine,3300.5,136.3,3255.6,119.7
PhysicLine,3255.6,119.7,3216.2,97.3
PhysicLine,3216.2,97.3,3183.8,70.0
PhysicLine,3183.8,70.0,3159.8,38.9
PhysicLine,3159.8,38.9,3145.0,5.1
PhysicLine,3145.0,5.1,3140.0,-30.0
PhysicLine,11200.0,-3750.0,11205.8,-3791.0
PhysicLine,11205.8,-3791.0,11222.8,-3830.4
PhysicLine,11222.8,-3830.4,11250.6,-3866.7
PhysicLine,11250.6,-3866.7,11287.9,-3898.5
PhysicLine,11287.9,-3898.5,11333.3,-3924.6
PhysicLine,11333.3,-3924.6,11385.2,-3944.0
PhysicLine,11385.2,-3944.0,11441.5,-3956.0
PhysicLine,11441.5,-3956.0,11500.0,-3960.0
PhysicLine,11500.0,-3960.0,11558.5,-3956.0
PhysicLine,11558.5,-3956.0,11614.8,-3944.0
PhysicLine,11614.8,-3944.0,11666.7,-3924.6
PhysicLine,11666.7,-3924.6,11712.1,-3898.5
PhysicLine,11712.1,-3898.5,11749.4,-3866.7
PhysicLine,11749.4,-3866.7,11777.2,-3830.4
PhysicLine,11777.2,-3830.4,11794.2,-3791.0
PhysicLine,11794.2,-3791.0,11800.0,-3750.0
PhysicLine,11800.0,-3750.0,11794.2,-3709.0
PhysicLine,11794.2,-3709.0,11777.2,-3669.6
PhysicLine,11777.2,-3669.6,11749.4,-3633.3
PhysicLine,11749.4,-3633.3,11712.1,-3601.5
PhysicLine,11712.1,-3601.5,11666.7,-3575.4
PhysicLine,11666.7,-3575.4,11614.8,-3556.0
PhysicLine,11614.8,-3556.0,11558.5,-3544.0
PhysicLine,11558.5,-3544.0,11500.0,-3540.0
PhysicLine,11500.0,-3540.0,11441.5,-3544.0
PhysicLine,11441.5,-3544.0,11385.2,-3556.0
PhysicLine,11385.2,-3556.0,11333.3,-3575.4
PhysicLine,11333.3,-3575.4,11287.9,-3601.5
PhysicLine,11287.9,-3601.5,11250.6,-3633.3
PhysicLine,11250.6,-3633.3,11222.8,-3669.6
PhysicLine,11222.8,-3669.6,11205.8,-3709.0
PhysicLine,11205.8,-3709.0,11200.0,-3750.0
PhysicLine,19140.0,-7450.0,19146.9,-7498.8
PhysicLine,19146.9,-7498.8,19167.4,-7545.7
PhysicLine,19167.4,-7545.7,19200.7,-7588.9
PhysicLine,19200.7,-7588.9,19245.4,-7626.8
PhysicLine,19245.4,-7626.8,19300.0,-7657.9
PhysicLine,19362.2,-7681.0,19429.8,-7695.2
PhysicLine,19429.8,-7695.2,19500.0,-7700.0
PhysicLine,19500.0,-7700.0,19570.2,-7695.2
PhysicLine,19570.2,-7695.2,19637.8,-7681.0
PhysicLine,19637.8,-7681.0,19700.0,-7657.9
PhysicLine,19700.0,-7657.9,19754.6,-7626.8
PhysicLine,19754.6,-7626.8,19799.3,-7588.9
PhysicLine,19799.3,-7588.9,19832.6,-7545.7
PhysicLine,19832.6,-7545.7,19853.1,-7498.8
PhysicLine,19853.1,-7498.8,19860.0,-7450.0
PhysicLine,19860.0,-7450.0,19853.1,-7401.2
PhysicLine,19853.1,-7401.2,19832.6,-7354.3
PhysicLine,19832.6,-7354.3,19799.3,-7311.1
PhysicLine,19799.3,-7311.1,19754.6,-7273.2
PhysicLine,19754.6,-7273.2,19700.0,-7242.1
PhysicLine,19700.0,-7242.1,19637.8,-7219.0
PhysicLine,19637.8,-7219.0,19570.2,-7204.8
PhysicLine,19570.2,-7204.8,19500.0,-7200.0
PhysicLine,19500.0,-7200.0,19429.8,-7204.8
PhysicLine,19429.8,-7204.8,19362.2,-7219.0
PhysicLine,19362.2,-7219.0,19300.0,-7242.1
PhysicLine,19300.0,-7242.1,19245.4,-7273.2
PhysicLine,19245.4,-7273.2,19200.7,-7311.1
PhysicLine,19200.7,-7311.1,19167.4,-7354.3
PhysicLine,19167.4,-7354.3,19146.9,-7401.2
PhysicLine,19146.9,-7401.2,19140.0,-7450.0
PhysicLine,27200.0,-11250.0,27205.8,-11289.0
PhysicLine,27205.8,-11289.0,27222.8,-11326.5
PhysicLine,27222.8,-11326.5,27250.6,-11361.1
PhysicLine,27250.6,-11361.1,27287.9,-11391.4
PhysicLine,27287.9,-11391.4,27333.3,-11416.3
PhysicLine,27333.3,-11416.3,27385.2,-11434.8
PhysicLine,27385.2,-11434.8,27441.5,-11446.2
PhysicLine,27441.5,-11446.2,27500.0,-11450.0
PhysicLine,27500.0,-11450.0,27558.5,-11446.2
PhysicLine,27558.5,-11446.2,27614.8,-11434.8
PhysicLine,27614.8,-11434.8,27666.7,-11416.3
PhysicLine,27666.7,-11416.3,27712.1,-11391.4
PhysicLine,27712.1,-11391.4,27749.4,-11361.1
PhysicLine,27749.4,-11361.1,27777.2,-11326.5
PhysicLine,27777.2,-11326.5,27794.2,-11289.0
PhysicLine,27794.2,-11289.0,27800.0,-11250.0
PhysicLine,27800.0,-11250.0,27794.2,-11211.0
PhysicLine,27794.2,-11211.0,27777.2,-11173.5
PhysicLine,27777.2,-11173.5,27749.4,-11138.9
PhysicLine,27749.4,-11138.9,27712.1,-11108.6
PhysicLine,27712.1,-11108.6,27666.7,-11083.7
PhysicLine,27614.8,-11065.2,27558.5,-11053.8
PhysicLine,27558.5,-11053.8,27500.0,-11050.0
PhysicLine,27500.0,-11050.0,27441.5,-11053.8
PhysicLine,27441.5,-11053.8,27385.2,-11065.2
PhysicLine,27385.2,-11065.2,27333.3,-11083.7
PhysicLine,27333.3,-11083.7,27287.9,-11108.6
PhysicLine,27287.9,-11108.6,27250.6,-11138.9
PhysicLine,27250.6,-11138.9,27222.8,-11173.5
PhysicLine,27222.8,-11173.5,27205.8,-11211.0
PhysicLine,27205.8,-11211.0,27200.0,-11250.0
PhysicLine,46720.0,-18600.0,46725.4,-18637.1
PhysicLine,46725.4,-18637.1,46741.3,-18672.7
PhysicLine,46741.3,-18672.7,46767.2,-18705.6
PhysicLine,46767.2,-18705.6,46802.0,-18734.4
PhysicLine,46844.4,-18758.0,46892.8,-18775.5
PhysicLine,46892.8,-18775.5,46945.4,-18786.3
PhysicLine,46945.4,-18786.3,47000.0,-18790.0
PhysicLine,47000.0,-18790.0,47054.6,-18786.3
PhysicLine,47054.6,-18786.3,47107.2,-18775.5
PhysicLine,47107.2,-18775.5,47155.6,-18758.0
PhysicLine,47155.6,-18758.0,47198.0,-18734.4
PhysicLine,47198.0,-18734.4,47232.8,-18705.6
PhysicLine,47232.8,-18705.6,47258.7,-18672.7
PhysicLine,47258.7,-18672.7,47274.6,-18637.1
PhysicLine,47274.6,-18637.1,47280.0,-18600.0
PhysicLine,47280.0,-18600.0,47274.6,-18562.9
PhysicLine,47274.6,-18562.9,47258.7,-18527.3
PhysicLine,47258.7,-18527.3,47232.8,-18494.4
PhysicLine,47232.8,-18494.4,47198.0,-18465.6
PhysicLine,47155.6,-18442.0,47107.2,-18424.5
PhysicLine,47107.2,-18424.5,47054.6,-18413.7
PhysicLine,47054.6,-18413.7,47000.0,-18410.0
PhysicLine,47000.0,-18410.0,46945.4,-18413.7
PhysicLine,46945.4,-18413.7,46892.8,-18424.5
PhysicLine,46892.8,-18424.5,46844.4,-18442.0
PhysicLine,46844.4,-18442.0,46802.0,-18465.6
PhysicLine,46802.0,-18465.6,46767.2,-18494.4
PhysicLine,46767.2,-18494.4,46741.3,-18527.3
PhysicLine,46741.3,-18527.3,46725.4,-18562.9
PhysicLine,46725.4,-18562.9,46720.0,-18600.0
PhysicLine,47940.0,-18750.0,47945.0,-18785.1
PhysicLine,47945.0,-18785.1,47959.8,-18818.9
PhysicLine,47959.8,-18818.9,47983.8,-18850.0
PhysicLine,47983.8,-18850.0,48016.2,-18877.3
PhysicLine,48055.6,-18899.7,48100.5,-18916.3
PhysicLine,48100.5,-18916.3,48149.3,-18926.5
PhysicLine,48149.3,-18926.5,48200.0,-18930.0
PhysicLine,48200.0,-18930.0,48250.7,-18926.5
PhysicLine,48250.7,-18926.5,48299.5,-18916.3
PhysicLine,48299.5,-18916.3,48344.4,-18899.7
PhysicLine,48344.4,-18899.7,48383.8,-18877.3
PhysicLine,48383.8,-18877.3,48416.2,-18850.0
PhysicLine,48416.2,-18850.0,48440.2,-18818.9
PhysicLine,48440.2,-18818.9,48455.0,-18785.1
PhysicLine,48455.0,-18785.1,48460.0,-18750.0
PhysicLine,48460.0,-18750.0,48455.0,-18714.9
PhysicLine,48455.0,-18714.9,48440.2,-18681.1
PhysicLine,48440.2,-18681.1,48416.2,-18650.0
PhysicLine,48416.2,-18650.0,48383.8,-18622.7
PhysicLine,48383.8,-18622.7,48344.4,-18600.3
PhysicLine,48299.5,-18583.7,48250.7,-18573.5
PhysicLine,48250.7,-18573.5,48200.0,-18570.0
PhysicLine,48200.0,-18570.0,48149.3,-18573.5
PhysicLine,48149.3,-18573.5,48100.5,-18583.7
PhysicLine,48100.5,-18583.7,48055.6,-18600.3
PhysicLine,48055.6,-18600.3,48016.2,-18622.7
PhysicLine,48016.2,-18622.7,47983.8,-18650.0
PhysicLine,47983.8,-18650.0,47959.8,-18681.1
PhysicLine,47959.8,-18681.1,47945.0,-18714.9
PhysicLine,47945.0,-18714.9,47940.0,-18750.0
PhysicLine,56490.4,-22866.3,56500.0,-22800.0
PhysicLine,56500.0,-22800.0,56490.4,-22733.7
PhysicLine,56490.4,-22733.7,56461.9,-22669.9
PhysicLine,56461.9,-22669.9,56415.7,-22611.1
PhysicLine,56415.7,-22611.1,56353.6,-22559.6
PhysicLine,56353.6,-22559.6,56277.8,-22517.3
PhysicLine,56277.8,-22517.3,56191.3,-22485.9
PhysicLine,56191.3,-22485.9,56097.5,-22466.5
PhysicLine,56097.5,-22466.5,56000.0,-22460.0
PhysicLine,56000.0,-22460.0,55902.5,-22466.5
PhysicLine,6900.0,-1600.0,6907.7,-1604.9
PhysicLine,6907.7,-1604.9,6918.0,-1611.7
PhysicLine,6918.0,-1611.7,6930.2,-1619.9
PhysicLine,6930.2,-1619.9,6943.8,-1628.8
PhysicLine,6943.8,-1628.8,6958.1,-1637.8
PhysicLine,6958.1,-1637.8,6972.7,-1646.4
PhysicLine,6972.7,-1646.4,6986.8,-1654.0
PhysicLine,7000.0,-1660.0,7012.6,-1664.0
PhysicLine,7012.6,-1664.0,7025.5,-1666.4
PhysicLine,7025.5,-1666.4,7038.4,-1667.8
PhysicLine,7038.4,-1667.8,7051.2,-1668.8
PhysicLine,7051.2,-1668.8,7064.0,-1669.9
PhysicLine,7064.0,-1669.9,7076.4,-1671.7
PhysicLine,7076.4,-1671.7,7088.5,-1674.9
PhysicLine,7100.0,-1680.0,7111.5,-1687.7
PhysicLine,7111.5,-1687.7,7123.3,-1697.7
PhysicLine,7123.3,-1697.7,7135.0,-1709.1
PhysicLine,7135.0,-1709.1,7146.2,-1721.2
PhysicLine,7146.2,-1721.2,7156.7,-1733.2
PhysicLine,7156.7,-1733.2,7166.1,-1744.2
PhysicLine,7166.1,-1744.2,7174.0,-1753.4
PhysicLine,7174.0,-1753.4,7180.0,-1760.0
PhysicLine,7680.0,-1940.0,7695.7,-1943.3
PhysicLine,7695.7,-1943.3,7717.0,-1947.8
PhysicLine,7717.0,-1947.8,7742.5,-1953.1
PhysicLine,7742.5,-1953.1,7770.7,-1958.9
PhysicLine,7770.7,-1958.9,7800.4,-1964.7
PhysicLine,7800.4,-1964.7,7830.0,-1970.0
PhysicLine,7830.0,-1970.0,7862.8,-1975.3
PhysicLine,7862.8,-1975.3,7900.4,-1981.1
PhysicLine,7900.4,-1981.1,7939.4,-1986.9
PhysicLine,7939.4,-1986.9,7976.3,-1992.2
PhysicLine,7976.3,-1992.2,8007.7,-1996.7
PhysicLine,8007.7,-1996.7,8030.0,-2000.0
PhysicLine,14900.0,-5200.0,14907.7,-5204.9
PhysicLine,14907.7,-5204.9,14918.0,-5211.7
PhysicLine,14918.0,-5211.7,14930.2,-5219.9
PhysicLine,14930.2,-5219.9,14943.8,-5228.8
PhysicLine,14943.8,-5228.8,14958.1,-5237.8
PhysicLine,14958.1,-5237.8,14972.7,-5246.4
PhysicLine,14972.7,-5246.4,14986.8,-5254.0
PhysicLine,14986.8,-5254.0,15000.0,-5260.0
PhysicLine,15000.0,-5260.0,15012.6,-5264.0
PhysicLine,15012.6,-5264.0,15025.5,-5266.4
PhysicLine,15025.5,-5266.4,15038.4,-5267.8
PhysicLine,15038.4,-5267.8,15051.2,-5268.8
PhysicLine,15051.2,-5268.8,15064.0,-5269.9
PhysicLine,15064.0,-5269.9,15076.4,-5271.7
PhysicLine,15076.4,-5271.7,15088.5,-5274.9
PhysicLine,15100.0,-5280.0,15111.5,-5287.7
PhysicLine,15111.5,-5287.7,15123.3,-5297.7
PhysicLine,15123.3,-5297.7,15135.0,-5309.1
PhysicLine,15135.0,-5309.1,15146.2,-5321.2
PhysicLine,15146.2,-5321.2,15156.7,-5333.2
PhysicLine,15156.7,-5333.2,15166.1,-5344.2
PhysicLine,15166.1,-5344.2,15174.0,-5353.4
PhysicLine,15174.0,-5353.4,15180.0,-5360.0
PhysicLine,15580.0,-5490.0,15595.7,-5493.3
PhysicLine,15595.7,-5493.3,15617.0,-5497.8
PhysicLine,15617.0,-5497.8,15642.5,-5503.1
PhysicLine,15642.5,-5503.1,15670.7,-5508.9
PhysicLine,15670.7,-5508.9,15700.4,-5514.7
PhysicLine,15700.4,-5514.7,15730.0,-5520.0
PhysicLine,15730.0,-5520.0,15762.8,-5525.3
PhysicLine,15762.8,-5525.3,15800.4,-5531.1
PhysicLine,15800.4,-5531.1,15839.4,-5536.9
PhysicLine,15839.4,-5536.9,15876.3,-5542.2
PhysicLine,15876.3,-5542.2,15907.7,-5546.7
PhysicLine,15907.7,-5546.7,15930.0,-5550.0
PhysicLine,15900.0,-5600.0,15911.5,-5611.3
PhysicLine,15911.5,-5611.3,15927.8,-5627.4
PhysicLine,15927.8,-5627.4,15946.9,-5646.2
PhysicLine,15946.9,-5646.2,15966.7,-5665.9
PhysicLine,15966.7,-5665.9,15985.1,-5684.5
PhysicLine,15985.1,-5684.5,16000.0,-5700.0
PhysicLine,16000.0,-5700.0,16011.8,-5713.0
PhysicLine,16011.8,-5713.0,16022.2,-5725.2
PhysicLine,16022.2,-5725.2,16031.2,-5736.2
PhysicLine,16031.2,-5736.2,16038.9,-5745.9
PhysicLine,16038.9,-5745.9,16045.1,-5753.9
PhysicLine,16045.1,-5753.9,16050.0,-5760.0
PhysicLine,16440.0,-5870.0,16457.5,-5875.6
PhysicLine,16457.5,-5875.6,16481.9,-5883.3
PhysicLine,16481.9,-5883.3,16510.6,-5892.5
PhysicLine,16510.6,-5892.5,16541.5,-5902.2
PhysicLine,16541.5,-5902.2,16572.1,-5911.7
PhysicLine,16572.1,-5911.7,16600.0,-5920.0
PhysicLine,16600.0,-5920.0,16627.3,-5927.7
PhysicLine,16627.3,-5927.7,16656.3,-5935.6
PhysicLine,16656.3,-5935.6,16685.0,-5943.1
PhysicLine,16685.0,-5943.1,16711.5,-5950.0
PhysicLine,16711.5,-5950.0,16733.8,-5955.8
PhysicLine,16733.8,-5955.8,16750.0,-5960.0
PhysicLine,22900.0,-9000.0,22907.7,-9004.9
PhysicLine,22907.7,-9004.9,22918.0,-9011.7
PhysicLine,22918.0,-9011.7,22930.2,-9019.9
PhysicLine,22930.2,-9019.9,22943.8,-9028.8
PhysicLine,22943.8,-9028.8,22958.1,-9037.8
PhysicLine,22958.1,-9037.8,22972.7,-9046.4
PhysicLine,22972.7,-9046.4,22986.8,-9054.0
PhysicLine,22986.8,-9054.0,23000.0,-9060.0
PhysicLine,23000.0,-9060.0,23012.6,-9064.0
PhysicLine,23012.6,-9064.0,23025.5,-9066.4
PhysicLine,23025.5,-9066.4,23038.4,-9067.8
PhysicLine,23038.4,-9067.8,23051.2,-9068.8
PhysicLine,23051.2,-9068.8,23064.0,-9069.9
PhysicLine,23064.0,-9069.9,23076.4,-9071.7
PhysicLine,23076.4,-9071.7,23088.5,-9074.9
PhysicLine,23100.0,-9080.0,23111.5,-9087.7
PhysicLine,23111.5,-9087.7,23123.3,-9097.7
PhysicLine,23123.3,-9097.7,23135.0,-9109.1
PhysicLine,23135.0,-9109.1,23146.2,-9121.2
PhysicLine,23146.2,-9121.2,23156.7,-9133.2
PhysicLine,23156.7,-9133.2,23166.1,-9144.2
PhysicLine,23166.1,-9144.2,23174.0,-9153.4
PhysicLine,23174.0,-9153.4,23180.0,-9160.0
PhysicLine,23730.0,-9370.0,23745.7,-9373.3
PhysicLine,23745.7,-9373.3,23767.0,-9377.8
PhysicLine,23767.0,-9377.8,23792.5,-9383.1
PhysicLine,23792.5,-9383.1,23820.7,-9388.9
PhysicLine,23820.7,-9388.9,23850.4,-9394.7
PhysicLine,23850.4,-9394.7,23880.0,-9400.0
PhysicLine,23880.0,-9400.0,23912.8,-9405.3
PhysicLine,23912.8,-9405.3,23950.4,-9411.1
PhysicLine,23950.4,-9411.1,23989.4,-9416.9
PhysicLine,23989.4,-9416.9,24026.3,-9422.2
PhysicLine,24026.3,-9422.2,24057.7,-9426.7
PhysicLine,24057.7,-9426.7,24080.0,-9430.0
PhysicLine,28000.0,-11220.0,28007.7,-11224.9
PhysicLine,28007.7,-11224.9,28018.0,-11231.7
PhysicLine,28018.0,-11231.7,28030.2,-11239.9
PhysicLine,28030.2,-11239.9,28043.8,-11248.8
PhysicLine,28043.8,-11248.8,28058.1,-11257.8
PhysicLine,28058.1,-11257.8,28072.7,-11266.4
PhysicLine,28072.7,-11266.4,28086.8,-11274.0
PhysicLine,28112.6,-11284.0,28125.5,-11286.4
PhysicLine,28125.5,-11286.4,28138.4,-11287.8
PhysicLine,28138.4,-11287.8,28151.2,-11288.8
PhysicLine,28151.2,-11288.8,28164.0,-11289.9
PhysicLine,28164.0,-11289.9,28176.4,-11291.7
PhysicLine,28176.4,-11291.7,28188.5,-11294.9
PhysicLine,28200.0,-11300.0,28211.5,-11307.7
PhysicLine,28211.5,-11307.7,28223.3,-11317.7
PhysicLine,28223.3,-11317.7,28235.0,-11329.1
PhysicLine,28235.0,-11329.1,28246.2,-11341.2
PhysicLine,28246.2,-11341.2,28256.7,-11353.2
PhysicLine,28256.7,-11353.2,28266.1,-11364.2
PhysicLine,28266.1,-11364.2,28274.0,-11373.4
PhysicLine,28274.0,-11373.4,28280.0,-11380.0
PhysicLine,28800.0,-11610.0,28815.7,-11613.3
PhysicLine,28815.7,-11613.3,28837.0,-11617.8
PhysicLine,28837.0,-11617.8,28862.5,-11623.1
PhysicLine,28862.5,-11623.1,28890.7,-11628.9
PhysicLine,28890.7,-11628.9,28920.4,-11634.7
PhysicLine,28920.4,-11634.7,28950.0,-11640.0
PhysicLine,28950.0,-11640.0,28982.8,-11645.3
PhysicLine,28982.8,-11645.3,29020.4,-11651.1
PhysicLine,29020.4,-11651.1,29059.4,-11656.9
PhysicLine,29059.4,-11656.9,29096.3,-11662.2
PhysicLine,29096.3,-11662.2,29127.7,-11666.7
PhysicLine,29127.7,-11666.7,29150.0,-11670.0
PhysicLine,41900.0,-16080.0,41911.5,-16091.3
PhysicLine,41911.5,-16091.3,41927.8,-16107.4
PhysicLine,41927.8,-16107.4,41946.9,-16126.2
PhysicLine,41946.9,-16126.2,41966.7,-16145.9
PhysicLine,41966.7,-16145.9,41985.1,-16164.5
PhysicLine,41985.1,-16164.5,42000.0,-16180.0
PhysicLine,42000.0,-16180.0,42011.8,-16193.0
PhysicLine,42011.8,-16193.0,42022.2,-16205.2
PhysicLine,42022.2,-16205.2,42031.2,-16216.2
PhysicLine,42031.2,-16216.2,42038.9,-16225.9
PhysicLine,42038.9,-16225.9,42045.1,-16233.9
PhysicLine,42045.1,-16233.9,42050.0,-16240.0
PhysicLine,42390.0,-16340.0,42408.8,-16345.4
PhysicLine,42408.8,-16345.4,42435.2,-16353.0
PhysicLine,42435.2,-16353.0,42466.2,-16361.9
PhysicLine,42466.2,-16361.9,42499.3,-16371.5
PhysicLine,42499.3,-16371.5,42531.4,-16381.1
PhysicLine,42531.4,-16381.1,42560.0,-16390.0
PhysicLine,42560.0,-16390.0,42586.7,-16398.9
PhysicLine,42800.0,-16550.0,42811.5,-16561.3
PhysicLine,42811.5,-16561.3,42827.8,-16577.4
PhysicLine,42827.8,-16577.4,42846.9,-16596.2
PhysicLine,42846.9,-16596.2,42866.7,-16615.9
PhysicLine,42866.7,-16615.9,42885.1,-16634.5
PhysicLine,42885.1,-16634.5,42900.0,-16650.0
PhysicLine,42900.0,-16650.0,42911.8,-16663.0
PhysicLine,42911.8,-16663.0,42922.2,-16675.2
PhysicLine,42922.2,-16675.2,42931.2,-16686.2
PhysicLine,42931.2,-16686.2,42938.9,-16695.9
PhysicLine,42938.9,-16695.9,42945.1,-16703.9
PhysicLine,42945.1,-16703.9,42950.0,-16710.0
PhysicLine,43190.0,-16710.0,43208.8,-16715.4
PhysicLine,43208.8,-16715.4,43235.2,-16723.0
PhysicLine,43235.2,-16723.0,43266.2,-16731.9
PhysicLine,43266.2,-16731.9,43299.3,-16741.5
PhysicLine,43299.3,-16741.5,43331.4,-16751.1
PhysicLine,43331.4,-16751.1,43360.0,-16760.0
PhysicLine,43360.0,-16760.0,43386.7,-16768.9
PhysicLine,43386.7,-16768.9,43414.1,-16778.5
PhysicLine,43600.0,-16920.0,43611.5,-16931.3
PhysicLine,43611.5,-16931.3,43627.8,-16947.4
PhysicLine,43627.8,-16947.4,43646.9,-16966.2
PhysicLine,43646.9,-16966.2,43666.7,-16985.9
PhysicLine,43666.7,-16985.9,43685.1,-17004.5
PhysicLine,43685.1,-17004.5,43700.0,-17020.0
PhysicLine,43700.0,-17020.0,43711.8,-17033.0
PhysicLine,43711.8,-17033.0,43722.2,-17045.2
PhysicLine,43722.2,-17045.2,43731.2,-17056.2
PhysicLine,43731.2,-17056.2,43738.9,-17065.9
PhysicLine,43738.9,-17065.9,43745.1,-17073.9
PhysicLine,43745.1,-17073.9,43750.0,-17080.0
PhysicLine,43990.0,-17090.0,44014.3,-17096.6
PhysicLine,44014.3,-17096.6,44048.1,-17105.9
PhysicLine,44048.1,-17105.9,44088.1,-17116.9
PhysicLine,44088.1,-17116.9,44130.7,-17128.5
PhysicLine,44130.7,-17128.5,44172.5,-17139.9
PhysicLine,44172.5,-17139.9,44210.0,-17150.0
PhysicLine,44210.0,-17150.0,44245.6,-17159.5
PhysicLine,44245.6,-17159.5,44282.6,-17169.3
PhysicLine,44282.6,-17169.3,44318.8,-17178.8
PhysicLine,44318.8,-17178.8,44351.9,-17187.4
PhysicLine,44351.9,-17187.4,44379.7,-17194.7
PhysicLine,44379.7,-17194.7,44400.0,-17200.0
DecoLine,0.0,2500.0,300.0,2781.8
DecoLine,300.0,2781.8,600.0,3027.5
DecoLine,600.0,3027.5,900.0,3205.6
DecoLine,900.0,3205.6,1200.0,3293.2
DecoLine,1200.0,3293.2,1500.0,3279.1
DecoLine,1500.0,3279.1,1800.0,3165.1
DecoLine,1800.0,3165.1,2100.0,2965.9
DecoLine,2100.0,2965.9,2400.0,2706.9
DecoLine,2400.0,2706.9,2700.0,2421.4
DecoLine,2700.0,2421.4,3000.0,2146.0
DecoLine,3000.0,2146.0,3300.0,1916.0
DecoLine,3300.0,1916.0,3600.0,1760.8
DecoLine,3600.0,1760.8,3900.0,1700.4
DecoLine,4200.0,1742.5,4500.0,1881.8
DecoLine,4500.0,1881.8,4800.0,2100.3
DecoLine,4800.0,2100.3,5100.0,2370.0
DecoLine,5100.0,2370.0,5400.0,2656.4
DecoLine,5400.0,2656.4,5700.0,2922.8
DecoLine,5700.0,2922.8,6000.0,3134.9
DecoLine,6000.0,3134.9,6300.0,3265.7
DecoLine,6300.0,3265.7,6600.0,3298.3
DecoLine,6600.0,3298.3,6900.0,3228.5
DecoLine,7200.0,3065.3,7500.0,2829.7
DecoLine,7500.0,2829.7,7800.0,2551.8
DecoLine,7800.0,2551.8,8100.0,2267.2
DecoLine,8100.0,2267.2,8400.0,2012.5
DecoLine,8400.0,2012.5,8700.0,1820.3
DecoLine,8700.0,1820.3,9000.0,1715.3
DecoLine,9000.0,1715.3,9300.0,1710.8
DecoLine,9300.0,1710.8,9600.0,1807.5
DecoLine,9600.0,1807.5,9900.0,1993.0
DecoLine,9900.0,1993.0,10200.0,2243.5
DecoLine,10200.0,2243.5,10500.0,2526.9
DecoLine,10500.0,2526.9,10800.0,2806.8
DecoLine,10800.0,2806.8,11100.0,3047.4
DecoLine,11100.0,3047.4,11400.0,3217.8
DecoLine,11400.0,3217.8,11700.0,3296.2
DecoLine,11700.0,3296.2,12000.0,3272.5
DecoLine,12000.0,3272.5,12300.0,3149.8
DecoLine,12600.0,2943.7,12900.0,2680.8
DecoLine,12900.0,2680.8,13200.0,2394.7
DecoLine,13200.0,2394.7,13500.0,2122.1
DecoLine,13500.0,2122.1,13800.0,1897.9
DecoLine,13800.0,1897.9,14100.0,1750.9
DecoLine,14100.0,1750.9,14400.0,1700.0
DecoLine,14400.0,1700.0,14700.0,1751.6
DecoLine,14700.0,1751.6,15000.0,1899.2
DecoLine,15000.0,1899.2,15300.0,2123.8
DecoLine,15300.0,2123.8,15600.0,2396.6
DecoLine,15600.0,2396.6,15900.0,2682.7
DecoLine,15900.0,2682.7,16200.0,2945.4
DecoLine,16200.0,2945.4,16500.0,3150.9
DecoLine,16500.0,3150.9,16800.0,3273.0
DecoLine,16800.0,3273.0,17100.0,3296.0
DecoLine,17100.0,3296.0,17400.0,3217.0
DecoLine,17400.0,3217.0,17700.0,3046.0
DecoLine,17700.0,3046.0,18000.0,2805.0
DecoLine,18000.0,2805.0,18300.0,2524.9
DecoLine,18300.0,2524.9,18600.0,2241.6
DecoLine,18600.0,2241.6,18900.0,1991.5
DecoLine,18900.0,1991.5,19200.0,1806.5
DecoLine,19200.0,1806.5,19500.0,1710.5
DecoLine,19500.0,1710.5,19800.0,1715.6
DecoLine,19800.0,1715.6,20100.0,1821.4
DecoLine,20100.0,1821.4,20400.0,2014.1
DecoLine,20400.0,2014.1,20700.0,2269.1
DecoLine,20700.0,2269.1,21000.0,2553.8
DecoLine,21000.0,2553.8,21300.0,2831.5
DecoLine,21300.0,2831.5,21600.0,3066.7
DecoLine,21600.0,3066.7,21900.0,3229.3
DecoLine,21900.0,3229.3,22200.0,3298.4
DecoLine,22200.0,3298.4,22500.0,3265.1
DecoLine,22500.0,3265.1,22800.0,3133.7
DecoLine,22800.0,3133.7,23100.0,2921.1
DecoLine,23100.0,2921.1,23400.0,2654.5
DecoLine,23400.0,2654.5,23700.0,2368.1
DecoLine,23700.0,2368.1,24000.0,2098.6
DecoLine,24000.0,2098.6,24300.0,1880.5
DecoLine,24300.0,1880.5,24600.0,1741.9
DecoLine,24600.0,1741.9,24900.0,1700.5
DecoLine,24900.0,1700.5,25200.0,1761.6
DecoLine,25200.0,1761.6,25500.0,1917.3
DecoLine,25500.0,1917.3,25800.0,2147.8
DecoLine,25800.0,2147.8,26100.0,2423.4
DecoLine,26100.0,2423.4,26400.0,2708.8
DecoLine,26400.0,2708.8,26700.0,2967.5
DecoLine,26700.0,2967.5,27000.0,3166.2
DecoLine,27000.0,3166.2,27300.0,3279.5
DecoLine,27300.0,3279.5,27600.0,3292.9
DecoLine,27600.0,3292.9,27900.0,3204.6
DecoLine,27900.0,3204.6,28200.0,3026.0
DecoLine,28200.0,3026.0,28500.0,2780.0
DecoLine,28800.0,2498.0,29100.0,2216.3
DecoLine,29100.0,2216.3,29400.0,1971.0
DecoLine,29400.0,1971.0,29700.0,1793.5
DecoLine,29700.0,1793.5,30000.0,1706.6
DecoLine,30000.0,1706.6,30300.0,1721.4
DecoLine,30300.0,1721.4,30600.0,1836.0
DecoLine,30600.0,1836.0,30900.0,2035.8
DecoLine,30900.0,2035.8,31200.0,2295.0
DecoLine,31200.0,2295.0,31500.0,2580.6
DecoLine,31500.0,2580.6,31800.0,2855.8
DecoLine,31800.0,2855.8,32100.0,3085.4
DecoLine,32100.0,3085.4,32400.0,3240.0
DecoLine,32400.0,3240.0,32700.0,3299.6
DecoLine,32700.0,3299.6,33000.0,3256.8
DecoLine,33000.0,3256.8,33300.0,3117.0
DecoLine,33300.0,3117.0,33600.0,2898.0
DecoLine,33600.0,2898.0,33900.0,2628.0
DecoLine,33900.0,2628.0,34200.0,2341.6
DecoLine,34200.0,2341.6,34500.0,2075.5
DecoLine,34500.0,2075.5,34800.0,1863.9
DecoLine,34800.0,1863.9,35100.0,1733.7
DecoLine,35100.0,1733.7,35400.0,1701.9
DecoLine,35400.0,1701.9,35700.0,1772.3
DecoLine,35700.0,1772.3,36000.0,1936.1
DecoLine,36000.0,1936.1,36300.0,2172.1
DecoLine,36300.0,2172.1,36600.0,2450.2
DecoLine,36600.0,2450.2,36900.0,2734.7
DecoLine,36900.0,2734.7,37200.0,2989.0
DecoLine,37200.0,2989.0,37500.0,3180.7
DecoLine,37500.0,3180.7,37800.0,3285.1
DecoLine,37800.0,3285.1,38100.0,3288.9
DecoLine,38100.0,3288.9,38400.0,3191.5
DecoLine,38400.0,3191.5,38700.0,3005.5
DecoLine,38700.0,3005.5,39000.0,2754.6
DecoLine,39000.0,2754.6,39300.0,2471.1
DecoLine,39300.0,2471.1,39600.0,2191.3
DecoLine,39600.0,2191.3,39900.0,1951.1
DecoLine,39900.0,1951.1,40200.0,1781.3
DecoLine,40200.0,1781.3,40500.0,1703.6
DecoLine,40500.0,1703.6,40800.0,1728.0
DecoLine,40800.0,1728.0,41100.0,1851.4
DecoLine,41100.0,1851.4,41400.0,2057.9
DecoLine,41400.0,2057.9,41700.0,2321.1
DecoLine,41700.0,2321.1,42000.0,2607.3
DecoLine,42000.0,2607.3,42300.0,2879.7
DecoLine,42300.0,2879.7,42600.0,3103.4
DecoLine,42600.0,3103.4,42900.0,3249.8
DecoLine,42900.0,3249.8,43200.0,3300.0
DecoLine,43200.0,3300.0,43500.0,3247.7
DecoLine,43500.0,3247.7,43800.0,3099.5
DecoLine,43800.0,3099.5,44100.0,2874.4
DecoLine,44100.0,2874.4,44400.0,2601.4
DecoLine,44400.0,2601.4,44700.0,2315.3
DecoLine,44700.0,2315.3,45000.0,2053.0
DecoLine,45000.0,2053.0,45300.0,1847.9
DecoLine,45300.0,1847.9,45600.0,1726.5
DecoLine,45600.0,1726.5,45900.0,1704.2
DecoLine,45900.0,1704.2,46200.0,1783.9
DecoLine,46200.0,1783.9,46500.0,1955.5
DecoLine,46500.0,1955.5,46800.0,2196.8
DecoLine,46800.0,2196.8,47100.0,2477.1
DecoLine,47100.0,2477.1,47400.0,2760.2
DecoLine,47400.0,2760.2,47700.0,3010.1
DecoLine,47700.0,3010.1,48000.0,3194.5
DecoLine,48000.0,3194.5,48300.0,3289.9
DecoLine,48300.0,3289.9,48600.0,3284.0
DecoLine,48600.0,3284.0,48900.0,3177.6
DecoLine,48900.0,3177.6,49200.0,2984.3
DecoLine,49200.0,2984.3,49500.0,2729.0
DecoLine,49500.0,2729.0,49800.0,2444.3
DecoLine,49800.0,2444.3,50100.0,2166.7
DecoLine,50100.0,2166.7,50400.0,1931.9
DecoLine,50400.0,1931.9,50700.0,1769.9
DecoLine,50700.0,1769.9,51000.0,1701.5
DecoLine,51000.0,1701.5,51300.0,1735.5
DecoLine,51300.0,1735.5,51600.0,1867.5
DecoLine,51600.0,1867.5,51900.0,2080.6
DecoLine,51900.0,2080.6,52200.0,2347.5
DecoLine,52200.0,2347.5,52500.0,2633.9
DecoLine,52500.0,2633.9,52800.0,2903.1
DecoLine,52800.0,2903.1,53100.0,3120.7
DecoLine,53100.0,3120.7,53400.0,3258.7
DecoLine,53400.0,3258.7,53700.0,3299.4
DecoLine,53700.0,3299.4,54000.0,3237.7
DecoLine,54000.0,3237.7,54300.0,3081.3
DecoLine,54300.0,3081.3,54600.0,2850.5
DecoLine,54600.0,2850.5,54900.0,2574.6
DecoLine,54900.0,2574.6,55200.0,2289.3
DecoLine,55200.0,2289.3,55500.0,2030.9
DecoLine,55500.0,2030.9,55800.0,1832.7
DecoLine,55800.0,1832.7,56100.0,1720.0
DecoLine,56100.0,1720.0,56400.0,1707.4
DecoLine,56400.0,1707.4,56700.0,1796.3
DecoLine,56700.0,1796.3,57000.0,1975.5
DecoLine,57000.0,1975.5,57300.0,2221.9
DecoLine,57300.0,2221.9,57600.0,2504.0
DecoLine,57600.0,2504.0,57900.0,2785.5
DecoLine,58200.0,3030.5,58500.0,3207.4
DecoLine,58500.0,3207.4,58800.0,3293.7
DecoLine,58800.0,3293.7,59100.0,3278.2
DecoLine,59100.0,3278.2,59400.0,3162.9
DecoLine,59400.0,3162.9,59700.0,2962.6
DecoLine,59700.0,2962.6,60000.0,2703.1
DecoLine,0.0,2304.9,333.3,2399.7
DecoLine,333.3,2399.7,666.7,2285.1
DecoLine,666.7,2285.1,1000.0,2001.0
DecoLine,1000.0,2001.0,1333.3,1646.7
DecoLine,1333.3,1646.7,1666.7,1345.9
DecoLine,1666.7,1345.9,2000.0,1203.8
DecoLine,2000.0,1203.8,2333.3,1269.9
DecoLine,2666.7,1521.2,3000.0,1869.9
DecoLine,3000.0,1869.9,3333.3,2194.2
DecoLine,3333.3,2194.2,3666.7,2380.8
DecoLine,3666.7,2380.8,4000.0,2364.4
DecoLine,4000.0,2364.4,4333.3,2151.0
DecoLine,4333.3,2151.0,4666.7,1814.9
DecoLine,4666.7,1814.9,5000.0,1473.6
DecoLine,5000.0,1473.6,5333.3,1246.3
DecoLine,5333.3,1246.3,5666.7,1212.5
DecoLine,5666.7,1212.5,6000.0,1383.9
DecoLine,6000.0,1383.9,6333.3,1700.6
DecoLine,6333.3,1700.6,6666.7,2052.1
DecoLine,6666.7,2052.1,7000.0,2315.5
DecoLine,7000.0,2315.5,7333.3,2398.8
DecoLine,7333.3,2398.8,7666.7,2273.0
DecoLine,7666.7,2273.0,8000.0,1981.9
DecoLine,8000.0,1981.9,8333.3,1627.3
DecoLine,8333.3,1627.3,8666.7,1333.0
DecoLine,8666.7,1333.0,9000.0,1201.9
DecoLine,9000.0,1201.9,9333.3,1279.7
DecoLine,9333.3,1279.7,9666.7,1539.3
DecoLine,9666.7,1539.3,10000.0,1889.9
DecoLine,10000.0,1889.9,10333.3,2209.2
DecoLine,10333.3,2209.2,10666.7,2385.5
DecoLine,10666.7,2385.5,11000.0,2357.3
DecoLine,11000.0,2357.3,11333.3,2134.4
DecoLine,11333.3,2134.4,11666.7,1794.7
DecoLine,11666.7,1794.7,12000.0,1456.8
DecoLine,12333.3,1238.9,12666.7,1216.9
DecoLine,12666.7,1216.9,13000.0,1398.7
DecoLine,13000.0,1398.7,13333.3,1720.6
DecoLine,13333.3,1720.6,13666.7,2070.3
DecoLine,13666.7,2070.3,14000.0,2325.5
DecoLine,14000.0,2325.5,14333.3,2397.2
DecoLine,14333.3,2397.2,14666.7,2260.3
DecoLine,14666.7,2260.3,15000.0,1962.5
DecoLine,15000.0,1962.5,15333.3,1608.0
DecoLine,15333.3,1608.0,15666.7,1320.6
DecoLine,15666.7,1320.6,16000.0,1200.6
DecoLine,16000.0,1200.6,16333.3,1290.0
DecoLine,16333.3,1290.0,16666.7,1557.6
DecoLine,16666.7,1557.6,17000.0,1909.8
DecoLine,17000.0,1909.8,17333.3,2223.7
DecoLine,17333.3,2223.7,17666.7,2389.6
DecoLine,17666.7,2389.6,18000.0,2349.5
DecoLine,18333.3,2117.4,18666.7,1774.5
DecoLine,18666.7,1774.5,19000.0,1440.5
DecoLine,19000.0,1440.5,19333.3,1232.0
DecoLine,19333.3,1232.0,19666.7,1222.0
DecoLine,19666.7,1222.0,20000.0,1413.9
DecoLine,20000.0,1413.9,20333.3,1740.6
DecoLine,20333.3,1740.6,20666.7,2088.1
DecoLine,20666.7,2088.1,21000.0,2335.0
DecoLine,21000.0,2335.0,21333.3,2394.9
DecoLine,21333.3,2394.9,21666.7,2247.1
DecoLine,21666.7,2247.1,22000.0,1943.0
DecoLine,22333.3,1589.0,22666.7,1308.7
DecoLine,22666.7,1308.7,23000.0,1200.0
DecoLine,23000.0,1200.0,23333.3,1300.9
DecoLine,23333.3,1300.9,23666.7,1576.2
DecoLine,23666.7,1576.2,24000.0,1929.6
DecoLine,24000.0,1929.6,24333.3,2237.7
DecoLine,24333.3,2237.7,24666.7,2393.0
DecoLine,24666.7,2393.0,25000.0,2341.1
DecoLine,25000.0,2341.1,25333.3,2100.2
DecoLine,25333.3,2100.2,25666.7,1754.4
DecoLine,25666.7,1754.4,26000.0,1424.5
DecoLine,26000.0,1424.5,26333.3,1225.9
DecoLine,26666.7,1227.7,27000.0,1429.5
DecoLine,27000.0,1429.5,27333.3,1760.7
DecoLine,27333.3,1760.7,27666.7,2105.7
DecoLine,27666.7,2105.7,28000.0,2343.8
DecoLine,28000.0,2343.8,28333.3,2392.0
DecoLine,28333.3,2392.0,28666.7,2233.4
DecoLine,29000.0,1923.4,29333.3,1570.3
DecoLine,29333.3,1570.3,29666.7,1297.4
DecoLine,29666.7,1297.4,30000.0,1200.1
DecoLine,30000.0,1200.1,30333.3,1312.4
DecoLine,30333.3,1312.4,30666.7,1595.0
DecoLine,30666.7,1595.0,31000.0,1949.2
DecoLine,31000.0,1949.2,31333.3,2251.3
DecoLine,31333.3,2251.3,31666.7,2395.7
DecoLine,31666.7,2395.7,32000.0,2332.0
DecoLine,32000.0,2332.0,32333.3,2082.5
DecoLine,32666.7,1734.3,33000.0,1409.0
DecoLine,33000.0,1409.0,33333.3,1220.3
DecoLine,33333.3,1220.3,33666.7,1234.1
DecoLine,33666.7,1234.1,34000.0,1445.6
DecoLine,34000.0,1445.6,34333.3,1780.9
DecoLine,34333.3,1780.9,34666.7,2122.8
DecoLine,34666.7,2122.8,35000.0,2352.0
DecoLine,35000.0,2352.0,35333.3,2388.4
DecoLine,35333.3,2388.4,35666.7,2219.2
DecoLine,35666.7,2219.2,36000.0,1903.5
DecoLine,36000.0,1903.5,36333.3,1551.8
DecoLine,36333.3,1551.8,36666.7,1286.7
DecoLine,36666.7,1286.7,37000.0,1200.9
DecoLine,37000.0,1200.9,37333.3,1324.4
DecoLine,37333.3,1324.4,37666.7,1614.1
DecoLine,37666.7,1614.1,38000.0,1968.7
DecoLine,38000.0,1968.7,38333.3,2264.3
DecoLine,38333.3,2264.3,38666.7,2397.8
DecoLine,38666.7,2397.8,39000.0,2322.4
DecoLine,39000.0,2322.4,39333.3,2064.6
DecoLine,39333.3,2064.6,39666.7,1714.3
DecoLine,39666.7,1714.3,40000.0,1393.9
DecoLine,40000.0,1393.9,40333.3,1215.5
DecoLine,40333.3,1215.5,40666.7,1241.2
DecoLine,40666.7,1241.2,41000.0,1462.1
DecoLine,41000.0,1462.1,41333.3,1801.1
DecoLine,41333.3,1801.1,41666.7,2139.7
DecoLine,41666.7,2139.7,42000.0,2359.6
DecoLine,42000.0,2359.6,42333.3,2384.1
DecoLine,42333.3,2384.1,42666.7,2204.5
DecoLine,42666.7,2204.5,43000.0,1883.6
DecoLine,43000.0,1883.6,43333.3,1533.5
DecoLine,43333.3,1533.5,43666.7,1276.5
DecoLine,43666.7,1276.5,44000.0,1202.4
DecoLine,44000.0,1202.4,44333.3,1337.0
DecoLine,44333.3,1337.0,44666.7,1633.4
DecoLine,44666.7,1633.4,45000.0,1987.9
DecoLine,45000.0,1987.9,45333.3,2276.8
DecoLine,45333.3,2276.8,45666.7,2399.2
DecoLine,45666.7,2399.2,46000.0,2312.2
DecoLine,46000.0,2312.2,46333.3,2046.3
DecoLine,46333.3,2046.3,46666.7,1694.4
DecoLine,46666.7,1694.4,47000.0,1379.3
DecoLine,47000.0,1379.3,47333.3,1211.2
DecoLine,47333.3,1211.2,47666.7,1248.8
DecoLine,47666.7,1248.8,48000.0,1479.0
DecoLine,48000.0,1479.0,48333.3,1821.2
DecoLine,48333.3,1821.2,48666.7,2156.1
DecoLine,48666.7,2156.1,49000.0,2366.6
DecoLine,49000.0,2366.6,49333.3,2379.1
DecoLine,49333.3,2379.1,49666.7,2189.4
DecoLine,49666.7,2189.4,50000.0,1863.6
DecoLine,50000.0,1863.6,50333.3,1515.6
DecoLine,50333.3,1515.6,50666.7,1267.0
DecoLine,50666.7,1267.0,51000.0,1204.5
DecoLine,51000.0,1204.5,51333.3,1350.1
DecoLine,52000.0,2007.0,52333.3,2288.8
DecoLine,52333.3,2288.8,52666.7,2399.9
DecoLine,52666.7,2399.9,53000.0,2301.4
DecoLine,53000.0,2301.4,53333.3,2027.8
DecoLine,53333.3,2027.8,53666.7,1674.6
DecoLine,53666.7,1674.6,54000.0,1365.2
DecoLine,54000.0,1365.2,54333.3,1207.7
DecoLine,54333.3,1207.7,54666.7,1257.1
DecoLine,54666.7,1257.1,55000.0,1496.2
DecoLine,55000.0,1496.2,55333.3,1841.4
DecoLine,55333.3,1841.4,55666.7,2172.1
DecoLine,55666.7,2172.1,56000.0,2372.9
DecoLine,56000.0,2372.9,56333.3,2373.5
DecoLine,56333.3,2373.5,56666.7,2173.8
DecoLine,56666.7,2173.8,57000.0,1843.5
DecoLine,57000.0,1843.5,57333.3,1498.0
DecoLine,57333.3,1498.0,57666.7,1258.0
DecoLine,57666.7,1258.0,58000.0,1207.3
DecoLine,58000.0,1207.3,58333.3,1363.7
DecoLine,58333.3,1363.7,58666.7,1672.5
DecoLine,58666.7,1672.5,59000.0,2025.8
DecoLine,59000.0,2025.8,59333.3,2300.2
DecoLine,59333.3,2300.2,59666.7,2399.9
DecoLine,59666.7,2399.9,60000.0,2290.0
DecoLine,0.0,1563.7,375.0,1281.1
DecoLine,375.0,1281.1,750.0,932.2
DecoLine,750.0,932.2,1125.0,802.0
DecoLine,1125.0,802.0,1500.0,996.7
DecoLine,1500.0,996.7,1875.0,1357.4
DecoLine,1875.0,1357.4,2250.0,1589.6
DecoLine,2250.0,1589.6,2625.0,1503.7
DecoLine,2625.0,1503.7,3000.0,1169.9
DecoLine,3000.0,1169.9,3375.0,860.7
DecoLine,3750.0,828.4,4125.0,1099.5
DecoLine,4125.0,1099.5,4500.0,1452.6
DecoLine,4500.0,1452.6,4875.0,1599.5
DecoLine,5250.0,1420.2,5625.0,1061.1
DecoLine,5625.0,1061.1,6000.0,815.4
DecoLine,6000.0,815.4,6375.0,883.7
DecoLine,6375.0,883.7,6750.0,1210.2
DecoLine,6750.0,1210.2,7125.0,1528.4
DecoLine,7125.0,1528.4,7500.0,1578.5
DecoLine,7500.0,1578.5,7875.0,1319.6
DecoLine,7875.0,1319.6,8250.0,963.1
DecoLine,8250.0,963.1,8625.0,800.0
DecoLine,8625.0,800.0,9000.0,963.5
DecoLine,9000.0,963.5,9375.0,1320.0
DecoLine,9375.0,1320.0,9750.0,1578.6
DecoLine,9750.0,1578.6,10125.0,1528.1
DecoLine,10125.0,1528.1,10500.0,1209.7
DecoLine,10500.0,1209.7,10875.0,883.4
DecoLine,10875.0,883.4,11250.0,815.6
DecoLine,11250.0,815.6,11625.0,1061.6
DecoLine,11625.0,1061.6,12000.0,1420.6
DecoLine,12000.0,1420.6,12375.0,1599.5
DecoLine,12375.0,1599.5,12750.0,1452.3
DecoLine,12750.0,1452.3,13125.0,1099.1
DecoLine,13125.0,1099.1,13500.0,828.3
DecoLine,13500.0,828.3,13875.0,860.9
DecoLine,13875.0,860.9,14250.0,1170.4
DecoLine,14250.0,1170.4,14625.0,1504.0
DecoLine,14625.0,1504.0,15000.0,1589.5
DecoLine,15375.0,1356.9,15750.0,996.3
DecoLine,15750.0,996.3,16125.0,802.0
DecoLine,16125.0,802.0,16500.0,932.6
DecoLine,16500.0,932.6,16875.0,1281.5
DecoLine,16875.0,1281.5,17250.0,1563.9
DecoLine,17250.0,1563.9,17625.0,1549.2
DecoLine,18000.0,1249.4,18375.0,909.3
DecoLine,18375.0,909.3,18750.0,806.5
DecoLine,18750.0,806.5,19125.0,1024.9
DecoLine,19125.0,1024.9,19500.0,1386.3
DecoLine,19500.0,1386.3,19875.0,1595.6
DecoLine,19875.0,1595.6,20250.0,1481.9
DecoLine,20625.0,1138.1,21000.0,844.8
DecoLine,21375.0,841.5,21750.0,1130.9
DecoLine,21750.0,1130.9,22125.0,1476.7
DecoLine,22125.0,1476.7,22500.0,1596.6
DecoLine,22500.0,1596.6,22875.0,1392.7
DecoLine,22875.0,1392.7,23250.0,1031.5
DecoLine,23250.0,1031.5,23625.0,807.9
DecoLine,23625.0,807.9,24000.0,904.3
DecoLine,24000.0,904.3,24375.0,1242.2
DecoLine,24375.0,1242.2,24750.0,1545.6
DecoLine,24750.0,1545.6,25125.0,1566.9
DecoLine,25125.0,1566.9,25500.0,1288.6
DecoLine,25875.0,938.0,26250.0,801.3
DecoLine,26250.0,801.3,26625.0,990.1
DecoLine,26625.0,990.1,27000.0,1350.2
DecoLine,27000.0,1350.2,27375.0,1587.7
DecoLine,27375.0,1587.7,27750.0,1508.7
DecoLine,27750.0,1508.7,28125.0,1177.7
DecoLine,28125.0,1177.7,28500.0,864.9
DecoLine,28500.0,864.9,28875.0,825.7
DecoLine,28875.0,825.7,29250.0,1092.1
DecoLine,29250.0,1092.1,29625.0,1446.6
DecoLine,29625.0,1446.6,30000.0,1599.8
DecoLine,30000.0,1599.8,30375.0,1426.6
DecoLine,30375.0,1426.6,30750.0,1068.4
DecoLine,30750.0,1068.4,31125.0,817.6
DecoLine,31125.0,817.6,31500.0,879.0
DecoLine,31500.0,879.0,31875.0,1202.4
DecoLine,31875.0,1202.4,32250.0,1523.9
DecoLine,32250.0,1523.9,32625.0,1580.9
DecoLine,32625.0,1580.9,33000.0,1327.0
DecoLine,33000.0,1327.0,33375.0,969.4
DecoLine,33375.0,969.4,33750.0,800.1
DecoLine,33750.0,800.1,34125.0,957.3
DecoLine,34125.0,957.3,34500.0,1312.6
DecoLine,34500.0,1312.6,34875.0,1576.0
DecoLine,34875.0,1576.0,35250.0,1532.5
DecoLine,35250.0,1532.5,35625.0,1217.5
DecoLine,35625.0,1217.5,36000.0,888.2
DecoLine,36000.0,888.2,36375.0,813.5
DecoLine,36375.0,813.5,36750.0,1054.3
DecoLine,36750.0,1054.3,37125.0,1414.1
DecoLine,37125.0,1414.1,37500.0,1599.1
DecoLine,37500.0,1599.1,37875.0,1458.3
DecoLine,37875.0,1458.3,38250.0,1106.6
DecoLine,38250.0,1106.6,38625.0,831.2
DecoLine,38625.0,831.2,39000.0,856.9
DecoLine,39000.0,856.9,39375.0,1162.7
DecoLine,39375.0,1162.7,39750.0,1498.9
DecoLine,39750.0,1498.9,40125.0,1591.2
DecoLine,40125.0,1591.2,40500.0,1364.0
DecoLine,40500.0,1364.0,40875.0,1003.0
DecoLine,40875.0,1003.0,41250.0,802.8
DecoLine,41250.0,802.8,41625.0,926.9
DecoLine,41625.0,926.9,42000.0,1273.9
DecoLine,42000.0,1273.9,42375.0,1560.6
DecoLine,42375.0,1560.6,42750.0,1552.9
DecoLine,42750.0,1552.9,43125.0,1257.1
DecoLine,43125.0,1257.1,43500.0,914.7
DecoLine,43500.0,914.7,43875.0,805.2
DecoLine,43875.0,805.2,44250.0,1018.0
DecoLine,44250.0,1018.0,44625.0,1379.4
DecoLine,44625.0,1379.4,45000.0,1594.4
DecoLine,45000.0,1594.4,45375.0,1487.3
DecoLine,45375.0,1487.3,45750.0,1145.7
DecoLine,45750.0,1145.7,46125.0,848.4
DecoLine,46125.0,848.4,46500.0,838.1
DecoLine,46500.0,838.1,46875.0,1123.3
DecoLine,46875.0,1123.3,47250.0,1471.0
DecoLine,47250.0,1471.0,47625.0,1597.5
DecoLine,47625.0,1597.5,48000.0,1399.5
DecoLine,48000.0,1399.5,48375.0,1038.6
DecoLine,48375.0,1038.6,48750.0,809.5
DecoLine,48750.0,809.5,49125.0,899.2
DecoLine,49125.0,899.2,49500.0,1234.5
DecoLine,49500.0,1234.5,49875.0,1541.6
DecoLine,49875.0,1541.6,50250.0,1569.9
DecoLine,50250.0,1569.9,50625.0,1296.2
DecoLine,50625.0,1296.2,51000.0,943.9
DecoLine,51000.0,943.9,51375.0,800.8
DecoLine,51375.0,800.8,51750.0,983.5
DecoLine,51750.0,983.5,52125.0,1343.0
DecoLine,52125.0,1343.0,52500.0,1585.8
DecoLine,52500.0,1585.8,52875.0,1513.6
DecoLine,52875.0,1513.6,53250.0,1185.4
DecoLine,53250.0,1185.4,53625.0,869.1
DecoLine,53625.0,869.1,54000.0,823.0
DecoLine,54000.0,823.0,54375.0,1084.6
DecoLine,54750.0,1440.5,55125.0,1600.0
DecoLine,55125.0,1600.0,55500.0,1433.0
DecoLine,55500.0,1433.0,55875.0,1075.8
DecoLine,55875.0,1075.8,56250.0,820.0
DecoLine,56250.0,820.0,56625.0,874.5
DecoLine,56625.0,874.5,57000.0,1194.7
DecoLine,57000.0,1194.7,57375.0,1519.3
DecoLine,57375.0,1519.3,57750.0,1583.2
DecoLine,57750.0,1583.2,58125.0,1334.3
DecoLine,58125.0,1334.3,58500.0,975.7
DecoLine,58500.0,975.7,58875.0,800.3
DecoLine,58875.0,800.3,59250.0,951.2
DecoLine,59250.0,951.2,59625.0,1305.2
DecoLine,0.0,-800.0,69.6,-810.1
DecoLine,69.6,-810.1,156.8,-820.8
DecoLine,156.8,-820.8,259.2,-832.7
DecoLine,259.2,-832.7,374.4,-846.4
DecoLine,374.4,-846.4,500.0,-862.5
DecoLine,500.0,-862.5,633.6,-881.6
DecoLine,633.6,-881.6,772.8,-904.3
DecoLine,772.8,-904.3,915.2,-931.2
DecoLine,915.2,-931.2,1058.4,-962.9
DecoLine,1058.4,-962.9,1200.0,-1000.0
DecoLine,1200.0,-1000.0,1346.5,-1044.7
DecoLine,1346.5,-1044.7,1504.0,-1097.6
DecoLine,1840.0,-1220.8,2012.5,-1287.5
DecoLine,2012.5,-1287.5,2184.0,-1355.2
DecoLine,2184.0,-1355.2,2351.5,-1422.1
DecoLine,2512.0,-1486.4,2662.5,-1546.3
DecoLine,2662.5,-1546.3,2800.0,-1600.0
DecoLine,2800.0,-1600.0,2923.4,-1647.2
DecoLine,2923.4,-1647.2,3035.2,-1689.6
DecoLine,3035.2,-1689.6,3137.8,-1728.4
DecoLine,3137.8,-1728.4,3233.6,-1764.8
DecoLine,3233.6,-1764.8,3325.0,-1800.0
DecoLine,3325.0,-1800.0,3414.4,-1835.2
DecoLine,3504.2,-1871.6,3596.8,-1910.4
DecoLine,3596.8,-1910.4,3694.6,-1952.8
DecoLine,3694.6,-1952.8,3800.0,-2000.0
DecoLine,3800.0,-2000.0,3908.3,-2050.1
DecoLine,3908.3,-2050.1,4014.4,-2100.8
DecoLine,4014.4,-2100.8,4120.1,-2152.7
DecoLine,4120.1,-2152.7,4227.2,-2206.4
DecoLine,4227.2,-2206.4,4337.5,-2262.5
DecoLine,4337.5,-2262.5,4452.8,-2321.6
DecoLine,4452.8,-2321.6,4574.9,-2384.3
DecoLine,4574.9,-2384.3,4705.6,-2451.2
DecoLine,4705.6,-2451.2,4846.7,-2522.9
DecoLine,4846.7,-2522.9,5000.0,-2600.0
DecoLine,5000.0,-2600.0,5175.7,-2687.5
DecoLine,5175.7,-2687.5,5377.6,-2787.5
DecoLine,5377.6,-2787.5,5597.9,-2896.4
DecoLine,5597.9,-2896.4,5828.8,-3010.6
DecoLine,5828.8,-3010.6,6062.5,-3126.2
DecoLine,6062.5,-3126.2,6291.2,-3239.8
DecoLine,6291.2,-3239.8,6507.1,-3347.7
DecoLine,6507.1,-3347.7,6702.4,-3446.1
DecoLine,6702.4,-3446.1,6869.3,-3531.4
DecoLine,6869.3,-3531.4,7000.0,-3600.0
DecoLine,7000.0,-3600.0,7090.2,-3650.8
DecoLine,7090.2,-3650.8,7145.6,-3687.0
DecoLine,7173.4,-3711.4,7180.8,-3726.7
DecoLine,7180.8,-3726.7,7175.0,-3735.6
DecoLine,7175.0,-3735.6,7163.2,-3740.9
DecoLine,7163.2,-3740.9,7152.6,-3745.2
DecoLine,7152.6,-3745.2,7150.4,-3751.4
DecoLine,7163.8,-3762.0,7200.0,-3780.0
DecoLine,7252.6,-3801.2,7310.4,-3820.6
DecoLine,7310.4,-3820.6,7373.9,-3839.3
DecoLine,7373.9,-3839.3,7443.2,-3858.5
DecoLine,7443.2,-3858.5,7518.8,-3879.4
DecoLine,7518.8,-3879.4,7600.8,-3903.1
DecoLine,7600.8,-3903.1,7689.6,-3930.9
DecoLine,7888.9,-4003.2,8000.0,-4050.0
DecoLine,8000.0,-4050.0,8121.6,-4105.6
DecoLine,8121.6,-4105.6,8255.2,-4169.3
DecoLine,8255.2,-4169.3,8398.5,-4239.7
DecoLine,8398.5,-4239.7,8549.6,-4315.4
DecoLine,8549.6,-4315.4,8706.2,-4395.0
DecoLine,8706.2,-4395.0,8866.4,-4477.0
DecoLine,8866.4,-4477.0,9028.0,-4559.9
DecoLine,9028.0,-4559.9,9188.8,-4642.3
DecoLine,9188.8,-4642.3,9346.9,-4722.8
DecoLine,9346.9,-4722.8,9500.0,-4800.0
DecoLine,9500.0,-4800.0,9650.0,-4876.8
DecoLine,9650.0,-4876.8,9800.0,-4956.4
DecoLine,9800.0,-4956.4,9950.0,-5037.6
DecoLine,9950.0,-5037.6,10100.0,-5119.2
DecoLine,10100.0,-5119.2,10250.0,-5200.0
DecoLine,10250.0,-5200.0,10400.0,-5278.8
DecoLine,10400.0,-5278.8,10550.0,-5354.4
DecoLine,10550.0,-5354.4,10700.0,-5425.6
DecoLine,10700.0,-5425.6,10850.0,-5491.2
DecoLine,11150.0,-5599.2,11300.0,-5638.4
DecoLine,11300.0,-5638.4,11450.0,-5670.2
DecoLine,11450.0,-5670.2,11600.0,-5697.2
DecoLine,11600.0,-5697.2,11750.0,-5721.9
DecoLine,11750.0,-5721.9,11900.0,-5746.8
DecoLine,11900.0,-5746.8,12050.0,-5774.5
DecoLine,12050.0,-5774.5,12200.0,-5807.6
DecoLine,12200.0,-5807.6,12350.0,-5848.6
DecoLine,12500.0,-5900.0,12651.8,-5962.8
DecoLine,12651.8,-5962.8,12806.4,-6034.7
DecoLine,12806.4,-6034.7,12962.6,-6113.9
DecoLine,12962.6,-6113.9,13119.2,-6198.2
DecoLine,13119.2,-6198.2,13275.0,-6285.6
DecoLine,13428.8,-6374.2,13579.4,-6462.0
DecoLine,13579.4,-6462.0,13725.6,-6546.9
DecoLine,13866.2,-6626.9,14000.0,-6700.0
DecoLine,14000.0,-6700.0,14128.9,-6768.5
DecoLine,14128.9,-6768.5,14255.2,-6835.8
DecoLine,14255.2,-6835.8,14378.3,-6901.5
DecoLine,14378.3,-6901.5,14497.6,-6965.1
DecoLine,14497.6,-6965.1,14612.5,-7026.2
DecoLine,14612.5,-7026.2,14722.4,-7084.5
DecoLine,14722.4,-7084.5,14826.7,-7139.4
DecoLine,14826.7,-7139.4,14924.8,-7190.6
DecoLine,14924.8,-7190.6,15016.1,-7237.6
DecoLine,15016.1,-7237.6,15100.0,-7280.0
DecoLine,15100.0,-7280.0,15175.2,-7317.1
DecoLine,15175.2,-7317.1,15241.6,-7349.0
DecoLine,15241.6,-7349.0,15300.4,-7376.2
DecoLine,15300.4,-7376.2,15352.8,-7399.7
DecoLine,15352.8,-7399.7,15400.0,-7420.0
DecoLine,15400.0,-7420.0,15443.2,-7437.9
DecoLine,15443.2,-7437.9,15483.6,-7454.2
DecoLine,15600.0,-7500.0,15637.0,-7514.0
DecoLine,15637.0,-7514.0,15668.8,-7524.8
DecoLine,15696.8,-7533.2,15722.4,-7540.0
DecoLine,15722.4,-7540.0,15746.9,-7546.2
DecoLine,15746.9,-7546.2,15771.6,-7552.8
DecoLine,15797.9,-7560.6,15827.2,-7570.4
DecoLine,15827.2,-7570.4,15860.8,-7583.2
DecoLine,15860.8,-7583.2,15900.0,-7600.0
DecoLine,15900.0,-7600.0,15944.9,-7620.8
DecoLine,15944.9,-7620.8,15994.0,-7644.6
DecoLine,15994.0,-7644.6,16046.6,-7671.1
DecoLine,16046.6,-7671.1,16102.0,-7699.5
DecoLine,16102.0,-7699.5,16159.4,-7729.4
DecoLine,16159.4,-7729.4,16218.0,-7760.1
DecoLine,16218.0,-7760.1,16277.1,-7791.1
DecoLine,16277.1,-7791.1,16336.0,-7821.8
DecoLine,16336.0,-7821.8,16393.9,-7851.6
DecoLine,16393.9,-7851.6,16450.0,-7880.0
DecoLine,16450.0,-7880.0,16498.5,-7903.9
DecoLine,16498.5,-7903.9,16536.8,-7922.2
DecoLine,16536.8,-7922.2,16569.3,-7937.2
DecoLine,16569.3,-7937.2,16600.4,-7951.3
DecoLine,16600.4,-7951.3,16634.4,-7966.9
DecoLine,16634.4,-7966.9,16675.6,-7986.3
DecoLine,16675.6,-7986.3,16728.4,-8012.0
DecoLine,16728.4,-8012.0,16797.2,-8046.2
DecoLine,16797.2,-8046.2,16886.3,-8091.5
DecoLine,16886.3,-8091.5,17000.0,-8150.0
DecoLine,17000.0,-8150.0,17143.5,-8226.1
DecoLine,17143.5,-8226.1,17315.2,-8319.7
DecoLine,17719.6,-8542.6,17940.6,-8663.8
DecoLine,17940.6,-8663.8,18166.4,-8785.8
DecoLine,18166.4,-8785.8,18391.1,-8904.5
DecoLine,18391.1,-8904.5,18608.8,-9015.9
DecoLine,18608.8,-9015.9,18813.7,-9115.8
DecoLine,18813.7,-9115.8,19000.0,-9200.0
DecoLine,19000.0,-9200.0,19168.0,-9266.4
DecoLine,19168.0,-9266.4,19324.0,-9318.0
DecoLine,19324.0,-9318.0,19471.0,-9358.6
DecoLine,19471.0,-9358.6,19612.0,-9392.0
DecoLine,19612.0,-9392.0,19750.0,-9421.9
DecoLine,19750.0,-9421.9,19888.0,-9452.0
DecoLine,19888.0,-9452.0,20029.0,-9486.1
DecoLine,20176.0,-9528.0,20332.0,-9581.4
DecoLine,20332.0,-9581.4,20500.0,-9650.0
DecoLine,20500.0,-9650.0,20686.0,-9737.1
DecoLine,20686.0,-9737.1,20890.4,-9840.7
DecoLine,21331.2,-10080.2,21556.2,-10207.5
DecoLine,21556.2,-10207.5,21776.8,-10334.2
DecoLine,21776.8,-10334.2,21987.2,-10456.1
DecoLine,21987.2,-10456.1,22181.6,-10568.9
DecoLine,22181.6,-10568.9,22354.5,-10668.3
DecoLine,22500.0,-10750.0,22616.5,-10814.3
DecoLine,22781.3,-10906.5,22838.4,-10938.9
DecoLine,22838.4,-10938.9,22884.4,-10965.0
DecoLine,22884.4,-10965.0,22923.6,-10987.1
DecoLine,22923.6,-10987.1,22960.4,-11007.5
DecoLine,22999.2,-11028.2,23044.3,-11051.7
DecoLine,23044.3,-11051.7,23100.0,-11080.0
DecoLine,23100.0,-11080.0,23162.5,-11111.1
DecoLine,23162.5,-11111.1,23225.2,-11141.6
DecoLine,23225.2,-11141.6,23288.2,-11171.6
DecoLine,23288.2,-11171.6,23351.6,-11201.2
DecoLine,23351.6,-11201.2,23415.6,-11230.6
DecoLine,23415.6,-11230.6,23480.4,-11260.0
DecoLine,23480.4,-11260.0,23546.1,-11289.5
DecoLine,23546.1,-11289.5,23612.8,-11319.2
DecoLine,23612.8,-11319.2,23680.7,-11349.3
DecoLine,23680.7,-11349.3,23750.0,-11380.0
DecoLine,23750.0,-11380.0,23815.3,-11407.9
DecoLine,23815.3,-11407.9,23873.6,-11431.0
DecoLine,24040.6,-11493.1,24105.2,-11518.5
DecoLine,24105.2,-11518.5,24180.0,-11549.7
DecoLine,24180.0,-11549.7,24268.4,-11589.0
DecoLine,24268.4,-11589.0,24373.9,-11638.3
DecoLine,24373.9,-11638.3,24500.0,-11700.0
DecoLine,24500.0,-11700.0,24651.6,-11778.1
DecoLine,24651.6,-11778.1,24828.0,-11872.9
DecoLine,24828.0,-11872.9,25023.9,-11980.2
DecoLine,25453.1,-12216.9,25676.0,-12338.2
DecoLine,25897.4,-12456.1,26112.0,-12566.7
DecoLine,26112.0,-12566.7,26314.6,-12666.0
DecoLine,26314.6,-12666.0,26500.0,-12750.0
DecoLine,26500.0,-12750.0,26675.4,-12820.2
DecoLine,26850.4,-12881.6,27023.0,-12935.4
DecoLine,27023.0,-12935.4,27191.2,-12982.8
DecoLine,27191.2,-12982.8,27353.1,-13025.0
DecoLine,27353.1,-13025.0,27506.8,-13063.2
DecoLine,27506.8,-13063.2,27650.3,-13098.6
DecoLine,27650.3,-13098.6,27781.6,-13132.4
DecoLine,27781.6,-13132.4,27898.8,-13165.8
DecoLine,27898.8,-13165.8,28000.0,-13200.0
DecoLine,28000.0,-13200.0,28080.2,-13233.2
DecoLine,28080.2,-13233.2,28138.8,-13263.1
DecoLine,28138.8,-13263.1,28180.1,-13290.3
DecoLine,28180.1,-13290.3,28208.4,-13315.4
DecoLine,28208.4,-13315.4,28228.1,-13338.8
DecoLine,28228.1,-13338.8,28243.6,-13361.0
DecoLine,28243.6,-13361.0,28259.2,-13382.8
DecoLine,28259.2,-13382.8,28279.2,-13404.5
DecoLine,28279.2,-13404.5,28308.0,-13426.7
DecoLine,28308.0,-13426.7,28350.0,-13450.0
DecoLine,28350.0,-13450.0,28399.0,-13471.2
DecoLine,28447.2,-13487.8,28496.2,-13501.9
DecoLine,28496.2,-13501.9,28547.6,-13515.1
DecoLine,28547.6,-13515.1,28603.1,-13529.4
DecoLine,28603.1,-13529.4,28664.4,-13546.5
DecoLine,28664.4,-13546.5,28733.1,-13568.3
DecoLine,28810.8,-13596.6,28899.2,-13633.2
DecoLine,28899.2,-13633.2,29000.0,-13680.0
DecoLine,29000.0,-13680.0,29115.6,-13738.4
DecoLine,29245.6,-13807.4,29387.5,-13884.8
DecoLine,29387.5,-13884.8,29538.8,-13968.9
DecoLine,29538.8,-13968.9,29696.9,-14057.5
DecoLine,29696.9,-14057.5,29859.2,-14148.7
DecoLine,29859.2,-14148.7,30023.2,-14240.6
DecoLine,30023.2,-14240.6,30186.4,-14331.0
DecoLine,30186.4,-14331.0,30346.2,-14418.2
DecoLine,30500.0,-14500.0,30632.5,-14576.9
DecoLine,30632.5,-14576.9,30737.6,-14651.3
DecoLine,30737.6,-14651.3,30827.2,-14723.8
DecoLine,30827.2,-14723.8,30912.8,-14795.4
DecoLine,30912.8,-14795.4,31006.2,-14866.9
DecoLine,31006.2,-14866.9,31119.2,-14939.0
DecoLine,31119.2,-14939.0,31263.3,-15012.5
DecoLine,31263.3,-15012.5,31450.4,-15088.3
DecoLine,31692.0,-15167.2,32000.0,-15250.0
DecoLine,32000.0,-15250.0,32400.0,-15339.8
DecoLine,32400.0,-15339.8,32894.4,-15437.6
DecoLine,32894.4,-15437.6,33459.3,-15540.8
DecoLine,33459.3,-15540.8,34071.2,-15646.8
DecoLine,34071.2,-15646.8,34706.2,-15753.1
DecoLine,34706.2,-15753.1,35340.8,-15857.2
DecoLine,35340.8,-15857.2,35951.2,-15956.5
DecoLine,35951.2,-15956.5,36513.6,-16048.4
DecoLine,36513.6,-16048.4,37004.4,-16130.4
DecoLine,37004.4,-16130.4,37400.0,-16200.0
DecoLine,37400.0,-16200.0,37699.3,-16253.2
DecoLine,37699.3,-16253.2,37926.4,-16290.4
DecoLine,37926.4,-16290.4,38095.1,-16315.7
DecoLine,38095.1,-16315.7,38219.2,-16333.2
DecoLine,38219.2,-16333.2,38312.5,-16346.9
DecoLine,38312.5,-16346.9,38388.8,-16360.8
DecoLine,38388.8,-16360.8,38461.9,-16379.0
DecoLine,38461.9,-16379.0,38545.6,-16405.6
DecoLine,38979.8,-16573.5,39176.0,-16661.9
DecoLine,39176.0,-16661.9,39384.2,-16761.8
DecoLine,39384.2,-16761.8,39600.0,-16869.8
DecoLine,39600.0,-16869.8,39818.8,-16982.5
DecoLine,39818.8,-16982.5,40036.0,-17096.6
DecoLine,40036.0,-17096.6,40247.2,-17208.8
DecoLine,40247.2,-17208.8,40448.0,-17315.7
DecoLine,40448.0,-17315.7,40633.8,-17413.9
DecoLine,40633.8,-17413.9,40800.0,-17500.0
DecoLine,40800.0,-17500.0,40949.2,-17576.4
DecoLine,40949.2,-17576.4,41087.2,-17647.8
DecoLine,41087.2,-17647.8,41215.1,-17714.6
DecoLine,41215.1,-17714.6,41333.6,-17777.1
DecoLine,41333.6,-17777.1,41443.8,-17835.6
DecoLine,41443.8,-17835.6,41546.4,-17890.5
DecoLine,41546.4,-17890.5,41642.4,-17942.0
DecoLine,41642.4,-17942.0,41732.8,-17990.6
DecoLine,41732.8,-17990.6,41818.3,-18036.4
DecoLine,41818.3,-18036.4,41900.0,-18080.0
DecoLine,41900.0,-18080.0,41975.2,-18120.3
DecoLine,41975.2,-18120.3,42041.6,-18156.6
DecoLine,42041.6,-18156.6,42100.4,-18189.1
DecoLine,42100.4,-18189.1,42152.8,-18218.5
DecoLine,42152.8,-18218.5,42200.0,-18245.0
DecoLine,42200.0,-18245.0,42243.2,-18269.1
DecoLine,42243.2,-18269.1,42283.6,-18291.3
DecoLine,42283.6,-18291.3,42322.4,-18311.8
DecoLine,42322.4,-18311.8,42360.8,-18331.3
DecoLine,42360.8,-18331.3,42400.0,-18350.0
DecoLine,42400.0,-18350.0,42437.2,-18366.1
DecoLine,42469.6,-18378.2,42498.4,-18387.1
DecoLine,42498.4,-18387.1,42524.8,-18394.1
DecoLine,42524.8,-18394.1,42550.0,-18400.0
DecoLine,42550.0,-18400.0,42575.2,-18405.9
DecoLine,42575.2,-18405.9,42601.6,-18412.9
DecoLine,42601.6,-18412.9,42630.4,-18421.8
DecoLine,42662.8,-18433.9,42700.0,-18450.0
DecoLine,42700.0,-18450.0,42742.8,-18470.9
DecoLine,42742.8,-18470.9,42790.4,-18495.8
DecoLine,42790.4,-18495.8,42841.6,-18523.9
DecoLine,42841.6,-18523.9,42895.2,-18553.9
DecoLine,42895.2,-18553.9,42950.0,-18585.0
DecoLine,42950.0,-18585.0,43004.8,-18616.1
DecoLine,43004.8,-18616.1,43058.4,-18646.1
DecoLine,43058.4,-18646.1,43109.6,-18674.2
DecoLine,43109.6,-18674.2,43157.2,-18699.1
DecoLine,43157.2,-18699.1,43200.0,-18720.0
DecoLine,43200.0,-18720.0,43237.2,-18736.1
DecoLine,43269.6,-18748.0,43298.4,-18756.8
DecoLine,43298.4,-18756.8,43324.8,-18763.6
DecoLine,43324.8,-18763.6,43350.0,-18769.4
DecoLine,43350.0,-18769.4,43375.2,-18775.2
DecoLine,43375.2,-18775.2,43401.6,-18782.1
DecoLine,43401.6,-18782.1,43430.4,-18791.2
DecoLine,43462.8,-18803.5,43500.0,-18820.0
DecoLine,43500.0,-18820.0,43540.6,-18840.4
DecoLine,43540.6,-18840.4,43582.4,-18863.4
DecoLine,43582.4,-18863.4,43625.8,-18888.6
DecoLine,43768.8,-18974.3,43821.7,-19005.2
DecoLine,43821.7,-19005.2,43877.6,-19036.6
DecoLine,43877.6,-19036.6,43936.9,-19068.4
DecoLine,43936.9,-19068.4,44000.0,-19100.0
DecoLine,44063.8,-19129.9,44126.4,-19157.5
DecoLine,44126.4,-19157.5,44189.6,-19184.1
DecoLine,44189.6,-19184.1,44255.2,-19211.0
DecoLine,44255.2,-19211.0,44325.0,-19239.4
DecoLine,44325.0,-19239.4,44400.8,-19270.6
DecoLine,44400.8,-19270.6,44484.4,-19306.0
DecoLine,44484.4,-19306.0,44577.6,-19346.9
DecoLine,44577.6,-19346.9,44682.2,-19394.4
DecoLine,44800.0,-19450.0,44935.3,-19517.2
DecoLine,44935.3,-19517.2,45088.8,-19596.8
DecoLine,45088.8,-19596.8,45256.4,-19685.6
DecoLine,45256.4,-19685.6,45434.4,-19780.4
DecoLine,45434.4,-19780.4,45618.8,-19878.1
DecoLine,45618.8,-19878.1,45805.6,-19975.6
DecoLine,45805.6,-19975.6,45991.1,-20069.7
DecoLine,45991.1,-20069.7,46171.2,-20157.2
DecoLine,46171.2,-20157.2,46342.2,-20235.0
DecoLine,46342.2,-20235.0,46500.0,-20300.0
DecoLine,46500.0,-20300.0,46645.8,-20351.8
DecoLine,46784.0,-20393.6,46916.2,-20427.3
DecoLine,46916.2,-20427.3,47044.0,-20454.8
DecoLine,47044.0,-20454.8,47168.8,-20478.1
DecoLine,47168.8,-20478.1,47292.0,-20499.2
DecoLine,47292.0,-20499.2,47415.2,-20520.0
DecoLine,47415.2,-20520.0,47540.0,-20542.4
DecoLine,47540.0,-20542.4,47667.8,-20568.4
DecoLine,47667.8,-20568.4,47800.0,-20600.0
DecoLine,47800.0,-20600.0,47934.2,-20632.8
DecoLine,47934.2,-20632.8,48067.2,-20662.4
DecoLine,48067.2,-20662.4,48200.1,-20690.6
DecoLine,48200.1,-20690.6,48333.6,-20719.2
DecoLine,48333.6,-20719.2,48468.8,-20750.0
DecoLine,48468.8,-20750.0,48606.4,-20784.8
DecoLine,48892.8,-20873.6,49043.3,-20931.2
DecoLine,49043.3,-20931.2,49200.0,-21000.0
DecoLine,49200.0,-21000.0,49362.9,-21081.2
DecoLine,49704.3,-21275.4,49881.6,-21384.8
DecoLine,49881.6,-21384.8,50062.5,-21500.0
DecoLine,50062.5,-21500.0,50246.4,-21619.2
DecoLine,50246.4,-21619.2,50432.7,-21740.6
DecoLine,50432.7,-21740.6,50620.8,-21862.4
DecoLine,50620.8,-21862.4,50810.1,-21982.8
DecoLine,50810.1,-21982.8,51000.0,-22100.0
DecoLine,51000.0,-22100.0,51191.9,-22217.3
DecoLine,51191.9,-22217.3,51387.2,-22338.4
DecoLine,51387.2,-22338.4,51585.3,-22462.1
DecoLine,51585.3,-22462.1,51785.6,-22587.2
DecoLine,51785.6,-22587.2,51987.5,-22712.5
DecoLine,51987.5,-22712.5,52190.4,-22836.8
DecoLine,52799.1,-23191.7,53000.0,-23300.0
DecoLine,53000.0,-23300.0,53200.0,-23403.0
DecoLine,53200.0,-23403.0,53400.0,-23502.4
DecoLine,53400.0,-23502.4,53600.0,-23598.3
DecoLine,53800.0,-23691.2,54000.0,-23781.2
DecoLine,54000.0,-23781.2,54200.0,-23868.8
DecoLine,54200.0,-23868.8,54400.0,-23954.2
DecoLine,54400.0,-23954.2,54600.0,-24037.6
DecoLine,54600.0,-24037.6,54800.0,-24119.5
DecoLine,54800.0,-24119.5,55000.0,-24200.0
DecoLine,55000.0,-24200.0,55200.0,-24278.1
DecoLine,55200.0,-24278.1,55400.0,-24352.8
DecoLine,55400.0,-24352.8,55600.0,-24424.7
DecoLine,55600.0,-24424.7,55800.0,-24494.4
DecoLine,55800.0,-24494.4,56000.0,-24562.5
DecoLine,56000.0,-24562.5,56200.0,-24629.6
DecoLine,56200.0,-24629.6,56400.0,-24696.3
DecoLine,56400.0,-24696.3,56600.0,-24763.2
DecoLine,56600.0,-24763.2,56800.0,-24830.9
DecoLine,56800.0,-24830.9,57000.0,-24900.0
DecoLine,57000.0,-24900.0,57209.0,-24973.2
DecoLine,57209.0,-24973.2,57432.0,-25051.2
DecoLine,57432.0,-25051.2,57663.0,-25132.0
DecoLine,57663.0,-25132.0,57896.0,-25213.6
DecoLine,57896.0,-25213.6,58125.0,-25293.8
DecoLine,58125.0,-25293.8,58344.0,-25370.4
DecoLine,58344.0,-25370.4,58547.0,-25441.5
DecoLine,58547.0,-25441.5,58728.0,-25504.8
DecoLine,58728.0,-25504.8,58881.0,-25558.3
DecoLine,58881.0,-25558.3,59000.0,-25600.0
PhysicLine,38166.0,-14183.0,38353.0,-14213.0
PhysicLine,36243.0,-13611.0,37603.0,-14067.0
PhysicLine,34346.0,-13679.0,34417.0,-13703.0
PhysicLine,35551.0,-13884.0,35599.0,-13901.0
PhysicLine,35665.0,-13994.0,35859.0,-14052.0
PhysicLine,35859.0,-14052.0,36093.0,-14097.0
PhysicLine,36099.0,-14098.0,36336.0,-14126.0
PhysicLine,36089.0,-14095.0,36102.0,-14097.0
PhysicLine,36918.0,-14112.0,37460.0,-14206.0
PhysicLine,36335.0,-14127.0,36918.0,-14113.0
PhysicLine,12716.0,-4145.0,12716.0,-4146.0
PhysicLine,42035.0,-16225.0,42202.0,-16271.0
PhysicLine,42275.0,-16340.0,42393.0,-16340.0
PhysicLine,42599.0,-16405.0,42686.0,-16402.0
PhysicLine,42870.0,-16610.0,42920.0,-16607.0
PhysicLine,43016.0,-16706.0,43193.0,-16708.0
PhysicLine,43654.0,-16949.0,43835.0,-17030.0
PhysicLine,43908.0,-17062.0,44000.0,-17094.0
PhysicLine,46365.0,-18246.0,46437.0,-18261.0
PhysicLine,48297.0,-18582.0,48351.0,-18604.0
PhysicLine,48751.0,-18718.0,48812.0,-18739.0
PhysicLine,56098.0,-23130.0,56469.0,-23104.0
PhysicLine,56469.0,-23103.0,57589.0,-23416.0
PhysicLine,57588.0,-23416.0,58356.0,-23551.0
PhysicLine,58354.0,-23546.0,58664.0,-23513.0
PhysicLine,54052.0,-22810.0,55593.0,-23048.0
PhysicLine,55593.0,-23047.0,56016.0,-22996.0
PhysicLine,53498.0,-21561.0,53516.0,-21600.0
PhysicLine,53082.0,-21343.0,53190.0,-21340.0
PhysicLine,49091.0,-19389.0,49527.0,-19506.0
PhysicLine,49437.0,-19829.0,50301.0,-19877.0
PhysicLine,50574.0,-20328.0,51553.0,-20367.0
PhysicLine,51706.0,-20488.0,52682.0,-21033.0
PhysicLine,15930.0,-5547.0,16053.0,-5562.0
PhysicLine,15920.0,-5547.0,15935.0,-5547.0
PhysicLine,34440.0,-13700.0,35135.0,-13599.0
PhysicLine,38089.0,-14182.0,38128.0,-14171.0
PhysicLine,38799.0,-14499.0,38915.0,-14574.0
PhysicLine,38916.0,-14575.0,39005.0,-14616.0
PhysicLine,933.0,882.0,935.0,882.0
PhysicLine,935.0,882.0,936.0,881.0
PhysicLine,936.0,881.0,938.0,880.0
PhysicLine,938.0,880.0,939.0,879.0
PhysicLine,939.0,879.0,941.0,878.0
PhysicLine,941.0,878.0,944.0,876.0
PhysicLine,944.0,876.0,945.0,876.0
PhysicLine,945.0,876.0,948.0,874.0
PhysicLine,948.0,874.0,952.0,872.0
PhysicLine,952.0,872.0,956.0,870.0
PhysicLine,956.0,870.0,958.0,868.0
PhysicLine,963.0,866.0,964.0,865.0
PhysicLine,964.0,865.0,966.0,863.0
PhysicLine,966.0,863.0,968.0,863.0
PhysicLine,968.0,863.0,970.0,861.0
PhysicLine,970.0,861.0,973.0,859.0
PhysicLine,973.0,859.0,974.0,856.0
PhysicLine,974.0,856.0,978.0,854.0
PhysicLine,978.0,854.0,981.0,852.0
PhysicLine,981.0,852.0,983.0,851.0
PhysicLine,983.0,851.0,983.0,850.0
PhysicLine,983.0,850.0,984.0,850.0
PhysicLine,984.0,850.0,985.0,849.0
PhysicLine,985.0,849.0,986.0,849.0
PhysicLine,986.0,849.0,986.0,848.0
PhysicLine,986.0,848.0,987.0,848.0
PhysicLine,987.0,848.0,989.0,847.0
PhysicLine,989.0,847.0,992.0,846.0
PhysicLine,997.0,844.0,1003.0,841.0
PhysicLine,1003.0,841.0,1006.0,839.0
PhysicLine,1006.0,839.0,1009.0,838.0
PhysicLine,1009.0,838.0,1013.0,835.0
PhysicLine,1013.0,835.0,1015.0,834.0
PhysicLine,1015.0,834.0,1018.0,833.0
PhysicLine,1018.0,833.0,1021.0,831.0
PhysicLine,1021.0,831.0,1023.0,830.0
PhysicLine,1023.0,830.0,1027.0,829.0
PhysicLine,1027.0,829.0,1030.0,828.0
PhysicLine,1030.0,828.0,1033.0,828.0
PhysicLine,1033.0,828.0,1035.0,827.0
PhysicLine,1035.0,827.0,1038.0,826.0
PhysicLine,1038.0,826.0,1040.0,825.0
PhysicLine,1040.0,825.0,1042.0,824.0
PhysicLine,1042.0,824.0,1046.0,822.0
PhysicLine,1046.0,822.0,1048.0,821.0
PhysicLine,1048.0,821.0,1049.0,821.0
PhysicLine,1049.0,821.0,1051.0,820.0
PhysicLine,1051.0,820.0,1053.0,819.0
PhysicLine,1053.0,819.0,1056.0,818.0
PhysicLine,1056.0,818.0,1057.0,817.0
PhysicLine,1057.0,817.0,1059.0,816.0
PhysicLine,1059.0,816.0,1062.0,815.0
PhysicLine,1062.0,815.0,1066.0,813.0
PhysicLine,1071.0,811.0,1075.0,810.0
PhysicLine,1075.0,810.0,1080.0,809.0
PhysicLine,1080.0,809.0,1082.0,808.0
PhysicLine,1082.0,808.0,1088.0,805.0
PhysicLine,1088.0,805.0,1096.0,804.0
PhysicLine,1096.0,804.0,1102.0,802.0
PhysicLine,1102.0,802.0,1110.0,799.0
PhysicLine,1110.0,799.0,1116.0,796.0
PhysicLine,1116.0,796.0,1122.0,794.0
PhysicLine,1122.0,794.0,1126.0,793.0
PhysicLine,1126.0,793.0,1131.0,790.0
PhysicLine,1131.0,790.0,1135.0,789.0
PhysicLine,1135.0,789.0,1143.0,787.0
PhysicLine,1143.0,787.0,1147.0,785.0
PhysicLine,1147.0,785.0,1151.0,784.0
PhysicLine,1151.0,784.0,1154.0,783.0
PhysicLine,1154.0,783.0,1159.0,782.0
PhysicLine,1159.0,782.0,1166.0,781.0
PhysicLine,1166.0,781.0,1172.0,778.0
PhysicLine,1172.0,778.0,1174.0,777.0
PhysicLine,1174.0,777.0,1180.0,776.0
PhysicLine,1180.0,776.0,1182.0,775.0
PhysicLine,1182.0,775.0,1188.0,774.0
PhysicLine,1188.0,774.0,1192.0,773.0
PhysicLine,1192.0,773.0,1193.0,771.0
PhysicLine,1198.0,769.0,1204.0,768.0
PhysicLine,1204.0,768.0,1207.0,767.0
PhysicLine,1207.0,767.0,1214.0,766.0
PhysicLine,1214.0,766.0,1223.0,763.0
PhysicLine,1223.0,763.0,1230.0,762.0
PhysicLine,1230.0,762.0,1236.0,760.0
PhysicLine,1236.0,760.0,1245.0,758.0
PhysicLine,1245.0,758.0,1252.0,757.0
PhysicLine,1252.0,757.0,1256.0,756.0
PhysicLine,1256.0,756.0,1259.0,755.0
PhysicLine,1259.0,755.0,1265.0,753.0
PhysicLine,1265.0,753.0,1269.0,753.0
PhysicLine,1269.0,753.0,1276.0,752.0
PhysicLine,1276.0,752.0,1284.0,751.0
PhysicLine,1284.0,751.0,1292.0,750.0
PhysicLine,1292.0,750.0,1303.0,748.0
PhysicLine,1303.0,748.0,1310.0,747.0
PhysicLine,1310.0,747.0,1317.0,747.0
PhysicLine,1317.0,747.0,1328.0,745.0
PhysicLine,1328.0,745.0,1335.0,744.0
PhysicLine,1335.0,744.0,1342.0,744.0
PhysicLine,1342.0,744.0,1353.0,744.0
PhysicLine,1353.0,744.0,1358.0,744.0
PhysicLine,1358.0,744.0,1362.0,744.0
PhysicLine,1362.0,744.0,1369.0,744.0
PhysicLine,1369.0,744.0,1373.0,744.0
PhysicLine,1373.0,744.0,1376.0,744.0
PhysicLine,1376.0,744.0,1383.0,745.0
PhysicLine,1383.0,745.0,1389.0,745.0
PhysicLine,1389.0,745.0,1391.0,747.0
PhysicLine,1391.0,747.0,1393.0,747.0
PhysicLine,1393.0,747.0,1396.0,747.0
PhysicLine,1396.0,747.0,1399.0,747.0
PhysicLine,1399.0,747.0,1400.0,748.0
PhysicLine,1400.0,748.0,1402.0,748.0
PhysicLine,1402.0,748.0,1404.0,748.0
PhysicLine,1404.0,748.0,1405.0,748.0
PhysicLine,1405.0,748.0,1406.0,748.0
PhysicLine,1406.0,748.0,1407.0,748.0
PhysicLine,1407.0,748.0,1409.0,748.0
PhysicLine,1409.0,748.0,1410.0,748.0
PhysicLine,1410.0,748.0,1412.0,748.0
PhysicLine,1412.0,748.0,1414.0,748.0
PhysicLine,1414.0,748.0,1417.0,748.0
PhysicLine,1417.0,748.0,1420.0,748.0
PhysicLine,1420.0,748.0,1422.0,748.0
PhysicLine,1422.0,748.0,1423.0,748.0
PhysicLine,1423.0,748.0,1427.0,747.0
PhysicLine,1427.0,747.0,1430.0,747.0
PhysicLine,1430.0,747.0,1431.0,746.0
PhysicLine,1431.0,746.0,1433.0,746.0
PhysicLine,1433.0,746.0,1436.0,746.0
PhysicLine,1436.0,746.0,1440.0,745.0
PhysicLine,1440.0,745.0,1443.0,745.0
PhysicLine,1443.0,745.0,1448.0,743.0
PhysicLine,1448.0,743.0,1450.0,743.0
PhysicLine,1450.0,743.0,1454.0,743.0
PhysicLine,1454.0,743.0,1459.0,742.0
PhysicLine,1459.0,742.0,1464.0,741.0
PhysicLine,1464.0,741.0,1467.0,741.0
PhysicLine,1467.0,741.0,1471.0,740.0
PhysicLine,1471.0,740.0,1474.0,739.0
PhysicLine,1474.0,739.0,1486.0,737.0
PhysicLine,1486.0,737.0,1490.0,736.0
PhysicLine,1490.0,736.0,1496.0,735.0
PhysicLine,1496.0,735.0,1501.0,734.0
PhysicLine,1501.0,734.0,1505.0,734.0
PhysicLine,1505.0,734.0,1507.0,733.0
PhysicLine,1507.0,733.0,1514.0,731.0
PhysicLine,1514.0,731.0,1518.0,731.0
PhysicLine,1518.0,731.0,1525.0,730.0
PhysicLine,1525.0,730.0,1529.0,730.0
PhysicLine,1529.0,730.0,1536.0,729.0
PhysicLine,1536.0,729.0,1539.0,729.0
PhysicLine,1539.0,729.0,1549.0,728.0
PhysicLine,1549.0,728.0,1557.0,727.0
PhysicLine,1557.0,727.0,1562.0,725.0
PhysicLine,1562.0,725.0,1565.0,725.0
PhysicLine,1565.0,725.0,1570.0,724.0
PhysicLine,1570.0,724.0,1578.0,723.0
PhysicLine,1578.0,723.0,1588.0,720.0
PhysicLine,1588.0,720.0,1591.0,720.0
PhysicLine,1591.0,720.0,1596.0,719.0
PhysicLine,1596.0,719.0,1612.0,716.0
PhysicLine,1612.0,716.0,1618.0,716.0
PhysicLine,1618.0,716.0,1632.0,714.0
PhysicLine,1632.0,714.0,1638.0,713.0
PhysicLine,1638.0,713.0,1644.0,711.0
PhysicLine,1644.0,711.0,1657.0,710.0
PhysicLine,1657.0,710.0,1670.0,709.0
PhysicLine,1670.0,709.0,1676.0,707.0
PhysicLine,1676.0,707.0,1684.0,706.0
PhysicLine,1684.0,706.0,1700.0,704.0
PhysicLine,1700.0,704.0,1706.0,703.0
PhysicLine,1706.0,703.0,1717.0,701.0
PhysicLine,1717.0,701.0,1730.0,700.0
PhysicLine,1730.0,700.0,1734.0,700.0
PhysicLine,1734.0,700.0,1746.0,697.0
PhysicLine,1746.0,697.0,1755.0,695.0
PhysicLine,1755.0,695.0,1767.0,694.0
PhysicLine,1767.0,694.0,1773.0,694.0
PhysicLine,1773.0,694.0,1785.0,691.0
PhysicLine,1785.0,691.0,1792.0,691.0
PhysicLine,1792.0,691.0,1804.0,689.0
PhysicLine,1804.0,689.0,1810.0,688.0
PhysicLine,1810.0,688.0,1824.0,686.0
PhysicLine,1824.0,686.0,1846.0,685.0
PhysicLine,1846.0,685.0,1852.0,683.0
PhysicLine,1852.0,683.0,1862.0,682.0
PhysicLine,1862.0,682.0,1868.0,682.0
PhysicLine,1868.0,682.0,1872.0,680.0
PhysicLine,1872.0,680.0,1881.0,680.0
PhysicLine,1881.0,680.0,1889.0,679.0
PhysicLine,1889.0,679.0,1895.0,678.0
PhysicLine,1895.0,678.0,1899.0,678.0
PhysicLine,1899.0,678.0,1901.0,678.0
PhysicLine,1901.0,678.0,1909.0,676.0
PhysicLine,1909.0,676.0,1913.0,676.0
PhysicLine,1913.0,676.0,1922.0,676.0
PhysicLine,1922.0,676.0,1935.0,675.0
PhysicLine,1935.0,675.0,1955.0,675.0
PhysicLine,1955.0,675.0,1962.0,675.0
PhysicLine,1962.0,675.0,1974.0,675.0
PhysicLine,1974.0,675.0,1980.0,675.0
PhysicLine,1980.0,675.0,1993.0,675.0
PhysicLine,1993.0,675.0,2000.0,675.0
PhysicLine,2000.0,675.0,2013.0,675.0
PhysicLine,2013.0,675.0,2020.0,675.0
PhysicLine,2020.0,676.0,2021.0,676.0
PhysicLine,2021.0,676.0,2022.0,676.0
PhysicLine,2022.0,676.0,2024.0,676.0
PhysicLine,2024.0,676.0,2026.0,676.0
PhysicLine,2026.0,676.0,2027.0,676.0
PhysicLine,2027.0,676.0,2028.0,676.0
PhysicLine,2028.0,676.0,2029.0,676.0
PhysicLine,2029.0,676.0,2030.0,676.0
PhysicLine,2030.0,676.0,2032.0,676.0
PhysicLine,2032.0,676.0,2033.0,676.0
PhysicLine,2033.0,676.0,2035.0,675.0
PhysicLine,2035.0,675.0,2036.0,675.0
PhysicLine,2036.0,675.0,2038.0,675.0
PhysicLine,2038.0,675.0,2039.0,674.0
PhysicLine,2039.0,674.0,2041.0,673.0
PhysicLine,2041.0,673.0,2043.0,673.0
PhysicLine,2043.0,673.0,2044.0,673.0
PhysicLine,2044.0,673.0,2048.0,671.0
PhysicLine,2048.0,671.0,2050.0,671.0
PhysicLine,2050.0,671.0,2059.0,668.0
PhysicLine,2059.0,668.0,2077.0,662.0
PhysicLine,2077.0,662.0,2093.0,657.0
PhysicLine,2093.0,657.0,2102.0,656.0
PhysicLine,2102.0,656.0,2121.0,650.0
PhysicLine,2121.0,650.0,2129.0,647.0
PhysicLine,2129.0,647.0,2151.0,641.0
PhysicLine,2151.0,641.0,2168.0,638.0
PhysicLine,2168.0,638.0,2190.0,634.0
PhysicLine,2190.0,634.0,2199.0,633.0
PhysicLine,2199.0,633.0,2216.0,630.0
PhysicLine,2216.0,630.0,2221.0,628.0
PhysicLine,2221.0,628.0,2224.0,627.0
PhysicLine,2224.0,627.0,2228.0,627.0
PhysicLine,2228.0,627.0,2231.0,626.0
PhysicLine,2231.0,626.0,2234.0,626.0
PhysicLine,2234.0,626.0,2237.0,625.0
PhysicLine,2237.0,625.0,2239.0,624.0
PhysicLine,2239.0,624.0,2242.0,624.0
PhysicLine,2242.0,624.0,2246.0,622.0
PhysicLine,2246.0,622.0,2248.0,622.0
PhysicLine,2248.0,622.0,2253.0,620.0
PhysicLine,2253.0,620.0,2259.0,617.0
PhysicLine,2259.0,617.0,2272.0,613.0
PhysicLine,2272.0,613.0,2280.0,610.0
PhysicLine,2280.0,610.0,2289.0,606.0
PhysicLine,2289.0,606.0,2297.0,601.0
PhysicLine,2297.0,601.0,2308.0,597.0
PhysicLine,2308.0,597.0,2319.0,592.0
PhysicLine,2319.0,592.0,2335.0,584.0
PhysicLine,2335.0,584.0,2340.0,581.0
PhysicLine,2340.0,581.0,2347.0,577.0
PhysicLine,2347.0,577.0,2361.0,571.0
PhysicLine,2361.0,571.0,2378.0,564.0
PhysicLine,2378.0,564.0,2385.0,562.0
PhysicLine,2385.0,562.0,2396.0,560.0
PhysicLine,2396.0,560.0,2405.0,557.0
PhysicLine,2405.0,557.0,2415.0,554.0
PhysicLine,2415.0,554.0,2425.0,551.0
PhysicLine,2425.0,551.0,2438.0,548.0
PhysicLine,2438.0,548.0,2445.0,548.0
PhysicLine,2445.0,548.0,2458.0,545.0
PhysicLine,2458.0,545.0,2479.0,541.0
PhysicLine,2479.0,541.0,2505.0,537.0
PhysicLine,2505.0,537.0,2522.0,534.0
PhysicLine,2522.0,534.0,2535.0,530.0
PhysicLine,2535.0,530.0,2555.0,524.0
PhysicLine,2555.0,524.0,2568.0,520.0
PhysicLine,2568.0,520.0,2575.0,519.0
PhysicLine,2575.0,519.0,2586.0,516.0
PhysicLine,2586.0,516.0,2597.0,512.0
PhysicLine,2597.0,512.0,2604.0,507.0
PhysicLine,2604.0,507.0,2611.0,505.0
PhysicLine,2611.0,505.0,2618.0,501.0
PhysicLine,2618.0,501.0,2620.0,500.0
PhysicLine,2620.0,500.0,2626.0,495.0
PhysicLine,2626.0,495.0,2630.0,491.0
PhysicLine,2630.0,491.0,2633.0,490.0
PhysicLine,2633.0,490.0,2637.0,488.0
PhysicLine,2637.0,488.0,2643.0,485.0
PhysicLine,2643.0,485.0,2647.0,482.0
PhysicLine,2647.0,482.0,2653.0,480.0
PhysicLine,2653.0,480.0,2661.0,475.0
PhysicLine,2661.0,475.0,2670.0,471.0
PhysicLine,2670.0,471.0,2675.0,468.0
PhysicLine,2675.0,468.0,2681.0,466.0
PhysicLine,2681.0,466.0,2684.0,464.0
PhysicLine,2684.0,464.0,2688.0,463.0
PhysicLine,2688.0,463.0,2692.0,460.0
PhysicLine,2692.0,460.0,2694.0,460.0
PhysicLine,2694.0,460.0,2696.0,458.0
PhysicLine,2696.0,458.0,2698.0,458.0
PhysicLine,2698.0,458.0,2699.0,457.0
PhysicLine,2699.0,457.0,2700.0,457.0
PhysicLine,2700.0,457.0,2701.0,456.0
PhysicLine,2701.0,456.0,2701.0,455.0
PhysicLine,2701.0,455.0,2703.0,454.0
PhysicLine,35445.0,-13864.0,35445.0,-13865.0
PhysicLine,35445.0,-13865.0,35446.0,-13865.0
PhysicLine,35446.0,-13865.0,35446.0,-13867.0
PhysicLine,35446.0,-13867.0,35447.0,-13869.0
PhysicLine,35447.0,-13869.0,35447.0,-13871.0
PhysicLine,35447.0,-13871.0,35448.0,-13873.0
PhysicLine,35448.0,-13873.0,35448.0,-13875.0
PhysicLine,35448.0,-13875.0,35448.0,-13876.0
PhysicLine,35448.0,-13876.0,35449.0,-13878.0
PhysicLine,35449.0,-13878.0,35449.0,-13879.0
PhysicLine,35449.0,-13879.0,35450.0,-13879.0
PhysicLine,35450.0,-13879.0,35450.0,-13880.0
PhysicLine,35450.0,-13880.0,35451.0,-13881.0
PhysicLine,35451.0,-13881.0,35454.0,-13884.0
PhysicLine,35454.0,-13884.0,35456.0,-13888.0
PhysicLine,35456.0,-13888.0,35458.0,-13889.0
PhysicLine,35458.0,-13889.0,35459.0,-13891.0
PhysicLine,35459.0,-13891.0,35461.0,-13893.0
PhysicLine,35461.0,-13893.0,35463.0,-13895.0
PhysicLine,35463.0,-13895.0,35465.0,-13896.0
PhysicLine,35465.0,-13896.0,35467.0,-13897.0
PhysicLine,35467.0,-13897.0,35468.0,-13898.0
PhysicLine,35468.0,-13898.0,35469.0,-13899.0
PhysicLine,35469.0,-13899.0,35470.0,-13900.0
PhysicLine,35470.0,-13900.0,35471.0,-13901.0
PhysicLine,35471.0,-13901.0,35472.0,-13901.0
PhysicLine,35472.0,-13901.0,35475.0,-13903.0
PhysicLine,35475.0,-13903.0,35477.0,-13904.0
PhysicLine,35477.0,-13904.0,35480.0,-13907.0
PhysicLine,35480.0,-13907.0,35482.0,-13908.0
PhysicLine,35482.0,-13908.0,35484.0,-13910.0
PhysicLine,35484.0,-13910.0,35485.0,-13911.0
PhysicLine,35485.0,-13911.0,35487.0,-13912.0
PhysicLine,35487.0,-13912.0,35488.0,-13913.0
PhysicLine,35488.0,-13913.0,35491.0,-13915.0
PhysicLine,35491.0,-13915.0,35492.0,-13916.0
PhysicLine,35492.0,-13916.0,35494.0,-13917.0
PhysicLine,35494.0,-13917.0,35495.0,-13917.0
PhysicLine,35495.0,-13917.0,35496.0,-13917.0
PhysicLine,35496.0,-13917.0,35497.0,-13917.0
PhysicLine,35497.0,-13917.0,35498.0,-13918.0
PhysicLine,35498.0,-13918.0,35499.0,-13918.0
PhysicLine,35499.0,-13918.0,35500.0,-13919.0
PhysicLine,35500.0,-13919.0,35501.0,-13920.0
PhysicLine,35501.0,-13920.0,35503.0,-13921.0
PhysicLine,35503.0,-13921.0,35504.0,-13921.0
PhysicLine,35504.0,-13921.0,35505.0,-13922.0
PhysicLine,35505.0,-13922.0,35506.0,-13922.0
PhysicLine,35506.0,-13922.0,35506.0,-13923.0
PhysicLine,35506.0,-13923.0,35508.0,-13924.0
PhysicLine,35508.0,-13924.0,35509.0,-13924.0
PhysicLine,35509.0,-13924.0,35510.0,-13924.0
PhysicLine,35510.0,-13924.0,35512.0,-13925.0
PhysicLine,35512.0,-13925.0,35513.0,-13926.0
PhysicLine,35513.0,-13926.0,35514.0,-13926.0
PhysicLine,35514.0,-13926.0,35515.0,-13926.0
PhysicLine,35515.0,-13926.0,35515.0,-13927.0
PhysicLine,35515.0,-13927.0,35516.0,-13927.0
PhysicLine,35516.0,-13927.0,35518.0,-13928.0
PhysicLine,35518.0,-13928.0,35522.0,-13930.0
PhysicLine,35522.0,-13930.0,35523.0,-13930.0
PhysicLine,35523.0,-13930.0,35526.0,-13931.0
PhysicLine,35526.0,-13931.0,35528.0,-13932.0
PhysicLine,35528.0,-13932.0,35529.0,-13933.0
PhysicLine,35529.0,-13933.0,35531.0,-13934.0
PhysicLine,35531.0,-13934.0,35533.0,-13935.0
PhysicLine,35533.0,-13935.0,35535.0,-13936.0
PhysicLine,35535.0,-13936.0,35536.0,-13936.0
PhysicLine,35536.0,-13936.0,35538.0,-13937.0
PhysicLine,35538.0,-13937.0,35539.0,-13937.0
PhysicLine,35539.0,-13937.0,35542.0,-13939.0
PhysicLine,35542.0,-13939.0,35544.0,-13940.0
PhysicLine,35544.0,-13940.0,35545.0,-13940.0
PhysicLine,35545.0,-13940.0,35547.0,-13941.0
PhysicLine,35547.0,-13941.0,35550.0,-13942.0
PhysicLine,35550.0,-13942.0,35553.0,-13944.0
PhysicLine,35553.0,-13944.0,35554.0,-13944.0
PhysicLine,35554.0,-13944.0,35556.0,-13945.0
PhysicLine,35556.0,-13945.0,35558.0,-13946.0
PhysicLine,35558.0,-13946.0,35560.0,-13947.0
PhysicLine,35560.0,-13947.0,35561.0,-13948.0
PhysicLine,35561.0,-13948.0,35562.0,-13948.0
PhysicLine,35562.0,-13948.0,35565.0,-13950.0
PhysicLine,35565.0,-13950.0,35568.0,-13951.0
PhysicLine,35568.0,-13951.0,35569.0,-13952.0
PhysicLine,35569.0,-13952.0,35573.0,-13956.0
PhysicLine,35573.0,-13956.0,35575.0,-13957.0
PhysicLine,35575.0,-13957.0,35578.0,-13958.0
PhysicLine,35578.0,-13958.0,35582.0,-13961.0
PhysicLine,35582.0,-13961.0,35588.0,-13963.0
PhysicLine,35588.0,-13963.0,35591.0,-13965.0
PhysicLine,35591.0,-13965.0,35593.0,-13966.0
PhysicLine,35593.0,-13966.0,35596.0,-13968.0
PhysicLine,35596.0,-13968.0,35598.0,-13969.0
PhysicLine,35598.0,-13969.0,35599.0,-13969.0
PhysicLine,35599.0,-13969.0,35601.0,-13970.0
PhysicLine,35601.0,-13970.0,35601.0,-13971.0
PhysicLine,35601.0,-13971.0,35603.0,-13972.0
PhysicLine,35603.0,-13972.0,35604.0,-13972.0
PhysicLine,35604.0,-13972.0,35607.0,-13974.0
PhysicLine,35607.0,-13974.0,35609.0,-13974.0
PhysicLine,35609.0,-13974.0,35612.0,-13976.0
PhysicLine,35612.0,-13976.0,35614.0,-13976.0
PhysicLine,35614.0,-13976.0,35619.0,-13978.0
PhysicLine,35619.0,-13978.0,35621.0,-13978.0
PhysicLine,35621.0,-13978.0,35625.0,-13980.0
PhysicLine,35625.0,-13980.0,35628.0,-13981.0
PhysicLine,35628.0,-13981.0,35630.0,-13982.0
PhysicLine,35630.0,-13982.0,35631.0,-13983.0
PhysicLine,35631.0,-13983.0,35634.0,-13984.0
PhysicLine,35634.0,-13984.0,35635.0,-13984.0
PhysicLine,35635.0,-13984.0,35638.0,-13986.0
PhysicLine,35638.0,-13986.0,35640.0,-13986.0
PhysicLine,35640.0,-13986.0,35641.0,-13987.0
PhysicLine,35641.0,-13987.0,35644.0,-13988.0
PhysicLine,35644.0,-13988.0,35646.0,-13988.0
PhysicLine,35646.0,-13988.0,35648.0,-13989.0
PhysicLine,35648.0,-13989.0,35651.0,-13990.0
PhysicLine,35651.0,-13990.0,35655.0,-13990.0
PhysicLine,35655.0,-13990.0,35663.0,-13991.0
PhysicLine,35663.0,-13991.0,35666.0,-13992.0
PhysicLine,35666.0,-13992.0,35667.0,-13992.0
PhysicLine,35667.0,-13992.0,35668.0,-13993.0
PhysicLine,35668.0,-13993.0,35669.0,-13993.0
PhysicLine,35669.0,-13993.0,35670.0,-13993.0
PhysicLine,35768.0,-13848.0,35768.0,-13847.0
PhysicLine,35768.0,-13847.0,35773.0,-13844.0
PhysicLine,35773.0,-13844.0,35781.0,-13840.0
PhysicLine,35781.0,-13840.0,35790.0,-13837.0
PhysicLine,35790.0,-13837.0,35799.0,-13834.0
PhysicLine,35799.0,-13834.0,35806.0,-13832.0
PhysicLine,35806.0,-13832.0,35817.0,-13828.0
PhysicLine,35817.0,-13828.0,35820.0,-13827.0
PhysicLine,35820.0,-13827.0,35825.0,-13824.0
PhysicLine,35825.0,-13824.0,35828.0,-13822.0
PhysicLine,35828.0,-13822.0,35832.0,-13820.0
PhysicLine,35832.0,-13820.0,35837.0,-13816.0
PhysicLine,35837.0,-13816.0,35841.0,-13814.0
PhysicLine,35841.0,-13814.0,35847.0,-13811.0
PhysicLine,35847.0,-13811.0,35852.0,-13808.0
PhysicLine,35852.0,-13808.0,35859.0,-13804.0
PhysicLine,35859.0,-13804.0,35863.0,-13802.0
PhysicLine,35863.0,-13802.0,35866.0,-13801.0
PhysicLine,35866.0,-13801.0,35872.0,-13797.0
PhysicLine,35872.0,-13797.0,35879.0,-13792.0
PhysicLine,35879.0,-13792.0,35884.0,-13790.0
PhysicLine,35884.0,-13790.0,35888.0,-13787.0
PhysicLine,35888.0,-13787.0,35893.0,-13784.0
PhysicLine,35893.0,-13784.0,35908.0,-13772.0
PhysicLine,35908.0,-13772.0,35913.0,-13767.0
PhysicLine,35913.0,-13767.0,35918.0,-13763.0
PhysicLine,35918.0,-13763.0,35923.0,-13759.0
PhysicLine,35923.0,-13759.0,35931.0,-13751.0
PhysicLine,35931.0,-13751.0,35939.0,-13744.0
PhysicLine,35939.0,-13744.0,35943.0,-13739.0
PhysicLine,35943.0,-13739.0,35947.0,-13735.0
PhysicLine,35947.0,-13735.0,35950.0,-13730.0
PhysicLine,35950.0,-13730.0,35955.0,-13721.0
PhysicLine,35955.0,-13721.0,35959.0,-13716.0
PhysicLine,35959.0,-13716.0,35963.0,-13711.0
PhysicLine,35963.0,-13711.0,35964.0,-13708.0
PhysicLine,35964.0,-13708.0,35965.0,-13706.0
PhysicLine,35965.0,-13706.0,35966.0,-13704.0
PhysicLine,35966.0,-13704.0,35967.0,-13702.0
PhysicLine,35967.0,-13702.0,35968.0,-13700.0
PhysicLine,35968.0,-13700.0,35969.0,-13698.0
PhysicLine,35969.0,-13698.0,35970.0,-13696.0
PhysicLine,35970.0,-13696.0,35971.0,-13694.0
PhysicLine,35971.0,-13694.0,35973.0,-13692.0
PhysicLine,35973.0,-13692.0,35974.0,-13690.0
PhysicLine,35974.0,-13690.0,35976.0,-13688.0
PhysicLine,35976.0,-13688.0,35977.0,-13687.0
PhysicLine,35977.0,-13687.0,35978.0,-13686.0
PhysicLine,35978.0,-13686.0,35979.0,-13685.0
PhysicLine,35979.0,-13685.0,35981.0,-13683.0
PhysicLine,35981.0,-13683.0,35984.0,-13681.0
PhysicLine,35984.0,-13681.0,35985.0,-13681.0
PhysicLine,35985.0,-13681.0,35987.0,-13679.0
PhysicLine,35987.0,-13679.0,35989.0,-13677.0
PhysicLine,35989.0,-13677.0,35990.0,-13676.0
PhysicLine,35990.0,-13676.0,35992.0,-13674.0
PhysicLine,35992.0,-13674.0,35993.0,-13673.0
PhysicLine,35993.0,-13673.0,35994.0,-13672.0
PhysicLine,35994.0,-13672.0,35995.0,-13672.0
PhysicLine,35995.0,-13672.0,35995.0,-13671.0
PhysicLine,35995.0,-13671.0,35999.0,-13669.0
PhysicLine,35999.0,-13669.0,36001.0,-13668.0
PhysicLine,36001.0,-13668.0,36002.0,-13667.0
PhysicLine,35444.0,-13866.0,35444.0,-13864.0
PhysicLine,35444.0,-13864.0,35443.0,-13862.0
PhysicLine,35443.0,-13862.0,35442.0,-13861.0
PhysicLine,35442.0,-13861.0,35440.0,-13857.0
PhysicLine,35440.0,-13857.0,35440.0,-13856.0
PhysicLine,35440.0,-13856.0,35439.0,-13854.0
PhysicLine,35439.0,-13854.0,35439.0,-13853.0
PhysicLine,35439.0,-13853.0,35438.0,-13851.0
PhysicLine,35438.0,-13851.0,35438.0,-13850.0
PhysicLine,35438.0,-13850.0,35438.0,-13848.0
PhysicLine,35438.0,-13848.0,35438.0,-13845.0
PhysicLine,35438.0,-13845.0,35437.0,-13844.0
PhysicLine,35437.0,-13844.0,35437.0,-13840.0
PhysicLine,35437.0,-13840.0,35437.0,-13839.0
PhysicLine,35437.0,-13839.0,35437.0,-13836.0
PhysicLine,35437.0,-13836.0,35437.0,-13834.0
PhysicLine,35437.0,-13834.0,35437.0,-13830.0
PhysicLine,35437.0,-13830.0,35437.0,-13829.0
PhysicLine,35437.0,-13829.0,35436.0,-13824.0
PhysicLine,35436.0,-13824.0,35436.0,-13820.0
PhysicLine,35436.0,-13820.0,35436.0,-13818.0
PhysicLine,35436.0,-13818.0,35436.0,-13816.0
PhysicLine,35436.0,-13816.0,35436.0,-13810.0
PhysicLine,35436.0,-13810.0,35436.0,-13805.0
PhysicLine,35436.0,-13805.0,35436.0,-13802.0
PhysicLine,35436.0,-13802.0,35436.0,-13797.0
PhysicLine,35436.0,-13797.0,35436.0,-13789.0
PhysicLine,35436.0,-13789.0,35436.0,-13778.0
PhysicLine,35436.0,-13778.0,35437.0,-13764.0
PhysicLine,35437.0,-13764.0,35439.0,-13756.0
PhysicLine,35439.0,-13756.0,35439.0,-13749.0
PhysicLine,35439.0,-13749.0,35442.0,-13729.0
PhysicLine,35442.0,-13729.0,35443.0,-13721.0
PhysicLine,35443.0,-13721.0,35445.0,-13713.0
PhysicLine,35445.0,-13713.0,35449.0,-13694.0
PhysicLine,35449.0,-13694.0,35452.0,-13686.0
PhysicLine,35452.0,-13686.0,35453.0,-13680.0
PhysicLine,35453.0,-13680.0,35455.0,-13677.0
PhysicLine,35455.0,-13677.0,35457.0,-13674.0
PhysicLine,35457.0,-13674.0,35459.0,-13668.0
PhysicLine,35459.0,-13668.0,35460.0,-13664.0
PhysicLine,35460.0,-13664.0,35461.0,-13661.0
PhysicLine,35461.0,-13661.0,35462.0,-13660.0
PhysicLine,53535.0,-22097.0,53535.0,-22098.0
PhysicLine,53535.0,-22098.0,53535.0,-22100.0
PhysicLine,53535.0,-22100.0,53535.0,-22101.0
PhysicLine,53535.0,-22101.0,53535.0,-22103.0
PhysicLine,53535.0,-22103.0,53535.0,-22105.0
PhysicLine,53535.0,-22105.0,53535.0,-22107.0
PhysicLine,53535.0,-22107.0,53535.0,-22108.0
PhysicLine,53535.0,-22108.0,53535.0,-22110.0
PhysicLine,53535.0,-22110.0,53535.0,-22112.0
PhysicLine,53535.0,-22112.0,53535.0,-22114.0
PhysicLine,53535.0,-22114.0,53535.0,-22116.0
PhysicLine,53535.0,-22116.0,53535.0,-22117.0
PhysicLine,53535.0,-22117.0,53535.0,-22118.0
PhysicLine,53535.0,-22118.0,53535.0,-22120.0
PhysicLine,53535.0,-22120.0,53535.0,-22124.0
PhysicLine,53535.0,-22124.0,53536.0,-22127.0
PhysicLine,53536.0,-22127.0,53536.0,-22133.0
PhysicLine,53536.0,-22133.0,53538.0,-22139.0
PhysicLine,53538.0,-22139.0,53540.0,-22163.0
PhysicLine,53540.0,-22163.0,53541.0,-22181.0
PhysicLine,53541.0,-22181.0,53546.0,-22214.0
PhysicLine,53546.0,-22214.0,53547.0,-22232.0
PhysicLine,53547.0,-22232.0,53551.0,-22257.0
PhysicLine,53551.0,-22257.0,53555.0,-22272.0
PhysicLine,53555.0,-22272.0,53556.0,-22285.0
PhysicLine,53556.0,-22285.0,53560.0,-22297.0
PhysicLine,53560.0,-22297.0,53567.0,-22324.0
PhysicLine,53567.0,-22324.0,53570.0,-22334.0
PhysicLine,53570.0,-22334.0,53578.0,-22354.0
PhysicLine,53578.0,-22354.0,53582.0,-22367.0
PhysicLine,53582.0,-22367.0,53593.0,-22397.0
PhysicLine,53593.0,-22397.0,53599.0,-22413.0
PhysicLine,53599.0,-22413.0,53611.0,-22447.0
PhysicLine,53611.0,-22447.0,53616.0,-22461.0
PhysicLine,53616.0,-22461.0,53628.0,-22483.0
PhysicLine,53628.0,-22483.0,53636.0,-22499.0
PhysicLine,53636.0,-22499.0,53648.0,-22518.0
PhysicLine,53648.0,-22518.0,53662.0,-22538.0
PhysicLine,53662.0,-22538.0,53673.0,-22551.0
PhysicLine,53673.0,-22551.0,53687.0,-22568.0
PhysicLine,53687.0,-22568.0,53699.0,-22579.0
PhysicLine,53699.0,-22579.0,53710.0,-22589.0
PhysicLine,53710.0,-22589.0,53724.0,-22600.0
PhysicLine,53724.0,-22600.0,53741.0,-22612.0
PhysicLine,53741.0,-22612.0,53758.0,-22627.0
PhysicLine,53758.0,-22627.0,53765.0,-22632.0
PhysicLine,53765.0,-22632.0,53772.0,-22636.0
PhysicLine,53772.0,-22636.0,53777.0,-22640.0
PhysicLine,53777.0,-22640.0,53782.0,-22644.0
PhysicLine,53782.0,-22644.0,53790.0,-22649.0
PhysicLine,53790.0,-22649.0,53795.0,-22653.0
PhysicLine,53795.0,-22653.0,53801.0,-22658.0
PhysicLine,53801.0,-22658.0,53807.0,-22662.0
PhysicLine,53807.0,-22662.0,53818.0,-22671.0
PhysicLine,53818.0,-22671.0,53825.0,-22676.0
PhysicLine,53825.0,-22676.0,53832.0,-22682.0
PhysicLine,53832.0,-22682.0,53838.0,-22687.0
PhysicLine,53838.0,-22687.0,53850.0,-22698.0
PhysicLine,53850.0,-22698.0,53857.0,-22702.0
PhysicLine,53857.0,-22702.0,53878.0,-22719.0
PhysicLine,53878.0,-22719.0,53885.0,-22725.0
PhysicLine,53885.0,-22725.0,53897.0,-22734.0
PhysicLine,53897.0,-22734.0,53904.0,-22737.0
PhysicLine,53904.0,-22737.0,53913.0,-22744.0
PhysicLine,53913.0,-22744.0,53917.0,-22746.0
PhysicLine,53917.0,-22746.0,53923.0,-22751.0
PhysicLine,53923.0,-22751.0,53927.0,-22753.0
PhysicLine,53927.0,-22753.0,53932.0,-22757.0
PhysicLine,53932.0,-22757.0,53941.0,-22763.0
PhysicLine,53941.0,-22763.0,53948.0,-22766.0
PhysicLine,53948.0,-22766.0,53953.0,-22768.0
PhysicLine,53953.0,-22768.0,53959.0,-22771.0
PhysicLine,53959.0,-22771.0,53972.0,-22776.0
PhysicLine,53972.0,-22776.0,53981.0,-22781.0
PhysicLine,53981.0,-22781.0,53991.0,-22785.0
PhysicLine,53991.0,-22785.0,54009.0,-22794.0
PhysicLine,54009.0,-22794.0,54023.0,-22799.0
PhysicLine,54023.0,-22799.0,54039.0,-22806.0
PhysicLine,54039.0,-22806.0,54053.0,-22813.0
PhysicLine,23176.0,-9153.0,23176.0,-9154.0
PhysicLine,23176.0,-9154.0,23177.0,-9154.0
PhysicLine,23177.0,-9154.0,23178.0,-9155.0
PhysicLine,23178.0,-9155.0,23178.0,-9156.0
PhysicLine,23178.0,-9156.0,23178.0,-9157.0
PhysicLine,23178.0,-9157.0,23178.0,-9158.0
PhysicLine,23178.0,-9158.0,23179.0,-9158.0
PhysicLine,23179.0,-9158.0,23179.0,-9159.0
PhysicLine,23179.0,-9159.0,23180.0,-9160.0
PhysicLine,23180.0,-9160.0,23180.0,-9161.0
PhysicLine,23180.0,-9161.0,23181.0,-9162.0
PhysicLine,23181.0,-9162.0,23182.0,-9164.0
PhysicLine,23182.0,-9164.0,23183.0,-9165.0
PhysicLine,23183.0,-9165.0,23183.0,-9166.0
PhysicLine,23183.0,-9166.0,23184.0,-9167.0
PhysicLine,23184.0,-9167.0,23186.0,-9169.0
PhysicLine,23186.0,-9169.0,23187.0,-9170.0
PhysicLine,23187.0,-9170.0,23189.0,-9171.0
PhysicLine,23189.0,-9171.0,23192.0,-9173.0
PhysicLine,23192.0,-9173.0,23194.0,-9175.0
PhysicLine,23194.0,-9175.0,23199.0,-9177.0
PhysicLine,23199.0,-9177.0,23203.0,-9180.0
PhysicLine,23203.0,-9180.0,23204.0,-9181.0
PhysicLine,23204.0,-9181.0,23206.0,-9182.0
PhysicLine,23206.0,-9182.0,23208.0,-9183.0
PhysicLine,23208.0,-9183.0,23210.0,-9184.0
PhysicLine,23210.0,-9184.0,23211.0,-9184.0
PhysicLine,23211.0,-9184.0,23212.0,-9184.0
PhysicLine,23212.0,-9184.0,23213.0,-9184.0
PhysicLine,23213.0,-9184.0,23214.0,-9184.0
PhysicLine,23214.0,-9184.0,23216.0,-9185.0
PhysicLine,23216.0,-9185.0,23217.0,-9186.0
PhysicLine,23217.0,-9186.0,23219.0,-9186.0
PhysicLine,23219.0,-9186.0,23220.0,-9187.0
PhysicLine,23220.0,-9187.0,23221.0,-9187.0
PhysicLine,23221.0,-9187.0,23222.0,-9188.0
PhysicLine,23222.0,-9188.0,23224.0,-9188.0
PhysicLine,23224.0,-9188.0,23226.0,-9189.0
PhysicLine,23226.0,-9189.0,23228.0,-9190.0
PhysicLine,23228.0,-9190.0,23229.0,-9190.0
PhysicLine,23229.0,-9190.0,23230.0,-9190.0
PhysicLine,23230.0,-9190.0,23231.0,-9191.0
PhysicLine,23231.0,-9191.0,23234.0,-9192.0
PhysicLine,23234.0,-9192.0,23235.0,-9193.0
PhysicLine,23235.0,-9193.0,23237.0,-9193.0
PhysicLine,23237.0,-9193.0,23238.0,-9193.0
PhysicLine,23238.0,-9193.0,23241.0,-9194.0
PhysicLine,23241.0,-9194.0,23243.0,-9195.0
PhysicLine,23243.0,-9195.0,23245.0,-9195.0
PhysicLine,23245.0,-9195.0,23246.0,-9195.0
PhysicLine,23246.0,-9195.0,23248.0,-9196.0
PhysicLine,23248.0,-9196.0,23249.0,-9196.0
PhysicLine,23249.0,-9196.0,23249.0,-9197.0
PhysicLine,23249.0,-9197.0,23250.0,-9197.0
PhysicLine,23250.0,-9197.0,23252.0,-9198.0
PhysicLine,23252.0,-9198.0,23253.0,-9198.0
PhysicLine,23253.0,-9198.0,23255.0,-9199.0
PhysicLine,23255.0,-9199.0,23258.0,-9200.0
PhysicLine,23258.0,-9200.0,23261.0,-9202.0
PhysicLine,23261.0,-9202.0,23262.0,-9202.0
PhysicLine,23262.0,-9202.0,23266.0,-9204.0
PhysicLine,23266.0,-9204.0,23270.0,-9205.0
PhysicLine,23270.0,-9205.0,23273.0,-9206.0
PhysicLine,23273.0,-9206.0,23274.0,-9207.0
PhysicLine,23274.0,-9207.0,23276.0,-9207.0
PhysicLine,23276.0,-9207.0,23277.0,-9208.0
PhysicLine,23277.0,-9208.0,23279.0,-9209.0
PhysicLine,23279.0,-9209.0,23281.0,-9209.0
PhysicLine,23281.0,-9209.0,23284.0,-9210.0
PhysicLine,23284.0,-9210.0,23286.0,-9211.0
PhysicLine,23286.0,-9211.0,23289.0,-9211.0
PhysicLine,23289.0,-9211.0,23292.0,-9212.0
PhysicLine,23292.0,-9212.0,23293.0,-9212.0
PhysicLine,23293.0,-9212.0,23297.0,-9212.0
PhysicLine,23297.0,-9212.0,23298.0,-9214.0
PhysicLine,23298.0,-9214.0,23302.0,-9214.0
PhysicLine,23302.0,-9214.0,23305.0,-9215.0
PhysicLine,23305.0,-9215.0,23306.0,-9215.0
PhysicLine,23306.0,-9215.0,23309.0,-9215.0
PhysicLine,23309.0,-9215.0,23311.0,-9215.0
PhysicLine,23311.0,-9215.0,23313.0,-9215.0
PhysicLine,23313.0,-9215.0,23316.0,-9216.0
PhysicLine,23316.0,-9216.0,23317.0,-9216.0
PhysicLine,23317.0,-9216.0,23320.0,-9216.0
PhysicLine,23320.0,-9216.0,23324.0,-9216.0
PhysicLine,23324.0,-9216.0,23327.0,-9216.0
PhysicLine,23327.0,-9216.0,23330.0,-9216.0
PhysicLine,23330.0,-9216.0,23333.0,-9216.0
PhysicLine,23333.0,-9216.0,23337.0,-9216.0
PhysicLine,23337.0,-9216.0,23340.0,-9216.0
PhysicLine,23340.0,-9216.0,23345.0,-9216.0
PhysicLine,23345.0,-9216.0,23350.0,-9216.0
PhysicLine,23350.0,-9216.0,23353.0,-9216.0
PhysicLine,23353.0,-9216.0,23360.0,-9214.0
PhysicLine,23360.0,-9214.0,23363.0,-9214.0
PhysicLine,23363.0,-9214.0,23369.0,-9213.0
PhysicLine,23369.0,-9213.0,23379.0,-9210.0
PhysicLine,23379.0,-9210.0,23390.0,-9207.0
PhysicLine,23390.0,-9207.0,23417.0,-9201.0
PhysicLine,23417.0,-9201.0,23464.0,-9189.0
PhysicLine,23600.0,-9319.0,23603.0,-9321.0
PhysicLine,23603.0,-9321.0,23604.0,-9322.0
PhysicLine,23604.0,-9322.0,23606.0,-9323.0
PhysicLine,23606.0,-9323.0,23608.0,-9324.0
PhysicLine,23608.0,-9324.0,23610.0,-9325.0
PhysicLine,23610.0,-9325.0,23613.0,-9328.0
PhysicLine,23613.0,-9328.0,23617.0,-9331.0
PhysicLine,23617.0,-9331.0,23621.0,-9334.0
PhysicLine,23621.0,-9334.0,23624.0,-9337.0
PhysicLine,23624.0,-9337.0,23631.0,-9342.0
PhysicLine,23631.0,-9342.0,23635.0,-9345.0
PhysicLine,23635.0,-9345.0,23642.0,-9350.0
PhysicLine,23642.0,-9350.0,23647.0,-9354.0
PhysicLine,23647.0,-9354.0,23656.0,-9360.0
PhysicLine,23656.0,-9360.0,23671.0,-9368.0
PhysicLine,23671.0,-9368.0,23678.0,-9372.0
PhysicLine,23678.0,-9372.0,23683.0,-9373.0
PhysicLine,23683.0,-9373.0,23685.0,-9374.0
PhysicLine,23685.0,-9374.0,23687.0,-9375.0
PhysicLine,23687.0,-9375.0,23688.0,-9375.0
PhysicLine,23688.0,-9375.0,23689.0,-9375.0
PhysicLine,23689.0,-9375.0,23692.0,-9376.0
PhysicLine,23692.0,-9376.0,23693.0,-9376.0
PhysicLine,23693.0,-9376.0,23696.0,-9376.0
PhysicLine,23696.0,-9376.0,23698.0,-9376.0
PhysicLine,23698.0,-9376.0,23700.0,-9376.0
PhysicLine,23700.0,-9376.0,23703.0,-9376.0
PhysicLine,23703.0,-9376.0,23707.0,-9376.0
PhysicLine,23707.0,-9376.0,23708.0,-9375.0
PhysicLine,23708.0,-9375.0,23710.0,-9375.0
PhysicLine,23710.0,-9375.0,23711.0,-9374.0
PhysicLine,23711.0,-9374.0,23712.0,-9374.0
PhysicLine,23712.0,-9374.0,23714.0,-9374.0
PhysicLine,23714.0,-9374.0,23718.0,-9374.0
PhysicLine,23718.0,-9374.0,23720.0,-9373.0
PhysicLine,23720.0,-9373.0,23722.0,-9373.0
PhysicLine,23722.0,-9373.0,23723.0,-9373.0
PhysicLine,23723.0,-9373.0,23723.0,-9372.0
PhysicLine,23723.0,-9372.0,23724.0,-9372.0
PhysicLine,23724.0,-9372.0,23725.0,-9372.0
PhysicLine,23725.0,-9372.0,23727.0,-9372.0
PhysicLine,23727.0,-9372.0,23728.0,-9371.0
PhysicLine,23728.0,-9371.0,23729.0,-9371.0
PhysicLine,23729.0,-9371.0,23731.0,-9370.0
PhysicLine,23731.0,-9370.0,23732.0,-9370.0
PhysicLine,23732.0,-9370.0,23733.0,-9370.0
PhysicLine,28536.0,-11523.0,28537.0,-11523.0
PhysicLine,28537.0,-11523.0,28538.0,-11523.0
PhysicLine,28538.0,-11523.0,28539.0,-11523.0
PhysicLine,28539.0,-11523.0,28540.0,-11523.0
PhysicLine,28540.0,-11523.0,28541.0,-11524.0
PhysicLine,28541.0,-11524.0,28543.0,-11526.0
PhysicLine,28543.0,-11526.0,28545.0,-11527.0
PhysicLine,28545.0,-11527.0,28547.0,-11528.0
PhysicLine,28547.0,-11528.0,28549.0,-11528.0
PhysicLine,28549.0,-11528.0,28554.0,-11530.0
PhysicLine,28554.0,-11530.0,28559.0,-11531.0
PhysicLine,28559.0,-11531.0,28569.0,-11534.0
PhysicLine,28569.0,-11534.0,28581.0,-11537.0
PhysicLine,28581.0,-11537.0,28601.0,-11541.0
PhysicLine,28601.0,-11541.0,28614.0,-11544.0
PhysicLine,28614.0,-11544.0,28623.0,-11545.0
PhysicLine,28623.0,-11545.0,28632.0,-11547.0
PhysicLine,28632.0,-11547.0,28635.0,-11548.0
PhysicLine,28635.0,-11548.0,28640.0,-11548.0
PhysicLine,28640.0,-11548.0,28645.0,-11549.0
PhysicLine,28645.0,-11549.0,28648.0,-11549.0
PhysicLine,28648.0,-11549.0,28654.0,-11549.0
PhysicLine,28654.0,-11549.0,28657.0,-11549.0
PhysicLine,28657.0,-11549.0,28664.0,-11549.0
PhysicLine,28664.0,-11549.0,28670.0,-11549.0
PhysicLine,28670.0,-11549.0,28673.0,-11549.0
PhysicLine,28673.0,-11549.0,28682.0,-11549.0
PhysicLine,28682.0,-11549.0,28685.0,-11548.0
PhysicLine,28685.0,-11548.0,28689.0,-11547.0
PhysicLine,28689.0,-11547.0,28691.0,-11547.0
PhysicLine,28691.0,-11547.0,28693.0,-11547.0
PhysicLine,28693.0,-11547.0,28697.0,-11546.0
PhysicLine,28697.0,-11546.0,28699.0,-11546.0
PhysicLine,28699.0,-11546.0,28702.0,-11545.0
PhysicLine,28702.0,-11545.0,28705.0,-11545.0
PhysicLine,28705.0,-11545.0,28709.0,-11544.0
PhysicLine,28381.0,-11463.0,28382.0,-11463.0
PhysicLine,28382.0,-11463.0,28383.0,-11463.0
PhysicLine,28383.0,-11463.0,28384.0,-11464.0
PhysicLine,28384.0,-11464.0,28385.0,-11465.0
PhysicLine,28385.0,-11465.0,28387.0,-11467.0
PhysicLine,28387.0,-11467.0,28388.0,-11467.0
PhysicLine,28388.0,-11467.0,28389.0,-11468.0
PhysicLine,28389.0,-11468.0,28390.0,-11469.0
PhysicLine,28390.0,-11469.0,28392.0,-11471.0
PhysicLine,28392.0,-11471.0,28393.0,-11472.0
PhysicLine,28393.0,-11472.0,28394.0,-11472.0
PhysicLine,28394.0,-11472.0,28395.0,-11473.0
PhysicLine,28395.0,-11473.0,28396.0,-11473.0
PhysicLine,28396.0,-11473.0,28397.0,-11474.0
PhysicLine,28397.0,-11474.0,28400.0,-11474.0
PhysicLine,28400.0,-11474.0,28402.0,-11474.0
PhysicLine,28402.0,-11474.0,28404.0,-11474.0
PhysicLine,28404.0,-11474.0,28405.0,-11474.0
PhysicLine,28405.0,-11474.0,28406.0,-11474.0
PhysicLine,28406.0,-11474.0,28407.0,-11474.0
PhysicLine,28407.0,-11474.0,28408.0,-11474.0
PhysicLine,28408.0,-11474.0,28409.0,-11474.0
PhysicLine,28409.0,-11474.0,28410.0,-11474.0
PhysicLine,28410.0,-11474.0,28411.0,-11474.0
PhysicLine,28411.0,-11474.0,28411.0,-11475.0
PhysicLine,39004.0,-14613.0,39005.0,-14614.0
PhysicLine,39005.0,-14614.0,39006.0,-14615.0
PhysicLine,39006.0,-14615.0,39008.0,-14615.0
PhysicLine,39008.0,-14615.0,39009.0,-14616.0
PhysicLine,39009.0,-14616.0,39011.0,-14617.0
PhysicLine,39011.0,-14617.0,39012.0,-14617.0
PhysicLine,39012.0,-14617.0,39014.0,-14617.0
PhysicLine,39014.0,-14617.0,39017.0,-14619.0
PhysicLine,39017.0,-14619.0,39020.0,-14620.0
PhysicLine,39020.0,-14620.0,39026.0,-14623.0
PhysicLine,39026.0,-14623.0,39028.0,-14624.0
PhysicLine,39028.0,-14624.0,39030.0,-14625.0
PhysicLine,39030.0,-14625.0,39032.0,-14626.0
PhysicLine,39032.0,-14626.0,39033.0,-14626.0
PhysicLine,39033.0,-14626.0,39035.0,-14627.0
PhysicLine,39035.0,-14627.0,39037.0,-14628.0
PhysicLine,39037.0,-14628.0,39039.0,-14628.0
PhysicLine,39039.0,-14628.0,39041.0,-14629.0
PhysicLine,39041.0,-14629.0,39043.0,-14629.0
PhysicLine,39043.0,-14629.0,39045.0,-14630.0
PhysicLine,39045.0,-14630.0,39048.0,-14630.0
PhysicLine,39048.0,-14630.0,39052.0,-14632.0
PhysicLine,39052.0,-14632.0,39057.0,-14633.0
PhysicLine,39057.0,-14633.0,39061.0,-14633.0
PhysicLine,39061.0,-14633.0,39066.0,-14634.0
PhysicLine,39066.0,-14634.0,39072.0,-14635.0
PhysicLine,39072.0,-14635.0,39079.0,-14636.0
PhysicLine,39079.0,-14636.0,39086.0,-14638.0
PhysicLine,39086.0,-14638.0,39094.0,-14640.0
PhysicLine,39094.0,-14640.0,39102.0,-14642.0
PhysicLine,39102.0,-14642.0,39109.0,-14643.0
PhysicLine,39109.0,-14643.0,39114.0,-14644.0
PhysicLine,39114.0,-14644.0,39123.0,-14645.0
PhysicLine,39123.0,-14645.0,39131.0,-14647.0
PhysicLine,39131.0,-14647.0,39138.0,-14650.0
PhysicLine,39138.0,-14650.0,39148.0,-14651.0
PhysicLine,39148.0,-14651.0,39156.0,-14652.0
PhysicLine,39156.0,-14652.0,39167.0,-14654.0
PhysicLine,39167.0,-14654.0,39175.0,-14655.0
PhysicLine,39175.0,-14655.0,39186.0,-14656.0
PhysicLine,39186.0,-14656.0,39194.0,-14658.0
PhysicLine,39194.0,-14658.0,39204.0,-14658.0
PhysicLine,39204.0,-14658.0,39217.0,-14659.0
PhysicLine,39217.0,-14659.0,39229.0,-14661.0
PhysicLine,39229.0,-14661.0,39241.0,-14662.0
PhysicLine,39241.0,-14662.0,39256.0,-14664.0
PhysicLine,39256.0,-14664.0,39279.0,-14668.0
PhysicLine,39279.0,-14668.0,39285.0,-14668.0
PhysicLine,39285.0,-14668.0,39297.0,-14669.0
PhysicLine,39297.0,-14669.0,39307.0,-14670.0
PhysicLine,39307.0,-14670.0,39314.0,-14670.0
PhysicLine,39314.0,-14670.0,39325.0,-14672.0
PhysicLine,39325.0,-14672.0,39342.0,-14672.0
PhysicLine,39342.0,-14672.0,39349.0,-14672.0
PhysicLine,39349.0,-14672.0,39354.0,-14672.0
PhysicLine,39354.0,-14672.0,39370.0,-14672.0
PhysicLine,39370.0,-14672.0,39383.0,-14672.0
PhysicLine,39383.0,-14672.0,39398.0,-14672.0
PhysicLine,39398.0,-14672.0,39407.0,-14672.0
PhysicLine,39407.0,-14672.0,39425.0,-14670.0
PhysicLine,39425.0,-14670.0,39450.0,-14670.0
PhysicLine,39450.0,-14670.0,39458.0,-14668.0
PhysicLine,39458.0,-14668.0,39475.0,-14665.0
PhysicLine,39475.0,-14665.0,39494.0,-14661.0
PhysicLine,39494.0,-14661.0,39508.0,-14656.0
PhysicLine,39508.0,-14656.0,39522.0,-14651.0
PhysicLine,39522.0,-14651.0,39529.0,-14647.0
PhysicLine,39529.0,-14647.0,39536.0,-14646.0
PhysicLine,39536.0,-14646.0,39550.0,-14641.0
PhysicLine,39550.0,-14641.0,39567.0,-14636.0
PhysicLine,39567.0,-14636.0,39581.0,-14631.0
PhysicLine,39581.0,-14631.0,39599.0,-14625.0
PhysicLine,39963.0,-14891.0,39968.0,-14896.0
PhysicLine,39968.0,-14896.0,39973.0,-14901.0
PhysicLine,39973.0,-14901.0,39981.0,-14910.0
PhysicLine,39981.0,-14910.0,39987.0,-14920.0
PhysicLine,39987.0,-14920.0,40020.0,-14950.0
PhysicLine,40020.0,-14950.0,40034.0,-14960.0
PhysicLine,40034.0,-14960.0,40060.0,-14975.0
PhysicLine,40060.0,-14975.0,40080.0,-14984.0
PhysicLine,40080.0,-14984.0,40107.0,-14998.0
PhysicLine,40107.0,-14998.0,40133.0,-15009.0
PhysicLine,40133.0,-15009.0,40173.0,-15025.0
PhysicLine,40173.0,-15025.0,40192.0,-15033.0
PhysicLine,40228.0,-15047.0,40263.0,-15058.0
PhysicLine,40263.0,-15058.0,40286.0,-15066.0
PhysicLine,40286.0,-15066.0,40327.0,-15083.0
PhysicLine,40327.0,-15083.0,40365.0,-15100.0
PhysicLine,40365.0,-15100.0,40388.0,-15110.0
PhysicLine,40388.0,-15110.0,40408.0,-15118.0
PhysicLine,40408.0,-15118.0,40428.0,-15128.0
PhysicLine,40428.0,-15128.0,40454.0,-15139.0
PhysicLine,40454.0,-15139.0,40477.0,-15147.0
PhysicLine,40477.0,-15147.0,40529.0,-15160.0
PhysicLine,40529.0,-15160.0,40551.0,-15166.0
PhysicLine,40551.0,-15166.0,40577.0,-15170.0
PhysicLine,40577.0,-15170.0,40609.0,-15177.0
PhysicLine,40609.0,-15177.0,40660.0,-15184.0
PhysicLine,40660.0,-15184.0,40693.0,-15189.0
PhysicLine,40693.0,-15189.0,40731.0,-15194.0
PhysicLine,40731.0,-15194.0,40761.0,-15199.0
PhysicLine,40761.0,-15199.0,40790.0,-15201.0
PhysicLine,40790.0,-15201.0,40817.0,-15205.0
PhysicLine,40817.0,-15205.0,40851.0,-15209.0
PhysicLine,40851.0,-15209.0,40859.0,-15209.0
PhysicLine,40859.0,-15209.0,40872.0,-15209.0
PhysicLine,40872.0,-15209.0,40892.0,-15211.0
PhysicLine,40892.0,-15211.0,40914.0,-15211.0
PhysicLine,40914.0,-15211.0,40927.0,-15211.0
PhysicLine,40927.0,-15211.0,40947.0,-15209.0
PhysicLine,40947.0,-15209.0,40962.0,-15209.0
PhysicLine,40962.0,-15209.0,40978.0,-15208.0
PhysicLine,40978.0,-15208.0,41030.0,-15208.0
PhysicLine,41030.0,-15208.0,41090.0,-15204.0
PhysicLine,41090.0,-15204.0,41149.0,-15201.0
PhysicLine,-10000.0,-10000.0,-10000.0,-10000.0
PhysicLine,60000.0,-23800.0,60019.8,-23802.9
PhysicLine,60019.8,-23802.9,60043.4,-23806.0
PhysicLine,60043.4,-23806.0,60070.5,-23809.3
PhysicLine,60070.5,-23809.3,60100.6,-23812.9
PhysicLine,60100.6,-23812.9,60133.5,-23816.9
PhysicLine,60133.5,-23816.9,60168.8,-23821.3
PhysicLine,60168.8,-23821.3,60206.2,-23826.2
PhysicLine,60206.2,-23826.2,60245.5,-23831.7
PhysicLine,60245.5,-23831.7,60286.2,-23837.8
PhysicLine,60286.2,-23837.8,60328.0,-23844.6
PhysicLine,60328.0,-23844.6,60370.6,-23852.2
PhysicLine,60370.6,-23852.2,60413.7,-23860.5
PhysicLine,60413.7,-23860.5,60456.9,-23869.8
PhysicLine,60456.9,-23869.8,60500.0,-23880.0
PhysicLine,60500.0,-23880.0,60543.6,-23891.2
PhysicLine,60543.6,-23891.2,60588.6,-23903.4
PhysicLine,60588.6,-23903.4,60635.0,-23916.4
PhysicLine,60635.0,-23916.4,60682.5,-23930.3
PhysicLine,60682.5,-23930.3,60731.1,-23945.0
PhysicLine,60731.1,-23945.0,60780.8,-23960.3
PhysicLine,60780.8,-23960.3,60831.2,-23976.2
PhysicLine,60831.2,-23976.2,60882.5,-23992.8
PhysicLine,60882.5,-23992.8,60934.4,-24009.8
PhysicLine,60934.4,-24009.8,60986.9,-24027.2
PhysicLine,60986.9,-24027.2,61039.8,-24045.0
PhysicLine,61039.8,-24045.0,61093.0,-24063.1
PhysicLine,61093.0,-24063.1,61146.4,-24081.5
PhysicLine,61146.4,-24081.5,61200.0,-24100.0
PhysicLine,61200.0,-24100.0,61254.1,-24118.8
PhysicLine,61254.1,-24118.8,61309.0,-24138.2
PhysicLine,61309.0,-24138.2,61364.8,-24158.1
PhysicLine,61364.8,-24158.1,61421.3,-24178.4
PhysicLine,61421.3,-24178.4,61478.3,-24199.2
PhysicLine,61478.3,-24199.2,61535.9,-24220.3
PhysicLine,61535.9,-24220.3,61593.8,-24241.9
PhysicLine,61593.8,-24241.9,61651.9,-24263.7
PhysicLine,61651.9,-24263.7,61710.2,-24285.9
PhysicLine,61710.2,-24285.9,61768.5,-24308.3
PhysicLine,61768.5,-24308.3,61826.8,-24331.0
PhysicLine,61826.8,-24331.0,61884.8,-24353.8
PhysicLine,61884.8,-24353.8,61942.6,-24376.8
PhysicLine,61942.6,-24376.8,62000.0,-24400.0
PhysicLine,62000.0,-24400.0,62057.6,-24423.7
PhysicLine,62057.6,-24423.7,62116.0,-24448.3
PhysicLine,62116.0,-24448.3,62175.0,-24473.5
PhysicLine,62175.0,-24473.5,62234.4,-24499.3
PhysicLine,62234.4,-24499.3,62293.9,-24525.4
PhysicLine,62353.4,-24551.7,62412.5,-24578.1
PhysicLine,62586.0,-24655.8,62641.8,-24680.7
PhysicLine,62641.8,-24680.7,62696.2,-24704.8
PhysicLine,62696.2,-24704.8,62749.0,-24728.0
PhysicLine,62749.0,-24728.0,62800.0,-24750.0
PhysicLine,62800.0,-24750.0,62849.0,-24772.0
PhysicLine,62849.0,-24772.0,62896.2,-24794.9
PhysicLine,62896.2,-24794.9,62941.8,-24818.3
PhysicLine,62941.8,-24818.3,62986.0,-24841.8
PhysicLine,62986.0,-24841.8,63029.0,-24865.1
PhysicLine,63029.0,-24865.1,63071.1,-24887.8
PhysicLine,63071.1,-24887.8,63112.5,-24909.4
PhysicLine,63112.5,-24909.4,63153.4,-24929.6
PhysicLine,63153.4,-24929.6,63193.9,-24948.0
PhysicLine,63193.9,-24948.0,63234.4,-24964.3
PhysicLine,63234.4,-24964.3,63275.0,-24978.0
PhysicLine,63275.0,-24978.0,63316.0,-24988.8
PhysicLine,63316.0,-24988.8,63357.6,-24996.2
PhysicLine,63357.6,-24996.2,63400.0,-25000.0
PhysicLine,63400.0,-25000.0,63442.9,-24998.2
PhysicLine,63442.9,-24998.2,63485.7,-24989.8
PhysicLine,63485.7,-24989.8,63528.6,-24976.1
PhysicLine,63528.6,-24976.1,63571.4,-24958.2
PhysicLine,63571.4,-24958.2,63614.3,-24937.2
PhysicLine,63614.3,-24937.2,63657.1,-24914.3
PhysicLine,63657.1,-24914.3,63700.0,-24890.6
PhysicLine,63700.0,-24890.6,63742.9,-24867.3
PhysicLine,63742.9,-24867.3,63785.7,-24845.6
PhysicLine,63785.7,-24845.6,63828.6,-24826.5
PhysicLine,63828.6,-24826.5,63871.4,-24811.3
PhysicLine,63871.4,-24811.3,63914.3,-24801.0
PhysicLine,63914.3,-24801.0,63957.1,-24796.9
PhysicLine,63957.1,-24796.9,64000.0,-24800.0
PhysicLine,64000.0,-24800.0,64042.9,-24811.8
PhysicLine,64042.9,-24811.8,64085.7,-24831.8
PhysicLine,64085.7,-24831.8,64128.6,-24858.7
PhysicLine,64128.6,-24858.7,64171.4,-24891.0
PhysicLine,64171.4,-24891.0,64214.3,-24927.3
PhysicLine,64214.3,-24927.3,64257.1,-24966.2
PhysicLine,64257.1,-24966.2,64300.0,-25006.2
PhysicLine,64300.0,-25006.2,64342.9,-25046.1
PhysicLine,64342.9,-25046.1,64385.7,-25084.2
PhysicLine,64385.7,-25084.2,64428.6,-25119.2
PhysicLine,64428.6,-25119.2,64471.4,-25149.8
PhysicLine,64471.4,-25149.8,64514.3,-25174.3
PhysicLine,64514.3,-25174.3,64557.1,-25191.6
PhysicLine,64557.1,-25191.6,64600.0,-25200.0
PhysicLine,64600.0,-25200.0,64642.9,-25198.5
PhysicLine,64642.9,-25198.5,64685.7,-25187.8
PhysicLine,64685.7,-25187.8,64728.6,-25169.4
PhysicLine,64728.6,-25169.4,64771.4,-25144.9
PhysicLine,64771.4,-25144.9,64814.3,-25115.8
PhysicLine,64814.3,-25115.8,64857.1,-25083.7
PhysicLine,64857.1,-25083.7,64900.0,-25050.0
PhysicLine,64900.0,-25050.0,64942.9,-25016.3
PhysicLine,64942.9,-25016.3,64985.7,-24984.2
PhysicLine,64985.7,-24984.2,65028.6,-24955.1
PhysicLine,65028.6,-24955.1,65071.4,-24930.6
PhysicLine,65071.4,-24930.6,65114.3,-24912.2
PhysicLine,65114.3,-24912.2,65157.1,-24901.5
PhysicLine,65157.1,-24901.5,65200.0,-24900.0
PhysicLine,65200.0,-24900.0,65242.9,-24908.7
PhysicLine,65242.9,-24908.7,65285.7,-24926.5
PhysicLine,65285.7,-24926.5,65328.6,-24952.0
PhysicLine,65328.6,-24952.0,65371.4,-24983.7
PhysicLine,65371.4,-24983.7,65414.3,-25019.9
PhysicLine,65414.3,-25019.9,65457.1,-25059.2
PhysicLine,65457.1,-25059.2,65500.0,-25100.0
PhysicLine,65500.0,-25100.0,65542.9,-25140.8
PhysicLine,65542.9,-25140.8,65585.7,-25180.1
PhysicLine,65585.7,-25180.1,65628.6,-25216.3
PhysicLine,65628.6,-25216.3,65671.4,-25248.0
PhysicLine,65671.4,-25248.0,65714.3,-25273.5
PhysicLine,65714.3,-25273.5,65757.1,-25291.3
PhysicLine,65757.1,-25291.3,65800.0,-25300.0
PhysicLine,65800.0,-25300.0,65842.9,-25298.5
PhysicLine,65842.9,-25298.5,65885.7,-25287.8
PhysicLine,65885.7,-25287.8,65928.6,-25269.4
PhysicLine,65928.6,-25269.4,65971.4,-25244.9
PhysicLine,65971.4,-25244.9,66014.3,-25215.8
PhysicLine,66014.3,-25215.8,66057.1,-25183.7
PhysicLine,66057.1,-25183.7,66100.0,-25150.0
PhysicLine,66100.0,-25150.0,66142.9,-25116.3
PhysicLine,66142.9,-25116.3,66185.7,-25084.2
PhysicLine,66185.7,-25084.2,66228.6,-25055.1
PhysicLine,66228.6,-25055.1,66271.4,-25030.6
PhysicLine,66271.4,-25030.6,66314.3,-25012.2
PhysicLine,66314.3,-25012.2,66357.1,-25001.5
PhysicLine,66357.1,-25001.5,66400.0,-25000.0
PhysicLine,66400.0,-25000.0,66442.9,-25007.3
PhysicLine,66442.9,-25007.3,66485.7,-25021.3
PhysicLine,66485.7,-25021.3,66528.6,-25041.2
PhysicLine,66528.6,-25041.2,66571.4,-25066.2
PhysicLine,66571.4,-25066.2,66614.3,-25095.3
PhysicLine,66614.3,-25095.3,66657.1,-25127.7
PhysicLine,66657.1,-25127.7,66700.0,-25162.5
PhysicLine,66700.0,-25162.5,66742.9,-25198.8
PhysicLine,66742.9,-25198.8,66785.7,-25235.8
PhysicLine,66785.7,-25235.8,66828.6,-25272.6
PhysicLine,66828.6,-25272.6,66871.4,-25308.3
PhysicLine,66871.4,-25308.3,66914.3,-25342.0
PhysicLine,66914.3,-25342.0,66957.1,-25372.8
PhysicLine,66957.1,-25372.8,67000.0,-25400.0
PhysicLine,67000.0,-25400.0,67042.9,-25425.2
PhysicLine,67042.9,-25425.2,67085.7,-25450.7
PhysicLine,67085.7,-25450.7,67128.6,-25476.3
PhysicLine,67128.6,-25476.3,67171.4,-25501.7
PhysicLine,67171.4,-25501.7,67214.3,-25526.8
PhysicLine,67214.3,-25526.8,67257.1,-25551.3
PhysicLine,67257.1,-25551.3,67300.0,-25575.0
PhysicLine,67300.0,-25575.0,67342.9,-25597.7
PhysicLine,67342.9,-25597.7,67385.7,-25619.1
PhysicLine,67385.7,-25619.1,67428.6,-25639.1
PhysicLine,67428.6,-25639.1,67471.4,-25657.4
PhysicLine,67471.4,-25657.4,67514.3,-25673.8
PhysicLine,67514.3,-25673.8,67557.1,-25688.0
PhysicLine,67557.1,-25688.0,67600.0,-25700.0
PhysicLine,67600.0,-25700.0,67642.9,-25708.5
PhysicLine,67642.9,-25708.5,67685.7,-25713.1
PhysicLine,67685.7,-25713.1,67728.6,-25714.4
PhysicLine,67728.6,-25714.4,67771.4,-25713.1
PhysicLine,67771.4,-25713.1,67814.3,-25709.8
PhysicLine,67814.3,-25709.8,67857.1,-25705.2
PhysicLine,67857.1,-25705.2,67900.0,-25700.0
PhysicLine,67900.0,-25700.0,67942.9,-25694.8
PhysicLine,67942.9,-25694.8,67985.7,-25690.2
PhysicLine,67985.7,-25690.2,68028.6,-25686.9
PhysicLine,68028.6,-25686.9,68071.4,-25685.6
PhysicLine,68071.4,-25685.6,68114.3,-25686.9
PhysicLine,68114.3,-25686.9,68157.1,-25691.5
PhysicLine,68157.1,-25691.5,68200.0,-25700.0
PhysicLine,68200.0,-25700.0,68241.9,-25711.5
PhysicLine,68241.9,-25711.5,68282.2,-25724.5
PhysicLine,68282.2,-25724.5,68321.4,-25739.0
PhysicLine,68321.4,-25739.0,68359.8,-25755.1
PhysicLine,68359.8,-25755.1,68397.9,-25772.7
PhysicLine,68397.9,-25772.7,68436.2,-25791.8
PhysicLine,68436.2,-25791.8,68475.0,-25812.5
PhysicLine,68475.0,-25812.5,68514.9,-25834.7
PhysicLine,68514.9,-25834.7,68556.2,-25858.4
PhysicLine,68556.2,-25858.4,68599.4,-25883.7
PhysicLine,68599.4,-25883.7,68645.0,-25910.5
PhysicLine,68645.0,-25910.5,68693.3,-25938.8
PhysicLine,68693.3,-25938.8,68744.8,-25968.6
PhysicLine,68744.8,-25968.6,68800.0,-26000.0
PhysicLine,68800.0,-26000.0,68859.1,-26033.6
PhysicLine,68859.1,-26033.6,68921.9,-26070.0
PhysicLine,68921.9,-26070.0,68987.8,-26108.7
PhysicLine,68987.8,-26108.7,69056.6,-26149.6
PhysicLine,69056.6,-26149.6,69127.6,-26192.1
PhysicLine,69127.6,-26192.1,69200.6,-26236.2
PhysicLine,69200.6,-26236.2,69275.0,-26281.2
PhysicLine,69275.0,-26281.2,69350.4,-26327.1
PhysicLine,69350.4,-26327.1,69426.5,-26373.4
PhysicLine,69426.5,-26373.4,69502.6,-26419.8
PhysicLine,69502.6,-26419.8,69578.5,-26466.0
PhysicLine,69578.5,-26466.0,69653.6,-26511.7
PhysicLine,69653.6,-26511.7,69727.6,-26556.4
PhysicLine,69727.6,-26556.4,69800.0,-26600.0
PhysicLine,69800.0,-26600.0,69873.3,-26644.0
PhysicLine,69873.3,-26644.0,69949.9,-26690.1
PhysicLine,69949.9,-26690.1,70028.7,-26737.6
PhysicLine,70028.7,-26737.6,70109.0,-26786.0
PhysicLine,70109.0,-26786.0,70189.9,-26834.8
PhysicLine,70189.9,-26834.8,70270.6,-26883.4
PhysicLine,70270.6,-26883.4,70350.0,-26931.2
PhysicLine,70350.0,-26931.2,70427.4,-26977.8
PhysicLine,70427.4,-26977.8,70501.9,-27022.6
PhysicLine,70501.9,-27022.6,70572.6,-27065.0
PhysicLine,70572.6,-27065.0,70638.6,-27104.5
PhysicLine,70638.6,-27104.5,70699.1,-27140.5
PhysicLine,70699.1,-27140.5,70753.2,-27172.5
PhysicLine,70753.2,-27172.5,70800.0,-27200.0
PhysicLine,70800.0,-27200.0,70839.2,-27222.5
PhysicLine,70839.2,-27222.5,70871.4,-27240.3
PhysicLine,70871.4,-27240.3,70897.6,-27254.1
PhysicLine,70897.6,-27254.1,70918.4,-27264.4
PhysicLine,70918.4,-27264.4,70934.6,-27271.8
PhysicLine,70934.6,-27271.8,70946.9,-27276.8
PhysicLine,70946.9,-27276.8,70956.2,-27280.0
PhysicLine,70956.2,-27280.0,70963.3,-27282.0
PhysicLine,70963.3,-27282.0,70968.8,-27283.3
PhysicLine,70968.8,-27283.3,70973.5,-27284.5
PhysicLine,70973.5,-27284.5,70978.2,-27286.3
PhysicLine,70978.2,-27286.3,70983.7,-27289.0
PhysicLine,70983.7,-27289.0,70990.7,-27293.4
PhysicLine,70990.7,-27293.4,71000.0,-27300.0
PhysicLine,71000.0,-27300.0,71009.3,-27307.8
PhysicLine,71009.3,-27307.8,71016.0,-27315.4
PhysicLine,71016.0,-27315.4,71020.8,-27322.9
PhysicLine,71020.8,-27322.9,71024.2,-27330.5
PhysicLine,71024.2,-27330.5,71026.7,-27338.1
PhysicLine,71026.7,-27338.1,71028.9,-27345.8
PhysicLine,71028.9,-27345.8,71031.2,-27353.8
PhysicLine,71031.2,-27353.8,71034.4,-27361.9
PhysicLine,71034.4,-27361.9,71038.9,-27370.4
PhysicLine,71038.9,-27370.4,71045.2,-27379.3
PhysicLine,71045.2,-27379.3,71053.9,-27388.6
PhysicLine,71053.9,-27388.6,71065.6,-27398.5
PhysicLine,71065.6,-27398.5,71080.8,-27408.9
PhysicLine,71080.8,-27408.9,71100.0,-27420.0
PhysicLine,71100.0,-27420.0,71124.1,-27432.2
PhysicLine,71124.1,-27432.2,71153.1,-27445.6
PhysicLine,71153.1,-27445.6,71186.1,-27460.1
PhysicLine,71186.1,-27460.1,71222.4,-27475.4
PhysicLine,71222.4,-27475.4,71261.4,-27491.3
PhysicLine,71261.4,-27491.3,71302.0,-27507.5
PhysicLine,71302.0,-27507.5,71343.8,-27523.8
PhysicLine,71343.8,-27523.8,71385.7,-27539.9
PhysicLine,71385.7,-27539.9,71427.2,-27555.6
PhysicLine,71427.2,-27555.6,71467.3,-27570.7
PhysicLine,71467.3,-27570.7,71505.5,-27585.0
PhysicLine,71505.5,-27585.0,71540.8,-27598.1
PhysicLine,71540.8,-27598.1,71572.6,-27609.8
PhysicLine,71572.6,-27609.8,71600.0,-27620.0
PhysicLine,71600.0,-27620.0,71622.6,-27628.0
PhysicLine,71622.6,-27628.0,71640.8,-27633.6
PhysicLine,71640.8,-27633.6,71655.5,-27637.4
PhysicLine,71655.5,-27637.4,71667.3,-27639.8
PhysicLine,71667.3,-27639.8,71677.2,-27641.1
PhysicLine,71677.2,-27641.1,71685.7,-27641.9
PhysicLine,71685.7,-27641.9,71693.8,-27642.5
PhysicLine,71693.8,-27642.5,71702.0,-27643.4
PhysicLine,71702.0,-27643.4,71711.4,-27645.1
PhysicLine,71711.4,-27645.1,71722.4,-27648.0
PhysicLine,71722.4,-27648.0,71736.1,-27652.5
PhysicLine,71736.1,-27652.5,71753.1,-27659.0
PhysicLine,71753.1,-27659.0,71774.1,-27668.0
PhysicLine,71774.1,-27668.0,71800.0,-27680.0
PhysicLine,71800.0,-27680.0,71829.6,-27694.2
PhysicLine,71829.6,-27694.2,71861.2,-27709.6
PhysicLine,71861.2,-27709.6,71894.9,-27726.3
PhysicLine,71894.9,-27726.3,71930.6,-27744.3
PhysicLine,71930.6,-27744.3,71968.4,-27763.6
PhysicLine,71968.4,-27763.6,72008.2,-27784.3
PhysicLine,72008.2,-27784.3,72050.0,-27806.2
PhysicLine,72050.0,-27806.2,72093.9,-27829.6
PhysicLine,72093.9,-27829.6,72139.8,-27854.4
PhysicLine,72139.8,-27854.4,72187.8,-27880.6
PhysicLine,72187.8,-27880.6,72237.8,-27908.2
PhysicLine,72237.8,-27908.2,72289.8,-27937.3
PhysicLine,72289.8,-27937.3,72343.9,-27967.9
PhysicLine,72343.9,-27967.9,72400.0,-28000.0
PhysicLine,72400.0,-28000.0,72459.1,-28034.2
PhysicLine,72459.1,-28034.2,72521.9,-28071.0
PhysicLine,72521.9,-28071.0,72587.8,-28110.1
PhysicLine,72587.8,-28110.1,72656.6,-28151.0
PhysicLine,72656.6,-28151.0,72727.6,-28193.6
PhysicLine,72727.6,-28193.6,72800.6,-28237.6
PhysicLine,72800.6,-28237.6,72875.0,-28282.5
PhysicLine,72875.0,-28282.5,72950.4,-28328.2
PhysicLine,72950.4,-28328.2,73026.5,-28374.2
PhysicLine,73026.5,-28374.2,73102.6,-28420.4
PhysicLine,73102.6,-28420.4,73178.5,-28466.4
PhysicLine,73178.5,-28466.4,73253.6,-28511.8
PhysicLine,73253.6,-28511.8,73327.6,-28556.5
PhysicLine,73327.6,-28556.5,73400.0,-28600.0
PhysicLine,73400.0,-28600.0,73472.4,-28643.6
PhysicLine,73472.4,-28643.6,73546.4,-28688.3
PhysicLine,73546.4,-28688.3,73621.5,-28734.0
PhysicLine,73621.5,-28734.0,73697.4,-28780.2
PhysicLine,73697.4,-28780.2,73773.5,-28826.6
PhysicLine,73773.5,-28826.6,73849.6,-28872.9
PhysicLine,73849.6,-28872.9,73925.0,-28918.8
PhysicLine,73925.0,-28918.8,73999.4,-28963.8
PhysicLine,73999.4,-28963.8,74072.4,-29007.9
PhysicLine,74072.4,-29007.9,74143.4,-29050.4
PhysicLine,74143.4,-29050.4,74212.2,-29091.3
PhysicLine,74212.2,-29091.3,74278.1,-29130.0
PhysicLine,74278.1,-29130.0,74340.9,-29166.4
PhysicLine,74340.9,-29166.4,74400.0,-29200.0
PhysicLine,74400.0,-29200.0,74454.9,-29231.4
PhysicLine,74454.9,-29231.4,74505.8,-29261.2
PhysicLine,74505.8,-29261.2,74553.2,-29289.5
PhysicLine,74553.2,-29289.5,74597.7,-29316.3
PhysicLine,74597.7,-29316.3,74639.7,-29341.6
PhysicLine,74639.7,-29341.6,74679.9,-29365.3
PhysicLine,74679.9,-29365.3,74718.8,-29387.5
PhysicLine,74718.8,-29387.5,74756.9,-29408.2
PhysicLine,74756.9,-29408.2,74794.7,-29427.3
PhysicLine,74794.7,-29427.3,74832.9,-29444.9
PhysicLine,74832.9,-29444.9,74872.0,-29461.0
PhysicLine,74872.0,-29461.0,74912.5,-29475.5
PhysicLine,74912.5,-29475.5,74955.0,-29488.5
PhysicLine,74955.0,-29488.5,75000.0,-29500.0
PhysicLine,75000.0,-29500.0,75047.2,-29508.5
PhysicLine,75047.2,-29508.5,75095.6,-29513.1
PhysicLine,75095.6,-29513.1,75145.2,-29514.4
PhysicLine,75145.2,-29514.4,75195.6,-29513.1
PhysicLine,75195.6,-29513.1,75246.7,-29509.8
PhysicLine,75246.7,-29509.8,75298.3,-29505.2
PhysicLine,75298.3,-29505.2,75350.0,-29500.0
PhysicLine,75350.0,-29500.0,75401.7,-29494.8
PhysicLine,75401.7,-29494.8,75453.3,-29490.2
PhysicLine,75453.3,-29490.2,75504.4,-29486.9
PhysicLine,75504.4,-29486.9,75554.8,-29485.6
PhysicLine,75554.8,-29485.6,75604.4,-29486.9
PhysicLine,75604.4,-29486.9,75652.8,-29491.5
PhysicLine,75652.8,-29491.5,75700.0,-29500.0
PhysicLine,75700.0,-29500.0,75745.0,-29511.5
PhysicLine,75745.0,-29511.5,75787.5,-29524.5
PhysicLine,75787.5,-29524.5,75828.0,-29539.0
PhysicLine,75828.0,-29539.0,75867.1,-29555.1
PhysicLine,75867.1,-29555.1,75905.3,-29572.7
PhysicLine,75905.3,-29572.7,75943.1,-29591.8
PhysicLine,75943.1,-29591.8,75981.2,-29612.5
PhysicLine,75981.2,-29612.5,76020.1,-29634.7
PhysicLine,76020.1,-29634.7,76060.3,-29658.4
PhysicLine,76060.3,-29658.4,76102.3,-29683.7
PhysicLine,76102.3,-29683.7,76146.8,-29710.5
PhysicLine,76146.8,-29710.5,76194.2,-29738.8
PhysicLine,76194.2,-29738.8,76245.1,-29768.6
PhysicLine,76245.1,-29768.6,76300.0,-29800.0
PhysicLine,76300.0,-29800.0,76359.1,-29833.6
PhysicLine,76359.1,-29833.6,76421.9,-29870.0
PhysicLine,76421.9,-29870.0,76487.8,-29908.7
PhysicLine,76487.8,-29908.7,76556.6,-29949.6
PhysicLine,76556.6,-29949.6,76627.6,-29992.1
PhysicLine,76627.6,-29992.1,76700.6,-30036.2
PhysicLine,76700.6,-30036.2,76775.0,-30081.2
PhysicLine,76775.0,-30081.2,76850.4,-30127.1
PhysicLine,76850.4,-30127.1,76926.5,-30173.4
PhysicLine,76926.5,-30173.4,77002.6,-30219.8
PhysicLine,77002.6,-30219.8,77078.5,-30266.0
PhysicLine,77078.5,-30266.0,77153.6,-30311.7
PhysicLine,77153.6,-30311.7,77227.6,-30356.4
PhysicLine,77227.6,-30356.4,77300.0,-30400.0
PhysicLine,77300.0,-30400.0,77373.3,-30444.0
PhysicLine,77373.3,-30444.0,77449.9,-30489.9
PhysicLine,77449.9,-30489.9,77528.7,-30537.2
PhysicLine,77528.7,-30537.2,77609.0,-30585.4
PhysicLine,77609.0,-30585.4,77689.9,-30634.0
PhysicLine,77689.9,-30634.0,77770.6,-30682.3
PhysicLine,77770.6,-30682.3,77850.0,-30730.0
PhysicLine,77850.0,-30730.0,77927.4,-30776.4
PhysicLine,77927.4,-30776.4,78001.9,-30821.1
PhysicLine,78001.9,-30821.1,78072.6,-30863.6
PhysicLine,78072.6,-30863.6,78138.6,-30903.2
PhysicLine,78138.6,-30903.2,78199.1,-30939.5
PhysicLine,78199.1,-30939.5,78253.2,-30971.9
PhysicLine,78253.2,-30971.9,78300.0,-31000.0
PhysicLine,78300.0,-31000.0,78339.1,-31023.3
PhysicLine,78339.1,-31023.3,78371.3,-31042.2
PhysicLine,78371.3,-31042.2,78397.2,-31057.1
PhysicLine,78397.2,-31057.1,78417.8,-31068.7
PhysicLine,78417.8,-31068.7,78433.7,-31077.5
PhysicLine,78433.7,-31077.5,78445.9,-31084.0
PhysicLine,78445.9,-31084.0,78455.0,-31088.8
PhysicLine,78455.0,-31088.8,78461.9,-31092.4
PhysicLine,78461.9,-31092.4,78467.3,-31095.3
PhysicLine,78467.3,-31095.3,78472.0,-31098.3
PhysicLine,78472.0,-31098.3,78476.9,-31101.6
PhysicLine,78476.9,-31101.6,78482.6,-31106.0
PhysicLine,78482.6,-31106.0,78490.1,-31111.9
PhysicLine,78490.1,-31111.9,78500.0,-31120.0
PhysicLine,78500.0,-31120.0,78510.2,-31129.3
PhysicLine,78510.2,-31129.3,78518.2,-31138.6
PhysicLine,78518.2,-31138.6,78524.5,-31148.0
PhysicLine,78524.5,-31148.0,78529.6,-31157.4
PhysicLine,78529.6,-31157.4,78534.0,-31166.9
PhysicLine,78534.0,-31166.9,78538.1,-31176.5
PhysicLine,78538.1,-31176.5,78542.5,-31186.2
PhysicLine,78542.5,-31186.2,78547.6,-31196.2
PhysicLine,78547.6,-31196.2,78553.9,-31206.2
PhysicLine,78553.9,-31206.2,78561.8,-31216.5
PhysicLine,78561.8,-31216.5,78571.9,-31227.0
PhysicLine,78571.9,-31227.0,78584.7,-31237.7
PhysicLine,78584.7,-31237.7,78600.5,-31248.7
PhysicLine,78600.5,-31248.7,78620.0,-31260.0
PhysicLine,78620.0,-31260.0,78644.0,-31272.0
PhysicLine,78644.0,-31272.0,78672.6,-31284.8
PhysicLine,78672.6,-31284.8,78705.0,-31298.5
PhysicLine,78705.0,-31298.5,78740.5,-31312.6
PhysicLine,78740.5,-31312.6,78778.4,-31327.1
PhysicLine,78778.4,-31327.1,78817.8,-31341.7
PhysicLine,78817.8,-31341.7,78858.1,-31356.2
PhysicLine,78858.1,-31356.2,78898.5,-31370.6
PhysicLine,78898.5,-31370.6,78938.2,-31384.4
PhysicLine,78938.2,-31384.4,78976.4,-31397.6
PhysicLine,78976.4,-31397.6,79012.5,-31410.0
PhysicLine,79012.5,-31410.0,79045.6,-31421.3
PhysicLine,79045.6,-31421.3,79075.0,-31431.4
PhysicLine,79075.0,-31431.4,79100.0,-31440.0
PhysicLine,79100.0,-31440.0,79120.9,-31447.1
PhysicLine,79120.9,-31447.1,79138.7,-31452.7
PhysicLine,79138.7,-31452.7,79154.0,-31457.1
PhysicLine,79154.0,-31457.1,79166.9,-31460.5
PhysicLine,79166.9,-31460.5,79177.9,-31463.0
PhysicLine,79177.9,-31463.0,79187.4,-31464.8
PhysicLine,79187.4,-31464.8,79195.6,-31466.2
PhysicLine,79195.6,-31466.2,79203.0,-31467.4
PhysicLine,79203.0,-31467.4,79210.0,-31468.5
PhysicLine,79210.0,-31468.5,79216.8,-31469.7
PhysicLine,79216.8,-31469.7,79223.8,-31471.3
PhysicLine,79223.8,-31471.3,79231.5,-31473.4
PhysicLine,79231.5,-31473.4,79240.1,-31476.2
PhysicLine,79240.1,-31476.2,79250.0,-31480.0
PhysicLine,79250.0,-31480.0,79260.8,-31484.3
PhysicLine,79260.8,-31484.3,79271.7,-31488.8
PhysicLine,79271.7,-31488.8,79282.7,-31493.4
PhysicLine,79282.7,-31493.4,79293.7,-31498.2
PhysicLine,79293.7,-31498.2,79304.8,-31503.2
PhysicLine,79304.8,-31503.2,79315.9,-31508.3
PhysicLine,79315.9,-31508.3,79326.9,-31513.8
PhysicLine,79326.9,-31513.8,79337.8,-31519.4
PhysicLine,79337.8,-31519.4,79348.6,-31525.4
PhysicLine,79348.6,-31525.4,79359.3,-31531.6
PhysicLine,79359.3,-31531.6,79369.8,-31538.2
PhysicLine,79369.8,-31538.2,79380.1,-31545.1
PhysicLine,79380.1,-31545.1,79390.2,-31552.3
PhysicLine,79390.2,-31552.3,79400.0,-31560.0
PhysicLine,79400.0,-31560.0,79408.6,-31568.1
PhysicLine,79408.6,-31568.1,79415.6,-31576.7
PhysicLine,79415.6,-31576.7,79421.2,-31585.7
PhysicLine,79421.2,-31585.7,79426.0,-31595.0
PhysicLine,79426.0,-31595.0,79430.3,-31604.8
PhysicLine,79430.3,-31604.8,79434.6,-31614.8
PhysicLine,79434.6,-31614.8,79439.4,-31625.0
PhysicLine,79439.4,-31625.0,79445.0,-31635.5
PhysicLine,79445.0,-31635.5,79451.8,-31646.1
PhysicLine,79451.8,-31646.1,79460.3,-31656.8
PhysicLine,79460.3,-31656.8,79471.0,-31667.6
PhysicLine,79471.0,-31667.6,79484.2,-31678.4
PhysicLine,79484.2,-31678.4,79500.4,-31689.2
PhysicLine,79500.4,-31689.2,79520.0,-31700.0
PhysicLine,79520.0,-31700.0,79543.9,-31711.0
PhysicLine,79543.9,-31711.0,79572.1,-31722.7
PhysicLine,79572.1,-31722.7,79604.1,-31734.8
PhysicLine,79604.1,-31734.8,79639.1,-31747.2
PhysicLine,79639.1,-31747.2,79676.3,-31759.8
PhysicLine,79676.3,-31759.8,79715.2,-31772.4
PhysicLine,79715.2,-31772.4,79755.0,-31785.0
PhysicLine,79755.0,-31785.0,79795.0,-31797.4
PhysicLine,79795.0,-31797.4,79834.5,-31809.4
PhysicLine,79834.5,-31809.4,79872.8,-31821.0
PhysicLine,79872.8,-31821.0,79909.2,-31832.0
PhysicLine,79909.2,-31832.0,79943.0,-31842.2
PhysicLine,79943.0,-31842.2,79973.5,-31851.6
PhysicLine,79973.5,-31851.6,80000.0,-31860.0
PhysicLine,80000.0,-31860.0,80022.0,-31866.6
PhysicLine,80022.0,-31866.6,80039.8,-31871.0
PhysicLine,80039.8,-31871.0,80054.2,-31873.7
PhysicLine,80054.2,-31873.7,80065.9,-31875.1
PhysicLine,80065.9,-31875.1,80075.7,-31875.7
PhysicLine,80075.7,-31875.7,80084.3,-31875.9
PhysicLine,80084.3,-31875.9,80092.5,-31876.2
PhysicLine,80092.5,-31876.2,80101.0,-31877.1
PhysicLine,80101.0,-31877.1,80110.5,-31879.1
PhysicLine,80110.5,-31879.1,80121.9,-31882.4
PhysicLine,80121.9,-31882.4,80135.7,-31887.8
PhysicLine,80135.7,-31887.8,80152.9,-31895.5
PhysicLine,80152.9,-31895.5,80174.1,-31906.1
PhysicLine,80174.1,-31906.1,80200.0,-31920.0
PhysicLine,80200.0,-31920.0,80229.6,-31936.8
PhysicLine,80229.6,-31936.8,80261.2,-31955.6
PhysicLine,80261.2,-31955.6,80294.9,-31976.3
PhysicLine,80294.9,-31976.3,80330.6,-31998.8
PhysicLine,80330.6,-31998.8,80368.4,-32023.1
PhysicLine,80368.4,-32023.1,80408.2,-32048.9
PhysicLine,80408.2,-32048.9,80450.0,-32076.2
PhysicLine,80450.0,-32076.2,80493.9,-32105.0
PhysicLine,80493.9,-32105.0,80539.8,-32134.9
PhysicLine,80539.8,-32134.9,80587.8,-32166.1
PhysicLine,80587.8,-32166.1,80637.8,-32198.2
PhysicLine,80637.8,-32198.2,80689.8,-32231.4
PhysicLine,80689.8,-32231.4,80743.9,-32265.3
PhysicLine,80743.9,-32265.3,80800.0,-32300.0
PhysicLine,80800.0,-32300.0,80859.1,-32336.1
PhysicLine,80859.1,-32336.1,80921.9,-32374.2
PhysicLine,80921.9,-32374.2,80987.8,-32414.0
PhysicLine,80987.8,-32414.0,81056.6,-32455.4
PhysicLine,81056.6,-32455.4,81127.6,-32498.1
PhysicLine,81127.6,-32498.1,81200.6,-32541.7
PhysicLine,81200.6,-32541.7,81275.0,-32586.2
PhysicLine,81275.0,-32586.2,81350.4,-32631.3
PhysicLine,81350.4,-32631.3,81426.5,-32676.7
PhysicLine,81426.5,-32676.7,81502.6,-32722.2
PhysicLine,81502.6,-32722.2,81578.5,-32767.5
PhysicLine,81578.5,-32767.5,81653.6,-32812.4
PhysicLine,81653.6,-32812.4,81727.6,-32856.6
PhysicLine,81727.6,-32856.6,81800.0,-32900.0
PhysicLine,81800.0,-32900.0,81871.4,-32942.9
PhysicLine,81871.4,-32942.9,81942.9,-32985.7
PhysicLine,81942.9,-32985.7,82014.3,-33028.6
PhysicLine,82014.3,-33028.6,82085.7,-33071.4
PhysicLine,82085.7,-33071.4,82157.1,-33114.3
PhysicLine,82157.1,-33114.3,82228.6,-33157.1
PhysicLine,82228.6,-33157.1,82300.0,-33200.0
PhysicLine,82300.0,-33200.0,82371.4,-33242.9
PhysicLine,82371.4,-33242.9,82442.9,-33285.7
PhysicLine,82442.9,-33285.7,82514.3,-33328.6
PhysicLine,82514.3,-33328.6,82585.7,-33371.4
PhysicLine,82585.7,-33371.4,82657.1,-33414.3
PhysicLine,82657.1,-33414.3,82728.6,-33457.1
PhysicLine,82728.6,-33457.1,82800.0,-33500.0
PhysicLine,82800.0,-33500.0,82872.4,-33543.6
PhysicLine,82872.4,-33543.6,82946.4,-33588.3
PhysicLine,82946.4,-33588.3,83021.5,-33634.0
PhysicLine,83021.5,-33634.0,83097.4,-33680.2
PhysicLine,83097.4,-33680.2,83173.5,-33726.6
PhysicLine,83173.5,-33726.6,83249.6,-33772.9
PhysicLine,83249.6,-33772.9,83325.0,-33818.8
PhysicLine,83325.0,-33818.8,83399.4,-33863.8
PhysicLine,83399.4,-33863.8,83472.4,-33907.9
PhysicLine,83472.4,-33907.9,83543.4,-33950.4
PhysicLine,83543.4,-33950.4,83612.2,-33991.3
PhysicLine,83612.2,-33991.3,83678.1,-34030.0
PhysicLine,83678.1,-34030.0,83740.9,-34066.4
PhysicLine,83740.9,-34066.4,83800.0,-34100.0
PhysicLine,83800.0,-34100.0,83854.7,-34131.4
PhysicLine,83854.7,-34131.4,83905.0,-34161.2
PhysicLine,83905.0,-34161.2,83951.4,-34189.5
PhysicLine,83951.4,-34189.5,83994.8,-34216.3
PhysicLine,83994.8,-34216.3,84035.6,-34241.6
PhysicLine,84035.6,-34241.6,84074.6,-34265.3
PhysicLine,84074.6,-34265.3,84112.5,-34287.5
PhysicLine,84112.5,-34287.5,84149.9,-34308.2
PhysicLine,84149.9,-34308.2,84187.4,-34327.3
PhysicLine,84187.4,-34327.3,84225.7,-34344.9
PhysicLine,84225.7,-34344.9,84265.4,-34361.0
PhysicLine,84265.4,-34361.0,84307.3,-34375.5
PhysicLine,84307.3,-34375.5,84351.9,-34388.5
PhysicLine,84351.9,-34388.5,84400.0,-34400.0
PhysicLine,84400.0,-34400.0,84451.5,-34408.5
PhysicLine,84451.5,-34408.5,84505.5,-34413.1
PhysicLine,84505.5,-34413.1,84561.8,-34414.4
PhysicLine,84561.8,-34414.4,84619.8,-34413.1
PhysicLine,84619.8,-34413.1,84679.2,-34409.8
PhysicLine,84679.2,-34409.8,84739.4,-34405.2
PhysicLine,84739.4,-34405.2,84800.0,-34400.0
PhysicLine,84800.0,-34400.0,84860.6,-34394.8
PhysicLine,84860.6,-34394.8,84920.8,-34390.2
PhysicLine,84920.8,-34390.2,84980.2,-34386.9
PhysicLine,84980.2,-34386.9,85038.2,-34385.6
PhysicLine,85038.2,-34385.6,85094.5,-34386.9
PhysicLine,85094.5,-34386.9,85148.5,-34391.5
PhysicLine,85148.5,-34391.5,85200.0,-34400.0
PhysicLine,85200.0,-34400.0,85248.1,-34411.5
PhysicLine,85248.1,-34411.5,85292.7,-34424.5
PhysicLine,85292.7,-34424.5,85334.6,-34439.0
PhysicLine,85334.6,-34439.0,85374.3,-34455.1
PhysicLine,85374.3,-34455.1,85412.6,-34472.7
PhysicLine,85412.6,-34472.7,85450.1,-34491.8
PhysicLine,85450.1,-34491.8,85487.5,-34512.5
PhysicLine,85487.5,-34512.5,85525.4,-34534.7
PhysicLine,85525.4,-34534.7,85564.4,-34558.4
PhysicLine,85564.4,-34558.4,85605.2,-34583.7
PhysicLine,85605.2,-34583.7,85648.6,-34610.5
PhysicLine,85648.6,-34610.5,85695.0,-34638.8
PhysicLine,85695.0,-34638.8,85745.3,-34668.6
PhysicLine,85745.3,-34668.6,85800.0,-34700.0
PhysicLine,85800.0,-34700.0,85859.1,-34733.6
PhysicLine,85859.1,-34733.6,85921.9,-34770.0
PhysicLine,85921.9,-34770.0,85987.8,-34808.7
PhysicLine,85987.8,-34808.7,86056.6,-34849.6
PhysicLine,86056.6,-34849.6,86127.6,-34892.1
PhysicLine,86127.6,-34892.1,86200.6,-34936.2
PhysicLine,86200.6,-34936.2,86275.0,-34981.2
PhysicLine,86275.0,-34981.2,86350.4,-35027.1
PhysicLine,86350.4,-35027.1,86426.5,-35073.4
PhysicLine,86426.5,-35073.4,86502.6,-35119.8
PhysicLine,86502.6,-35119.8,86578.5,-35166.0
PhysicLine,86578.5,-35166.0,86653.6,-35211.7
PhysicLine,86653.6,-35211.7,86727.6,-35256.4
PhysicLine,86727.6,-35256.4,86800.0,-35300.0
PhysicLine,86800.0,-35300.0,86873.3,-35344.0
PhysicLine,86873.3,-35344.0,86949.9,-35389.9
PhysicLine,86949.9,-35389.9,87028.7,-35437.2
PhysicLine,87028.7,-35437.2,87109.0,-35485.4
PhysicLine,87109.0,-35485.4,87189.9,-35534.0
PhysicLine,87189.9,-35534.0,87270.6,-35582.3
PhysicLine,87270.6,-35582.3,87350.0,-35630.0
PhysicLine,87350.0,-35630.0,87427.4,-35676.4
PhysicLine,87427.4,-35676.4,87501.9,-35721.1
PhysicLine,87501.9,-35721.1,87572.6,-35763.6
PhysicLine,87572.6,-35763.6,87638.6,-35803.2
PhysicLine,87638.6,-35803.2,87699.1,-35839.5
PhysicLine,87699.1,-35839.5,87753.2,-35871.9
PhysicLine,87753.2,-35871.9,87800.0,-35900.0
PhysicLine,87800.0,-35900.0,87839.1,-35923.3
PhysicLine,87839.1,-35923.3,87871.1,-35942.0
PhysicLine,87871.1,-35942.0,87896.9,-35956.7
PhysicLine,87896.9,-35956.7,87917.2,-35968.1
PhysicLine,87917.2,-35968.1,87932.9,-35976.6
PhysicLine,87932.9,-35976.6,87944.8,-35982.9
PhysicLine,87944.8,-35982.9,87953.8,-35987.5
PhysicLine,87953.8,-35987.5,87960.5,-35991.0
PhysicLine,87960.5,-35991.0,87965.8,-35993.9
PhysicLine,87965.8,-35993.9,87970.6,-35996.8
PhysicLine,87970.6,-35996.8,87975.5,-36000.3
PhysicLine,87975.5,-36000.3,87981.6,-36005.0
PhysicLine,87981.6,-36005.0,87989.5,-36011.3
PhysicLine,87989.5,-36011.3,88000.0,-36020.0
PhysicLine,88000.0,-36020.0,88010.8,-36030.1
PhysicLine,88010.8,-36030.1,88019.3,-36040.2
PhysicLine,88019.3,-36040.2,88026.0,-36050.6
PhysicLine,88026.0,-36050.6,88031.5,-36061.0
PhysicLine,88031.5,-36061.0,88036.4,-36071.7
PhysicLine,88036.4,-36071.7,88041.1,-36082.6
PhysicLine,88041.1,-36082.6,88046.2,-36093.8
PhysicLine,88046.2,-36093.8,88052.4,-36105.1
PhysicLine,88052.4,-36105.1,88060.0,-36116.8
PhysicLine,88060.0,-36116.8,88069.7,-36128.7
PhysicLine,88069.7,-36128.7,88082.0,-36141.0
PhysicLine,88082.0,-36141.0,88097.4,-36153.6
PhysicLine,88097.4,-36153.6,88116.6,-36166.6
PhysicLine,88116.6,-36166.6,88140.0,-36180.0
PhysicLine,88140.0,-36180.0,88168.7,-36194.2
PhysicLine,88202.7,-36209.5,88241.3,-36225.7
PhysicLine,88241.3,-36225.7,88283.6,-36242.6
PhysicLine,88283.6,-36242.6,88328.6,-36259.9
PhysicLine,88328.6,-36259.9,88375.6,-36277.4
PhysicLine,88375.6,-36277.4,88423.8,-36295.0
PhysicLine,88423.8,-36295.0,88472.1,-36312.4
PhysicLine,88472.1,-36312.4,88519.9,-36329.3
PhysicLine,88519.9,-36329.3,88566.2,-36345.6
PhysicLine,88566.2,-36345.6,88610.3,-36361.0
PhysicLine,88610.3,-36361.0,88651.1,-36375.4
PhysicLine,88651.1,-36375.4,88688.0,-36388.5
PhysicLine,88688.0,-36388.5,88720.0,-36400.0
PhysicLine,88720.0,-36400.0,88746.9,-36409.5
PhysicLine,88746.9,-36409.5,88769.5,-36416.7
PhysicLine,88769.5,-36416.7,88788.5,-36422.1
PhysicLine,88788.5,-36422.1,88804.6,-36426.1
PhysicLine,88804.6,-36426.1,88818.5,-36429.1
PhysicLine,88818.5,-36429.1,88830.9,-36431.5
PhysicLine,88830.9,-36431.5,88842.5,-36433.8
PhysicLine,88842.5,-36433.8,88854.0,-36436.3
PhysicLine,88854.0,-36436.3,88866.1,-36439.5
PhysicLine,88866.1,-36439.5,88879.5,-36443.7
PhysicLine,88879.5,-36443.7,88894.9,-36449.5
PhysicLine,88894.9,-36449.5,88912.9,-36457.2
PhysicLine,88912.9,-36457.2,88934.4,-36467.2
PhysicLine,88934.4,-36467.2,88960.0,-36480.0
PhysicLine,88960.0,-36480.0,88989.0,-36496.9
PhysicLine,88989.0,-36496.9,89020.0,-36518.5
PhysicLine,89020.0,-36518.5,89053.0,-36543.9
PhysicLine,89053.0,-36543.9,89087.8,-36572.0
PhysicLine,89087.8,-36572.0,89124.2,-36602.0
PhysicLine,89124.2,-36602.0,89162.0,-36632.9
PhysicLine,89162.0,-36632.9,89201.2,-36663.8
PhysicLine,89201.2,-36663.8,89241.6,-36693.6
PhysicLine,89241.6,-36693.6,89283.0,-36721.6
PhysicLine,89283.0,-36721.6,89325.3,-36746.8
PhysicLine,89325.3,-36746.8,89368.3,-36768.1
PhysicLine,89368.3,-36768.1,89411.8,-36784.7
PhysicLine,89411.8,-36784.7,89455.8,-36795.7
PhysicLine,89455.8,-36795.7,89500.0,-36800.0
PhysicLine,89500.0,-36800.0,89545.1,-36795.8
PhysicLine,89545.1,-36795.8,89591.6,-36782.7
PhysicLine,89591.6,-36782.7,89639.4,-36762.3
PhysicLine,89639.4,-36762.3,89688.3,-36736.2
PhysicLine,89688.3,-36736.2,89738.2,-36705.8
PhysicLine,89738.2,-36705.8,89788.8,-36672.8
PhysicLine,89788.8,-36672.8,89840.0,-36638.8
PhysicLine,89840.0,-36638.8,89891.6,-36605.1
PhysicLine,89891.6,-36605.1,89943.4,-36573.5
PhysicLine,89943.4,-36573.5,89995.3,-36545.5
PhysicLine,89995.3,-36545.5,90047.1,-36522.6
PhysicLine,90047.1,-36522.6,90098.6,-36506.3
PhysicLine,90098.6,-36506.3,90149.6,-36498.3
PhysicLine,90149.6,-36498.3,90200.0,-36500.0
PhysicLine,90200.0,-36500.0,90250.0,-36513.0
PhysicLine,90250.0,-36513.0,90300.0,-36536.4
PhysicLine,90300.0,-36536.4,90350.0,-36568.7
PhysicLine,90350.0,-36568.7,90400.0,-36607.9
PhysicLine,90400.0,-36607.9,90450.0,-36652.3
PhysicLine,90450.0,-36652.3,90500.0,-36700.3
PhysicLine,90500.0,-36700.3,90550.0,-36750.0
PhysicLine,90550.0,-36750.0,90600.0,-36799.7
PhysicLine,90600.0,-36799.7,90650.0,-36847.7
PhysicLine,90650.0,-36847.7,90700.0,-36892.1
PhysicLine,90700.0,-36892.1,90750.0,-36931.3
PhysicLine,90750.0,-36931.3,90800.0,-36963.6
PhysicLine,90800.0,-36963.6,90850.0,-36987.0
PhysicLine,90850.0,-36987.0,90900.0,-37000.0
PhysicLine,90900.0,-37000.0,90950.0,-37001.3
PhysicLine,90950.0,-37001.3,91000.0,-36992.1
PhysicLine,91000.0,-36992.1,91050.0,-36974.2
PhysicLine,91050.0,-36974.2,91100.0,-36949.3
PhysicLine,91100.0,-36949.3,91150.0,-36919.1
PhysicLine,91150.0,-36919.1,91200.0,-36885.4
PhysicLine,91200.0,-36885.4,91250.0,-36850.0
PhysicLine,91250.0,-36850.0,91300.0,-36814.6
PhysicLine,91300.0,-36814.6,91350.0,-36780.9
PhysicLine,91350.0,-36780.9,91400.0,-36750.7
PhysicLine,91400.0,-36750.7,91450.0,-36725.8
PhysicLine,91450.0,-36725.8,91500.0,-36707.9
PhysicLine,91500.0,-36707.9,91550.0,-36698.7
PhysicLine,91550.0,-36698.7,91600.0,-36700.0
PhysicLine,91600.0,-36700.0,91650.0,-36713.0
PhysicLine,91650.0,-36713.0,91700.0,-36736.4
PhysicLine,91700.0,-36736.4,91750.0,-36768.7
PhysicLine,91750.0,-36768.7,91800.0,-36807.9
PhysicLine,91800.0,-36807.9,91850.0,-36852.3
PhysicLine,91850.0,-36852.3,91900.0,-36900.3
PhysicLine,91900.0,-36900.3,91950.0,-36950.0
PhysicLine,91950.0,-36950.0,92000.0,-36999.7
PhysicLine,92000.0,-36999.7,92050.0,-37047.7
PhysicLine,92050.0,-37047.7,92100.0,-37092.1
PhysicLine,92100.0,-37092.1,92150.0,-37131.3
PhysicLine,92150.0,-37131.3,92200.0,-37163.6
PhysicLine,92200.0,-37163.6,92250.0,-37187.0
PhysicLine,92250.0,-37187.0,92300.0,-37200.0
PhysicLine,92300.0,-37200.0,92350.0,-37201.5
PhysicLine,92350.0,-37201.5,92400.0,-37193.0
PhysicLine,92400.0,-37193.0,92450.0,-37176.0
PhysicLine,92450.0,-37176.0,92500.0,-37152.2
PhysicLine,92500.0,-37152.2,92550.0,-37123.2
PhysicLine,92550.0,-37123.2,92600.0,-37090.7
PhysicLine,92600.0,-37090.7,92650.0,-37056.2
PhysicLine,92650.0,-37056.2,92700.0,-37021.6
PhysicLine,92700.0,-37021.6,92750.0,-36988.3
PhysicLine,92750.0,-36988.3,92800.0,-36958.0
PhysicLine,92800.0,-36958.0,92850.0,-36932.4
PhysicLine,92850.0,-36932.4,92900.0,-36913.1
PhysicLine,92900.0,-36913.1,92950.0,-36901.8
PhysicLine,92950.0,-36901.8,93000.0,-36900.0
PhysicLine,93000.0,-36900.0,93050.2,-36908.0
PhysicLine,93050.2,-36908.0,93100.9,-36923.9
PhysicLine,93100.9,-36923.9,93151.8,-36946.6
PhysicLine,93151.8,-36946.6,93202.9,-36974.9
PhysicLine,93202.9,-36974.9,93254.1,-37007.6
PhysicLine,93254.1,-37007.6,93305.2,-37043.4
PhysicLine,93305.2,-37043.4,93356.2,-37081.2
PhysicLine,93356.2,-37081.2,93407.0,-37119.8
PhysicLine,93407.0,-37119.8,93457.4,-37158.0
PhysicLine,93457.4,-37158.0,93507.3,-37194.5
PhysicLine,93507.3,-37194.5,93556.6,-37228.1
PhysicLine,93556.6,-37228.1,93605.2,-37257.7
PhysicLine,93605.2,-37257.7,93653.1,-37282.1
PhysicLine,93653.1,-37282.1,93700.0,-37300.0
PhysicLine,93700.0,-37300.0,93746.2,-37312.3
PhysicLine,93746.2,-37312.3,93791.8,-37321.0
PhysicLine,93791.8,-37321.0,93837.0,-37326.5
PhysicLine,93837.0,-37326.5,93881.6,-37329.2
PhysicLine,93881.6,-37329.2,93925.8,-37329.5
PhysicLine,93925.8,-37329.5,93969.4,-37328.0
PhysicLine,93969.4,-37328.0,94012.5,-37325.0
PhysicLine,94012.5,-37325.0,94055.1,-37321.0
PhysicLine,94055.1,-37321.0,94097.2,-37316.4
PhysicLine,94097.2,-37316.4,94138.8,-37311.7
PhysicLine,94138.8,-37311.7,94179.8,-37307.2
PhysicLine,94179.8,-37307.2,94220.4,-37303.5
PhysicLine,94220.4,-37303.5,94260.5,-37300.9
PhysicLine,94260.5,-37300.9,94300.0,-37300.0
PhysicLine,94300.0,-37300.0,94338.6,-37300.0
PhysicLine,94338.6,-37300.0,94375.8,-37300.0
PhysicLine,94375.8,-37300.0,94412.0,-37300.0
PhysicLine,94412.0,-37300.0,94447.2,-37300.0
PhysicLine,94447.2,-37300.0,94481.9,-37300.0
PhysicLine,94481.9,-37300.0,94516.0,-37300.0
PhysicLine,94516.0,-37300.0,94550.0,-37300.0
PhysicLine,94550.0,-37300.0,94584.0,-37300.0
PhysicLine,94584.0,-37300.0,94618.1,-37300.0
PhysicLine,94618.1,-37300.0,94652.8,-37300.0
PhysicLine,94652.8,-37300.0,94688.0,-37300.0
PhysicLine,94688.0,-37300.0,94724.2,-37300.0
PhysicLine,94724.2,-37300.0,94761.4,-37300.0
PhysicLine,94761.4,-37300.0,94800.0,-37300.0
PhysicLine,94800.0,-37300.0,94840.7,-37299.7
PhysicLine,94840.7,-37299.7,94884.0,-37299.0
PhysicLine,94884.0,-37299.0,94929.2,-37297.8
PhysicLine,94929.2,-37297.8,94975.8,-37296.5
PhysicLine,94975.8,-37296.5,95023.3,-37295.1
PhysicLine,95023.3,-37295.1,95071.1,-37293.7
PhysicLine,95071.1,-37293.7,95118.8,-37292.5
PhysicLine,95118.8,-37292.5,95165.6,-37291.6
PhysicLine,95165.6,-37291.6,95211.1,-37291.1
PhysicLine,95211.1,-37291.1,95254.8,-37291.3
PhysicLine,95254.8,-37291.3,95296.1,-37292.1
PhysicLine,95296.1,-37292.1,95334.4,-37293.7
PhysicLine,95334.4,-37293.7,95369.2,-37296.3
PhysicLine,95369.2,-37296.3,95400.0,-37300.0
PhysicLine,95400.0,-37300.0,95426.8,-37304.8
PhysicLine,95426.8,-37304.8,95450.3,-37310.7
PhysicLine,95450.3,-37310.7,95470.8,-37317.4
PhysicLine,95470.8,-37317.4,95488.6,-37325.0
PhysicLine,95488.6,-37325.0,95504.2,-37333.2
PhysicLine,95504.2,-37333.2,95517.9,-37342.0
PhysicLine,95517.9,-37342.0,95530.0,-37351.2
PhysicLine,95530.0,-37351.2,95540.9,-37360.9
PhysicLine,95540.9,-37360.9,95550.9,-37370.7
PhysicLine,95550.9,-37370.7,95560.3,-37380.8
PhysicLine,95560.3,-37380.8,95569.7,-37390.8
PhysicLine,95569.7,-37390.8,95579.1,-37400.8
PhysicLine,95579.1,-37400.8,95589.1,-37410.5
PhysicLine,95589.1,-37410.5,95600.0,-37420.0
PhysicLine,95600.0,-37420.0,95610.2,-37429.3
PhysicLine,95610.2,-37429.3,95618.2,-37438.6
PhysicLine,95618.2,-37438.6,95624.5,-37448.0
PhysicLine,95624.5,-37448.0,95629.6,-37457.4
PhysicLine,95629.6,-37457.4,95634.0,-37466.9
PhysicLine,95634.0,-37466.9,95638.1,-37476.5
PhysicLine,95638.1,-37476.5,95642.5,-37486.2
PhysicLine,95642.5,-37486.2,95647.6,-37496.2
PhysicLine,95647.6,-37496.2,95653.9,-37506.2
PhysicLine,95653.9,-37506.2,95661.8,-37516.5
PhysicLine,95661.8,-37516.5,95671.9,-37527.0
PhysicLine,95671.9,-37527.0,95684.7,-37537.7
PhysicLine,95684.7,-37537.7,95700.5,-37548.7
PhysicLine,95700.5,-37548.7,95720.0,-37560.0
PhysicLine,95720.0,-37560.0,95744.0,-37572.0
PhysicLine,95744.0,-37572.0,95772.7,-37584.8
PhysicLine,95772.7,-37584.8,95805.2,-37598.5
PhysicLine,95805.2,-37598.5,95840.8,-37612.6
PhysicLine,95840.8,-37612.6,95878.8,-37627.1
PhysicLine,95878.8,-37627.1,95918.4,-37641.7
PhysicLine,95918.4,-37641.7,95958.8,-37656.2
PhysicLine,95958.8,-37656.2,95999.2,-37670.6
PhysicLine,95999.2,-37670.6,96038.9,-37684.4
PhysicLine,96038.9,-37684.4,96077.1,-37697.6
PhysicLine,96077.1,-37697.6,96113.1,-37710.0
PhysicLine,96113.1,-37710.0,96146.1,-37721.3
PhysicLine,96146.1,-37721.3,96175.3,-37731.4
PhysicLine,96175.3,-37731.4,96200.0,-37740.0
PhysicLine,96200.0,-37740.0,96220.4,-37747.1
PhysicLine,96220.4,-37747.1,96237.7,-37752.7
PhysicLine,96237.7,-37752.7,96252.1,-37757.1
PhysicLine,96252.1,-37757.1,96264.2,-37760.5
PhysicLine,96264.2,-37760.5,96274.3,-37763.0
PhysicLine,96274.3,-37763.0,96282.7,-37764.8
PhysicLine,96282.7,-37764.8,96290.0,-37766.2
PhysicLine,96290.0,-37766.2,96296.4,-37767.4
PhysicLine,96296.4,-37767.4,96302.5,-37768.5
PhysicLine,96302.5,-37768.5,96308.5,-37769.7
PhysicLine,96308.5,-37769.7,96314.8,-37771.3
PhysicLine,96314.8,-37771.3,96321.9,-37773.4
PhysicLine,96321.9,-37773.4,96330.2,-37776.2
PhysicLine,96330.2,-37776.2,96340.0,-37780.0
PhysicLine,96340.0,-37780.0,96350.9,-37784.3
PhysicLine,96350.9,-37784.3,96362.2,-37788.8
PhysicLine,96362.2,-37788.8,96373.7,-37793.4
PhysicLine,96373.7,-37793.4,96385.4,-37798.2
PhysicLine,96385.4,-37798.2,96397.3,-37803.2
PhysicLine,96397.3,-37803.2,96409.3,-37808.3
PhysicLine,96409.3,-37808.3,96421.2,-37813.8
PhysicLine,96421.2,-37813.8,96433.2,-37819.4
PhysicLine,96433.2,-37819.4,96445.0,-37825.4
PhysicLine,96445.0,-37825.4,96456.6,-37831.6
PhysicLine,96456.6,-37831.6,96468.0,-37838.2
PhysicLine,96468.0,-37838.2,96479.1,-37845.1
PhysicLine,96479.1,-37845.1,96489.8,-37852.3
PhysicLine,96489.8,-37852.3,96500.0,-37860.0
PhysicLine,96500.0,-37860.0,96509.0,-37868.1
PhysicLine,96509.0,-37868.1,96516.1,-37876.7
PhysicLine,96516.1,-37876.7,96521.9,-37885.7
PhysicLine,96521.9,-37885.7,96526.7,-37895.0
PhysicLine,96526.7,-37895.0,96531.0,-37904.8
PhysicLine,96531.0,-37904.8,96535.3,-37914.8
PhysicLine,96535.3,-37914.8,96540.0,-37925.0
PhysicLine,96540.0,-37925.0,96545.5,-37935.5
PhysicLine,96545.5,-37935.5,96552.2,-37946.1
PhysicLine,96552.2,-37946.1,96560.6,-37956.8
PhysicLine,96560.6,-37956.8,96571.2,-37967.6
PhysicLine,96571.2,-37967.6,96584.3,-37978.4
PhysicLine,96584.3,-37978.4,96600.4,-37989.2
PhysicLine,96600.4,-37989.2,96620.0,-38000.0
PhysicLine,96620.0,-38000.0,96643.9,-38011.1
PhysicLine,96643.9,-38011.1,96672.3,-38022.9
PhysicLine,96672.3,-38022.9,96704.5,-38035.1
PhysicLine,96704.5,-38035.1,96739.7,-38047.8
PhysicLine,96739.7,-38047.8,96777.2,-38060.6
PhysicLine,96777.2,-38060.6,96816.3,-38073.5
PhysicLine,96816.3,-38073.5,96856.2,-38086.2
PhysicLine,96856.2,-38086.2,96896.4,-38098.8
PhysicLine,96896.4,-38098.8,96936.0,-38110.9
PhysicLine,96936.0,-38110.9,96974.2,-38122.4
PhysicLine,96974.2,-38122.4,97010.5,-38133.3
PhysicLine,97010.5,-38133.3,97044.0,-38143.3
PhysicLine,97044.0,-38143.3,97074.1,-38152.2
PhysicLine,97074.1,-38152.2,97100.0,-38160.0
PhysicLine,97100.0,-38160.0,97122.1,-38166.5
PhysicLine,97122.1,-38166.5,97141.6,-38171.7
PhysicLine,97141.6,-38171.7,97158.8,-38175.8
PhysicLine,97158.8,-38175.8,97173.9,-38179.0
PhysicLine,97173.9,-38179.0,97187.2,-38181.5
PhysicLine,97187.2,-38181.5,97199.2,-38183.4
PhysicLine,97199.2,-38183.4,97210.0,-38185.0
PhysicLine,97210.0,-38185.0,97220.0,-38186.4
PhysicLine,97220.0,-38186.4,97229.5,-38187.7
PhysicLine,97229.5,-38187.7,97238.8,-38189.2
PhysicLine,97238.8,-38189.2,97248.2,-38190.9
PhysicLine,97248.2,-38190.9,97258.0,-38193.2
PhysicLine,97258.0,-38193.2,97268.5,-38196.2
PhysicLine,97268.5,-38196.2,97280.0,-38200.0
PhysicLine,97280.0,-38200.0,97292.1,-38204.3
PhysicLine,97292.1,-38204.3,97304.3,-38208.8
PhysicLine,97304.3,-38208.8,97316.3,-38213.4
PhysicLine,97316.3,-38213.4,97328.3,-38218.2
PhysicLine,97328.3,-38218.2,97340.3,-38223.2
PhysicLine,97340.3,-38223.2,97352.1,-38228.3
PhysicLine,97352.1,-38228.3,97363.8,-38233.8
PhysicLine,97363.8,-38233.8,97375.3,-38239.4
PhysicLine,97375.3,-38239.4,97386.6,-38245.4
PhysicLine,97386.6,-38245.4,97397.8,-38251.6
PhysicLine,97397.8,-38251.6,97408.7,-38258.2
PhysicLine,97408.7,-38258.2,97419.4,-38265.1
PhysicLine,97419.4,-38265.1,97429.9,-38272.3
PhysicLine,97429.9,-38272.3,97440.0,-38280.0
PhysicLine,97440.0,-38280.0,97449.0,-38288.1
PhysicLine,97449.0,-38288.1,97456.1,-38296.5
PhysicLine,97456.1,-38296.5,97461.9,-38305.3
PhysicLine,97461.9,-38305.3,97466.7,-38314.5
PhysicLine,97466.7,-38314.5,97471.0,-38323.9
PhysicLine,97471.0,-38323.9,97475.3,-38333.7
PhysicLine,97475.3,-38333.7,97480.0,-38343.8
PhysicLine,97480.0,-38343.8,97485.5,-38354.1
PhysicLine,97485.5,-38354.1,97492.2,-38364.6
PhysicLine,97492.2,-38364.6,97500.6,-38375.3
PhysicLine,97500.6,-38375.3,97511.2,-38386.3
PhysicLine,97511.2,-38386.3,97524.3,-38397.4
PhysicLine,97524.3,-38397.4,97540.4,-38408.6
PhysicLine,97540.4,-38408.6,97560.0,-38420.0
PhysicLine,97560.0,-38420.0,97584.0,-38431.9
PhysicLine,97584.0,-38431.9,97612.5,-38444.7
PhysicLine,97612.5,-38444.7,97644.8,-38458.1
PhysicLine,97644.8,-38458.1,97680.2,-38472.0
PhysicLine,97680.2,-38472.0,97718.0,-38486.3
PhysicLine,97718.0,-38486.3,97757.3,-38500.6
PhysicLine,97757.3,-38500.6,97797.5,-38515.0
PhysicLine,97797.5,-38515.0,97837.8,-38529.2
PhysicLine,97837.8,-38529.2,97877.4,-38542.9
PhysicLine,97877.4,-38542.9,97915.7,-38556.2
PhysicLine,97915.7,-38556.2,97951.8,-38568.6
PhysicLine,97951.8,-38568.6,97985.1,-38580.2
PhysicLine,97985.1,-38580.2,98014.7,-38590.7
PhysicLine,98014.7,-38590.7,98040.0,-38600.0
PhysicLine,98040.0,-38600.0,98060.2,-38607.3
PhysicLine,98060.2,-38607.3,98075.8,-38612.4
PhysicLine,98075.8,-38612.4,98087.5,-38615.7
PhysicLine,98087.5,-38615.7,98096.2,-38617.7
PhysicLine,98096.2,-38617.7,98102.7,-38618.8
PhysicLine,98102.7,-38618.8,98107.9,-38619.4
PhysicLine,98107.9,-38619.4,98112.5,-38620.0
PhysicLine,98112.5,-38620.0,98117.4,-38621.0
PhysicLine,98117.4,-38621.0,98123.5,-38622.8
PhysicLine,98123.5,-38622.8,98131.5,-38625.9
PhysicLine,98131.5,-38625.9,98142.4,-38630.8
PhysicLine,98142.4,-38630.8,98156.9,-38637.8
PhysicLine,98156.9,-38637.8,98175.8,-38647.4
PhysicLine,98175.8,-38647.4,98200.0,-38660.0
PhysicLine,98200.0,-38660.0,98228.4,-38674.8
PhysicLine,98228.4,-38674.8,98259.1,-38690.7
PhysicLine,98259.1,-38690.7,98292.3,-38707.8
PhysicLine,98292.3,-38707.8,98327.7,-38726.2
PhysicLine,98327.7,-38726.2,98365.4,-38746.0
PhysicLine,98365.4,-38746.0,98405.4,-38767.2
PhysicLine,98405.4,-38767.2,98447.5,-38790.0
PhysicLine,98447.5,-38790.0,98491.8,-38814.4
PhysicLine,98491.8,-38814.4,98538.2,-38840.5
PhysicLine,98538.2,-38840.5,98586.6,-38868.5
PhysicLine,98586.6,-38868.5,98637.0,-38898.3
PhysicLine,98637.0,-38898.3,98689.4,-38930.1
PhysicLine,98689.4,-38930.1,98743.8,-38964.0
PhysicLine,98743.8,-38964.0,98800.0,-39000.0
PhysicLine,98800.0,-39000.0,98859.1,-39038.9
PhysicLine,98859.1,-39038.9,98921.9,-39081.1
PhysicLine,98921.9,-39081.1,98987.8,-39126.2
PhysicLine,98987.8,-39126.2,99056.6,-39173.8
PhysicLine,99056.6,-39173.8,99127.6,-39223.4
PhysicLine,99127.6,-39223.4,99200.6,-39274.8
PhysicLine,99200.6,-39274.8,99275.0,-39327.5
PhysicLine,99275.0,-39327.5,99350.4,-39381.1
PhysicLine,99350.4,-39381.1,99426.5,-39435.2
PhysicLine,99426.5,-39435.2,99502.6,-39489.5
PhysicLine,99502.6,-39489.5,99578.5,-39543.5
PhysicLine,99578.5,-39543.5,99653.6,-39596.9
PhysicLine,99653.6,-39596.9,99727.6,-39649.1
PhysicLine,99727.6,-39649.1,99800.0,-39700.0
PhysicLine,99800.0,-39700.0,99871.4,-39750.0
PhysicLine,99871.4,-39750.0,99942.9,-39800.0
PhysicLine,99942.9,-39800.0,100014.3,-39850.0
PhysicLine,100014.3,-39850.0,100085.7,-39900.0
PhysicLine,100085.7,-39900.0,100157.1,-39950.0
PhysicLine,100157.1,-39950.0,100228.6,-40000.0
PhysicLine,100228.6,-40000.0,100300.0,-40050.0
PhysicLine,100300.0,-40050.0,100371.4,-40100.0
PhysicLine,100371.4,-40100.0,100442.9,-40150.0
PhysicLine,100442.9,-40150.0,100514.3,-40200.0
PhysicLine,100514.3,-40200.0,100585.7,-40250.0
PhysicLine,100585.7,-40250.0,100657.1,-40300.0
PhysicLine,100657.1,-40300.0,100728.6,-40350.0
PhysicLine,100728.6,-40350.0,100800.0,-40400.0
PhysicLine,100800.0,-40400.0,100871.4,-40450.2
PhysicLine,100871.4,-40450.2,100942.9,-40500.9
PhysicLine,100942.9,-40500.9,101014.3,-40551.8
PhysicLine,101014.3,-40551.8,101085.7,-40602.9
PhysicLine,101085.7,-40602.9,101157.1,-40654.1
PhysicLine,101157.1,-40654.1,101228.6,-40705.2
PhysicLine,101228.6,-40705.2,101300.0,-40756.2
PhysicLine,101300.0,-40756.2,101371.4,-40807.0
PhysicLine,101371.4,-40807.0,101442.9,-40857.4
PhysicLine,101442.9,-40857.4,101514.3,-40907.3
PhysicLine,101514.3,-40907.3,101585.7,-40956.6
PhysicLine,101585.7,-40956.6,101657.1,-41005.2
PhysicLine,101657.1,-41005.2,101728.6,-41053.1
PhysicLine,101728.6,-41053.1,101800.0,-41100.0
PhysicLine,101800.0,-41100.0,101871.4,-41145.9
PhysicLine,101871.4,-41145.9,101942.9,-41191.0
PhysicLine,101942.9,-41191.0,102014.3,-41235.2
PhysicLine,102014.3,-41235.2,102085.7,-41278.7
PhysicLine,102085.7,-41278.7,102157.1,-41321.7
PhysicLine,102157.1,-41321.7,102228.6,-41364.1
PhysicLine,102228.6,-41364.1,102300.0,-41406.2
PhysicLine,102300.0,-41406.2,102371.4,-41448.1
PhysicLine,102371.4,-41448.1,102442.9,-41489.8
PhysicLine,102442.9,-41489.8,102514.3,-41531.5
PhysicLine,102514.3,-41531.5,102585.7,-41573.2
PhysicLine,102585.7,-41573.2,102657.1,-41615.2
PhysicLine,102657.1,-41615.2,102728.6,-41657.4
PhysicLine,102728.6,-41657.4,102800.0,-41700.0
PhysicLine,102800.0,-41700.0,102872.1,-41743.3
PhysicLine,102872.1,-41743.3,102945.5,-41787.5
PhysicLine,102945.5,-41787.5,103019.7,-41832.2
PhysicLine,103019.7,-41832.2,103094.5,-41877.3
PhysicLine,103094.5,-41877.3,103169.4,-41922.5
PhysicLine,103169.4,-41922.5,103244.3,-41967.6
PhysicLine,103244.3,-41967.6,103318.8,-42012.5
PhysicLine,103318.8,-42012.5,103392.4,-42056.9
PhysicLine,103392.4,-42056.9,103465.0,-42100.5
PhysicLine,103465.0,-42100.5,103536.2,-42143.1
PhysicLine,103536.2,-42143.1,103605.6,-42184.7
PhysicLine,103605.6,-42184.7,103672.9,-42224.8
PhysicLine,103672.9,-42224.8,103737.8,-42263.3
PhysicLine,103737.8,-42263.3,103800.0,-42300.0
PhysicLine,103800.0,-42300.0,103858.8,-42335.7
PhysicLine,103858.8,-42335.7,103914.0,-42371.1
PhysicLine,103914.0,-42371.1,103966.2,-42406.2
PhysicLine,103966.2,-42406.2,104016.0,-42440.5
PhysicLine,104016.0,-42440.5,104063.9,-42474.0
PhysicLine,104063.9,-42474.0,104110.5,-42506.4
PhysicLine,104110.5,-42506.4,104156.2,-42537.5
PhysicLine,104156.2,-42537.5,104201.7,-42567.1
PhysicLine,104201.7,-42567.1,104247.5,-42594.9
PhysicLine,104247.5,-42594.9,104294.2,-42620.7
PhysicLine,104294.2,-42620.7,104342.2,-42644.4
PhysicLine,104342.2,-42644.4,104392.1,-42665.6
PhysicLine,104392.1,-42665.6,104444.6,-42684.2
PhysicLine,104444.6,-42684.2,104500.0,-42700.0
PhysicLine,104500.0,-42700.0,104558.8,-42711.6
PhysicLine,104558.8,-42711.6,104620.7,-42718.4
PhysicLine,104620.7,-42718.4,104685.0,-42721.0
PhysicLine,104685.0,-42721.0,104751.3,-42720.4
PhysicLine,104751.3,-42720.4,104819.0,-42717.2
PhysicLine,104819.0,-42717.2,104887.5,-42712.2
PhysicLine,104887.5,-42712.2,104956.2,-42706.2
PhysicLine,104956.2,-42706.2,105024.8,-42700.0
PhysicLine,105024.8,-42700.0,105092.5,-42694.3
PhysicLine,105092.5,-42694.3,105158.9,-42689.8
PhysicLine,105158.9,-42689.8,105223.4,-42687.4
PhysicLine,105223.4,-42687.4,105285.4,-42687.8
PhysicLine,105285.4,-42687.8,105344.5,-42691.7
PhysicLine,105344.5,-42691.7,105400.0,-42700.0
PhysicLine,105400.0,-42700.0,105451.1,-42711.5
PhysicLine,105451.1,-42711.5,105498.0,-42724.5
PhysicLine,105498.0,-42724.5,105541.2,-42739.0
PhysicLine,105541.2,-42739.0,105581.6,-42755.1
PhysicLine,105581.6,-42755.1,105620.0,-42772.7
PhysicLine,105620.0,-42772.7,105657.1,-42791.8
PhysicLine,105657.1,-42791.8,105693.8,-42812.5
PhysicLine,105693.8,-42812.5,105730.6,-42834.7
PhysicLine,105730.6,-42834.7,105768.5,-42858.4
PhysicLine,105768.5,-42858.4,105808.2,-42883.7
PhysicLine,105808.2,-42883.7,105850.4,-42910.5
PhysicLine,105850.4,-42910.5,105895.9,-42938.8
PhysicLine,105895.9,-42938.8,105945.5,-42968.6
PhysicLine,105945.5,-42968.6,106000.0,-43000.0
PhysicLine,106000.0,-43000.0,106059.1,-43033.9
PhysicLine,106059.1,-43033.9,106121.9,-43070.8
PhysicLine,106121.9,-43070.8,106187.8,-43110.5
PhysicLine,106187.8,-43110.5,106256.6,-43152.5
PhysicLine,106256.6,-43152.5,106327.6,-43196.2
PhysicLine,106327.6,-43196.2,106400.6,-43241.4
PhysicLine,106400.6,-43241.4,106475.0,-43287.5
PhysicLine,106475.0,-43287.5,106550.4,-43334.1
PhysicLine,106550.4,-43334.1,106626.5,-43380.8
PhysicLine,106626.5,-43380.8,106702.6,-43427.1
PhysicLine,106702.6,-43427.1,106778.5,-43472.6
PhysicLine,106778.5,-43472.6,106853.6,-43516.9
PhysicLine,106853.6,-43516.9,106927.6,-43559.5
PhysicLine,106927.6,-43559.5,107000.0,-43600.0
PhysicLine,107000.0,-43600.0,107071.4,-43639.0
PhysicLine,107071.4,-43639.0,107142.9,-43677.6
PhysicLine,107142.9,-43677.6,107214.3,-43715.6
PhysicLine,107214.3,-43715.6,107285.7,-43753.1
PhysicLine,107285.7,-43753.1,107357.1,-43790.1
PhysicLine,107357.1,-43790.1,107428.6,-43826.5
PhysicLine,107428.6,-43826.5,107500.0,-43862.5
PhysicLine,107500.0,-43862.5,107571.4,-43898.0
PhysicLine,107571.4,-43898.0,107642.9,-43932.9
PhysicLine,107642.9,-43932.9,107714.3,-43967.3
PhysicLine,107714.3,-43967.3,107785.7,-44001.3
PhysicLine,107785.7,-44001.3,107857.1,-44034.7
PhysicLine,107857.1,-44034.7,107928.6,-44067.6
PhysicLine,107928.6,-44067.6,108000.0,-44100.0
PhysicLine,108000.0,-44100.0,108071.4,-44131.9
PhysicLine,108071.4,-44131.9,108142.9,-44163.3
PhysicLine,108142.9,-44163.3,108214.3,-44194.1
PhysicLine,108214.3,-44194.1,108285.7,-44224.5
PhysicLine,108285.7,-44224.5,108357.1,-44254.3
PhysicLine,108357.1,-44254.3,108428.6,-44283.7
PhysicLine,108428.6,-44283.7,108500.0,-44312.5
PhysicLine,108500.0,-44312.5,108571.4,-44340.8
PhysicLine,108571.4,-44340.8,108642.9,-44368.6
PhysicLine,108642.9,-44368.6,108714.3,-44395.9
PhysicLine,108714.3,-44395.9,108785.7,-44422.7
PhysicLine,108785.7,-44422.7,108857.1,-44449.0
PhysicLine,108857.1,-44449.0,108928.6,-44474.7
PhysicLine,108928.6,-44474.7,109000.0,-44500.0
PhysicLine,109000.0,-44500.0,109073.8,-44525.2
PhysicLine,109073.8,-44525.2,109151.6,-44550.7
PhysicLine,109151.6,-44550.7,109232.3,-44576.3
PhysicLine,109232.3,-44576.3,109314.9,-44601.7
PhysicLine,109314.9,-44601.7,109398.1,-44626.8
PhysicLine,109398.1,-44626.8,109481.0,-44651.3
PhysicLine,109481.0,-44651.3,109562.5,-44675.0
PhysicLine,109562.5,-44675.0,109641.4,-44697.7
PhysicLine,109641.4,-44697.7,109716.7,-44719.1
PhysicLine,109716.7,-44719.1,109787.2,-44739.1
PhysicLine,109787.2,-44739.1,109851.9,-44757.4
PhysicLine,109851.9,-44757.4,109909.6,-44773.8
PhysicLine,109909.6,-44773.8,109959.4,-44788.0
PhysicLine,109959.4,-44788.0,110000.0,-44800.0
PhysicLine,-10000.0,-10000.0,-10000.0,-10000.0
PhysicLine,-10000.0,-10000.0,-10000.0,-10000.0
PhysicLine,67612.5,-25911.2,67626.2,-25933.4
PhysicLine,67626.2,-25933.4,67627.3,-25959.6
PhysicLine,67627.3,-25959.6,67627.5,-25980.0
PhysicLine,67627.5,-25980.0,67661.2,-26004.7
PhysicLine,67661.2,-26004.7,67671.6,-26028.1
PhysicLine,67671.6,-26028.1,67698.6,-26040.9
PhysicLine,67698.6,-26040.9,67710.7,-26064.5
PhysicLine,67710.7,-26064.5,67745.5,-26086.5
PhysicLine,67745.5,-26086.5,67776.8,-26082.6
PhysicLine,67776.8,-26082.6,67817.4,-26102.2
PhysicLine,67817.4,-26102.2,67843.9,-26104.3
PhysicLine,67843.9,-26104.3,67877.2,-26108.2
PhysicLine,67877.2,-26108.2,67919.0,-26105.3
PhysicLine,67919.0,-26105.3,67952.8,-26106.5
PhysicLine,67952.8,-26106.5,67986.2,-26096.5
PhysicLine,67986.2,-26096.5,68022.5,-26090.2
PhysicLine,68022.5,-26090.2,68054.9,-26069.5
PhysicLine,68054.9,-26069.5,68088.4,-26061.7
PhysicLine,68088.4,-26061.7,68110.8,-26037.7
PhysicLine,68110.8,-26037.7,68137.6,-26030.5
PhysicLine,68137.6,-26030.5,68149.9,-25999.9
PhysicLine,68149.9,-25999.9,68172.1,-25976.8
PhysicLine,68172.1,-25976.8,68174.1,-25952.5
PhysicLine,68174.1,-25952.5,68183.2,-25933.1
PhysicLine,68183.2,-25933.1,68180.8,-25902.5
PhysicLine,68180.8,-25902.5,68181.8,-25880.5
PhysicLine,68181.8,-25880.5,68168.5,-25861.5
PhysicLine,68168.5,-25861.5,68143.3,-25834.1
PhysicLine,68143.3,-25834.1,68132.7,-25816.6
PhysicLine,68132.7,-25816.6,68108.1,-25791.8
PhysicLine,68108.1,-25791.8,68087.0,-25775.1
PhysicLine,68087.0,-25775.1,68053.1,-25762.0
PhysicLine,68053.1,-25762.0,68024.5,-25745.1
PhysicLine,68024.5,-25745.1,67987.5,-25741.2
PhysicLine,67987.5,-25741.2,67956.8,-25741.3
PhysicLine,67956.8,-25741.3,67909.8,-25727.0
PhysicLine,67909.8,-25727.0,67881.1,-25729.0
PhysicLine,67881.1,-25729.0,67844.9,-25738.8
PhysicLine,67844.9,-25738.8,67800.9,-25734.5
PhysicLine,67800.9,-25734.5,67769.5,-25751.2
PhysicLine,67769.5,-25751.2,67746.0,-25766.2
PhysicLine,67746.0,-25766.2,67706.3,-25773.4
PhysicLine,67706.3,-25773.4,67691.0,-25794.5
PhysicLine,67691.0,-25794.5,67661.7,-25818.8
PhysicLine,67661.7,-25818.8,67656.3,-25842.8
PhysicLine,67656.3,-25842.8,67625.7,-25862.2
PhysicLine,67625.7,-25862.2,67618.9,-25886.5
PhysicLine,67618.9,-25886.5,67612.5,-25911.2
PhysicLine,-10000.0,-10000.0,-10000.0,-10000.0
PhysicLine,-10000.0,-10000.0,-10000.0,-10000.0
PhysicLine,74984.8,-29762.7,75021.9,-29798.1
PhysicLine,75021.9,-29798.1,75010.3,-29828.0
PhysicLine,75010.3,-29828.0,75039.5,-29850.4
PhysicLine,75039.5,-29850.4,75050.4,-29878.9
PhysicLine,75050.4,-29878.9,75085.8,-29894.6
PhysicLine,75085.8,-29894.6,75111.0,-29921.8
PhysicLine,75111.0,-29921.8,75133.7,-29953.6
PhysicLine,75133.7,-29953.6,75171.1,-29957.5
PhysicLine,75171.1,-29957.5,75206.4,-29962.7
PhysicLine,75206.4,-29962.7,75254.2,-29969.0
PhysicLine,75254.2,-29969.0,75290.3,-29982.1
PhysicLine,75290.3,-29982.1,75333.1,-29999.1
PhysicLine,75333.1,-29999.1,75371.0,-29991.0
PhysicLine,75371.0,-29991.0,75411.3,-29974.7
PhysicLine,75411.3,-29974.7,75454.5,-29969.9
PhysicLine,75454.5,-29969.9,75507.9,-29977.5
PhysicLine,75507.9,-29977.5,75534.6,-29944.9
PhysicLine,75534.6,-29944.9,75579.1,-29940.8
PhysicLine,75579.1,-29940.8,75614.1,-29922.0
PhysicLine,75614.1,-29922.0,75634.7,-29901.3
PhysicLine,75634.7,-29901.3,75670.5,-29872.4
PhysicLine,75670.5,-29872.4,75661.8,-29839.8
PhysicLine,75661.8,-29839.8,75692.5,-29820.4
PhysicLine,75692.5,-29820.4,75696.0,-29790.5
PhysicLine,75696.0,-29790.5,75714.5,-29762.0
PhysicLine,75714.5,-29762.0,75710.8,-29733.7
PhysicLine,75710.8,-29733.7,75705.1,-29697.1
PhysicLine,75705.1,-29697.1,75681.2,-29675.2
PhysicLine,75681.2,-29675.2,75678.9,-29642.0
PhysicLine,75678.9,-29642.0,75649.4,-29626.3
PhysicLine,75649.4,-29626.3,75615.8,-29600.4
PhysicLine,75615.8,-29600.4,75581.2,-29580.6
PhysicLine,75581.2,-29580.6,75551.8,-29560.8
PhysicLine,75551.8,-29560.8,75517.1,-29544.3
PhysicLine,75517.1,-29544.3,75492.4,-29525.4
PhysicLine,75492.4,-29525.4,75447.6,-29519.1
PhysicLine,75447.6,-29519.1,75412.6,-29511.7
PhysicLine,75412.6,-29511.7,75366.1,-29517.3
PhysicLine,75366.1,-29517.3,75321.1,-29500.4
PhysicLine,75321.1,-29500.4,75280.2,-29525.2
PhysicLine,75280.2,-29525.2,75232.3,-29518.2
PhysicLine,75232.3,-29518.2,75203.2,-29540.3
PhysicLine,75203.2,-29540.3,75171.2,-29556.1
PhysicLine,75171.2,-29556.1,75139.3,-29565.2
PhysicLine,75139.3,-29565.2,75095.1,-29572.7
PhysicLine,75095.1,-29572.7,75067.5,-29607.5
PhysicLine,75067.5,-29607.5,75058.5,-29628.6
PhysicLine,75058.5,-29628.6,75017.4,-29649.7
PhysicLine,75017.4,-29649.7,75009.8,-29674.5
PhysicLine,75009.8,-29674.5,75010.7,-29706.4
PhysicLine,75010.7,-29706.4,74994.8,-29733.2
PhysicLine,74994.8,-29733.2,74984.8,-29762.7
PhysicLine,-10000.0,-10000.0,-10000.0,-10000.0
PhysicLine,-10000.0,-10000.0,-10000.0,-10000.0
PhysicLine,84368.6,-34685.4,84366.8,-34723.2
PhysicLine,84366.8,-34723.2,84393.8,-34745.2
PhysicLine,84393.8,-34745.2,84373.1,-34786.5
PhysicLine,84373.1,-34786.5,84419.8,-34822.2
PhysicLine,84419.8,-34822.2,84431.4,-34852.7
PhysicLine,84431.4,-34852.7,84455.5,-34878.3
PhysicLine,84455.5,-34878.3,84496.4,-34897.4
PhysicLine,84496.4,-34897.4,84508.1,-34935.1
PhysicLine,84508.1,-34935.1,84553.4,-34954.5
PhysicLine,84553.4,-34954.5,84610.9,-34954.8
PhysicLine,84610.9,-34954.8,84635.6,-34980.2
PhysicLine,84635.6,-34980.2,84699.4,-34977.2
PhysicLine,84699.4,-34977.2,84738.8,-34996.1
PhysicLine,84738.8,-34996.1,84786.1,-35011.2
PhysicLine,84786.1,-35011.2,84829.1,-35012.0
PhysicLine,84829.1,-35012.0,84879.2,-35004.1
PhysicLine,84879.2,-35004.1,84938.4,-34997.8
PhysicLine,84938.4,-34997.8,84956.4,-34966.4
PhysicLine,84956.4,-34966.4,85015.7,-34949.7
PhysicLine,85015.7,-34949.7,85054.3,-34939.5
PhysicLine,85054.3,-34939.5,85085.4,-34916.4
PhysicLine,85085.4,-34916.4,85118.9,-34896.1
PhysicLine,85118.9,-34896.1,85158.2,-34870.5
PhysicLine,85158.2,-34870.5,85196.5,-34844.6
PhysicLine,85196.5,-34844.6,85219.6,-34810.4
PhysicLine,85219.6,-34810.4,85236.2,-34780.2
PhysicLine,85236.2,-34780.2,85211.7,-34739.3
PhysicLine,85211.7,-34739.3,85249.9,-34706.8
PhysicLine,85249.9,-34706.8,85231.6,-34675.6
PhysicLine,85231.6,-34675.6,85209.3,-34642.4
PhysicLine,85209.3,-34642.4,85215.8,-34615.3
PhysicLine,85215.8,-34615.3,85174.7,-34581.8
PhysicLine,85174.7,-34581.8,85196.2,-34549.5
PhysicLine,85196.2,-34549.5,85158.7,-34518.7
PhysicLine,85158.7,-34518.7,85108.4,-34506.2
PhysicLine,85108.4,-34506.2,85083.3,-34463.7
PhysicLine,85083.3,-34463.7,85030.8,-34463.2
PhysicLine,85030.8,-34463.2,84989.5,-34446.0
PhysicLine,84989.5,-34446.0,84948.7,-34423.9
PhysicLine,84948.7,-34423.9,84918.5,-34396.6
PhysicLine,84918.5,-34396.6,84873.5,-34389.3
PhysicLine,84873.5,-34389.3,84815.2,-34412.9
PhysicLine,84815.2,-34412.9,84777.4,-34414.5
PhysicLine,84777.4,-34414.5,84720.4,-34408.0
PhysicLine,84720.4,-34408.0,84688.5,-34420.9
PhysicLine,84688.5,-34420.9,84627.4,-34413.2
PhysicLine,84627.4,-34413.2,84569.2,-34430.7
PhysicLine,84569.2,-34430.7,84550.0,-34460.4
PhysicLine,84550.0,-34460.4,84506.1,-34480.2
PhysicLine,84506.1,-34480.2,84471.4,-34502.1
PhysicLine,84471.4,-34502.1,84436.2,-34533.4
PhysicLine,84436.2,-34533.4,84421.2,-34557.6
PhysicLine,84421.2,-34557.6,84393.8,-34583.0
PhysicLine,84393.8,-34583.0,84390.9,-34629.4
PhysicLine,84390.9,-34629.4,84374.0,-34654.6
PhysicLine,84374.0,-34654.6,84368.6,-34685.4
PhysicLine,-10000.0,-10000.0,-10000.0,-10000.0
PhysicLine,-10000.0,-10000.0,-10000.0,-10000.0
PhysicLine,93738.9,-37531.5,93738.3,-37554.2
PhysicLine,93738.3,-37554.2,93741.4,-37587.9
PhysicLine,93741.4,-37587.9,93745.3,-37613.7
PhysicLine,93745.3,-37613.7,93772.3,-37631.6
PhysicLine,93772.3,-37631.6,93789.8,-37650.7
PhysicLine,93789.8,-37650.7,93817.9,-37668.6
PhysicLine,93817.9,-37668.6,93843.0,-37698.2
PhysicLine,93843.0,-37698.2,93878.3,-37710.2
PhysicLine,93878.3,-37710.2,93912.8,-37710.3
PhysicLine,93912.8,-37710.3,93952.9,-37724.1
PhysicLine,93952.9,-37724.1,93993.6,-37730.2
PhysicLine,93993.6,-37730.2,94027.6,-37717.9
PhysicLine,94027.6,-37717.9,94066.0,-37722.0
PhysicLine,94066.0,-37722.0,94098.7,-37707.0
PhysicLine,94098.7,-37707.0,94136.6,-37692.5
PhysicLine,94136.6,-37692.5,94173.5,-37688.8
PhysicLine,94173.5,-37688.8,94197.0,-37662.2
PhysicLine,94197.0,-37662.2,94225.0,-37644.2
PhysicLine,94225.0,-37644.2,94247.4,-37626.2
PhysicLine,94247.4,-37626.2,94254.3,-37598.3
PhysicLine,94254.3,-37598.3,94263.1,-37576.9
PhysicLine,94263.1,-37576.9,94265.7,-37544.8
PhysicLine,94265.7,-37544.8,94259.3,-37526.1
PhysicLine,94259.3,-37526.1,94265.4,-37497.0
PhysicLine,94265.4,-37497.0,94251.0,-37470.4
PhysicLine,94251.0,-37470.4,94226.8,-37443.9
PhysicLine,94226.8,-37443.9,94206.9,-37428.3
PhysicLine,94206.9,-37428.3,94179.6,-37407.8
PhysicLine,94179.6,-37407.8,94154.2,-37392.2
PhysicLine,94154.2,-37392.2,94127.0,-37372.6
PhysicLine,94127.0,-37372.6,94082.1,-37362.9
PhysicLine,94082.1,-37362.9,94053.7,-37364.7
PhysicLine,94053.7,-37364.7,94007.7,-37359.1
PhysicLine,94007.7,-37359.1,93976.2,-37354.0
PhysicLine,93976.2,-37354.0,93940.0,-37362.2
PhysicLine,93940.0,-37362.2,93904.4,-37367.6
PhysicLine,93904.4,-37367.6,93856.9,-37379.7
PhysicLine,93856.9,-37379.7,93823.3,-37391.3
PhysicLine,93823.3,-37391.3,93801.1,-37405.1
PhysicLine,93801.1,-37405.1,93779.5,-37438.8
PhysicLine,93779.5,-37438.8,93754.6,-37453.5
PhysicLine,93754.6,-37453.5,93734.8,-37479.4
PhysicLine,93734.8,-37479.4,93728.4,-37503.2
PhysicLine,93728.4,-37503.2,93738.9,-37531.5
PhysicLine,-10000.0,-10000.0,-10000.0,-10000.0
PhysicLine,-10000.0,-10000.0,-10000.0,-10000.0
PhysicLine,94834.5,-37546.2,94833.8,-37571.6
PhysicLine,94833.8,-37571.6,94840.8,-37590.5
PhysicLine,94840.8,-37590.5,94868.9,-37619.0
PhysicLine,94868.9,-37619.0,94884.2,-37641.7
PhysicLine,94884.2,-37641.7,94913.4,-37652.9
PhysicLine,94913.4,-37652.9,94937.9,-37671.7
PhysicLine,94937.9,-37671.7,94957.5,-37687.8
PhysicLine,94957.5,-37687.8,94996.7,-37695.7
PhysicLine,94996.7,-37695.7,95032.6,-37715.8
PhysicLine,95032.6,-37715.8,95072.8,-37708.6
PhysicLine,95072.8,-37708.6,95106.4,-37709.3
PhysicLine,95106.4,-37709.3,95134.5,-37707.5
PhysicLine,95134.5,-37707.5,95177.0,-37713.3
PhysicLine,95177.0,-37713.3,95215.2,-37691.9
PhysicLine,95215.2,-37691.9,95247.3,-37691.3
PhysicLine,95247.3,-37691.3,95281.7,-37675.1
PhysicLine,95281.7,-37675.1,95300.5,-37655.8
PhysicLine,95300.5,-37655.8,95331.6,-37633.9
PhysicLine,95331.6,-37633.9,95350.7,-37609.2
PhysicLine,95350.7,-37609.2,95345.8,-37586.3
PhysicLine,95345.8,-37586.3,95349.7,-37563.8
PhysicLine,95349.7,-37563.8,95349.8,-37538.4
PhysicLine,95349.8,-37538.4,95359.9,-37515.8
PhysicLine,95359.9,-37515.8,95352.6,-37487.9
PhysicLine,95352.6,-37487.9,95328.5,-37463.0
PhysicLine,95328.5,-37463.0,95316.9,-37444.0
PhysicLine,95316.9,-37444.0,95291.0,-37421.7
PhysicLine,95291.0,-37421.7,95255.1,-37408.4
PhysicLine,95255.1,-37408.4,95227.7,-37396.3
PhysicLine,95227.7,-37396.3,95212.4,-37376.2
PhysicLine,95212.4,-37376.2,95171.8,-37367.1
PhysicLine,95171.8,-37367.1,95138.5,-37365.7
PhysicLine,95138.5,-37365.7,95099.1,-37372.1
PhysicLine,95099.1,-37372.1,95060.3,-37359.8
PhysicLine,95060.3,-37359.8,95014.6,-37370.4
PhysicLine,95014.6,-37370.4,94984.8,-37375.4
PhysicLine,94984.8,-37375.4,94956.8,-37396.7
PhysicLine,94956.8,-37396.7,94925.5,-37404.5
PhysicLine,94925.5,-37404.5,94893.2,-37427.6
PhysicLine,94893.2,-37427.6,94874.7,-37441.8
PhysicLine,94874.7,-37441.8,94854.1,-37464.3
PhysicLine,94854.1,-37464.3,94852.4,-37495.6
PhysicLine,94852.4,-37495.6,94832.5,-37516.3
PhysicLine,94832.5,-37516.3,94834.5,-37546.2
PhysicLine,-10000.0,-10000.0,-10000.0,-10000.0
PhysicLine,-10000.0,-10000.0,-10000.0,-10000.0
PhysicLine,104439.3,-43116.5,104462.3,-43143.5
PhysicLine,104462.3,-43143.5,104460.6,-43189.3
PhysicLine,104460.6,-43189.3,104472.6,-43223.8
PhysicLine,104472.6,-43223.8,104492.3,-43256.5
PhysicLine,104492.3,-43256.5,104523.5,-43296.5
PhysicLine,104523.5,-43296.5,104562.7,-43318.0
PhysicLine,104562.7,-43318.0,104584.6,-43345.4
PhysicLine,104584.6,-43345.4,104638.0,-43375.2
PhysicLine,104638.0,-43375.2,104686.2,-43390.5
PhysicLine,104686.2,-43390.5,104725.4,-43417.8
PhysicLine,104725.4,-43417.8,104761.0,-43419.7
PhysicLine,104761.0,-43419.7,104822.7,-43446.1
PhysicLine,104822.7,-43446.1,104859.4,-43442.8
PhysicLine,104859.4,-43442.8,104925.0,-43442.1
PhysicLine,104925.0,-43442.1,104984.2,-43444.1
PhysicLine,104984.2,-43444.1,105018.6,-43448.9
PhysicLine,105018.6,-43448.9,105074.8,-43442.9
PhysicLine,105074.8,-43442.9,105141.8,-43434.7
PhysicLine,105141.8,-43434.7,105178.0,-43411.9
PhysicLine,105178.0,-43411.9,105230.3,-43395.7
PhysicLine,105230.3,-43395.7,105263.4,-43387.6
PhysicLine,105263.4,-43387.6,105300.0,-43345.2
PhysicLine,105300.0,-43345.2,105333.0,-43317.5
PhysicLine,105333.0,-43317.5,105360.8,-43281.3
PhysicLine,105360.8,-43281.3,105390.6,-43266.8
PhysicLine,105390.6,-43266.8,105419.4,-43231.7
PhysicLine,105419.4,-43231.7,105421.9,-43190.7
PhysicLine,105421.9,-43190.7,105429.7,-43160.1
PhysicLine,105429.7,-43160.1,105462.2,-43117.2
PhysicLine,105462.2,-43117.2,105432.0,-43079.4
PhysicLine,105432.0,-43079.4,105428.1,-43051.7
PhysicLine,105428.1,-43051.7,105446.6,-43006.6
PhysicLine,105446.6,-43006.6,105412.5,-42980.0
PhysicLine,105412.5,-42980.0,105397.3,-42949.8
PhysicLine,105397.3,-42949.8,105391.7,-42911.2
PhysicLine,105391.7,-42911.2,105334.3,-42879.1
PhysicLine,105334.3,-42879.1,105294.4,-42849.8
PhysicLine,105294.4,-42849.8,105251.9,-42828.9
PhysicLine,105251.9,-42828.9,105228.5,-42797.8
PhysicLine,105228.5,-42797.8,105186.9,-42781.0
PhysicLine,105186.9,-42781.0,105128.9,-42764.5
PhysicLine,105128.9,-42764.5,105082.9,-42762.2
PhysicLine,105082.9,-42762.2,105034.3,-42749.9
PhysicLine,105034.3,-42749.9,104972.1,-42760.5
PhysicLine,104972.1,-42760.5,104927.2,-42756.1
PhysicLine,104927.2,-42756.1,104881.2,-42746.3
PhysicLine,104881.2,-42746.3,104836.3,-42771.2
PhysicLine,104836.3,-42771.2,104775.5,-42769.7
PhysicLine,104775.5,-42769.7,104730.3,-42792.3
PhysicLine,104730.3,-42792.3,104677.2,-42794.3
PhysicLine,104677.2,-42794.3,104632.1,-42832.7
PhysicLine,104632.1,-42832.7,104599.8,-42846.4
PhysicLine,104599.8,-42846.4,104564.2,-42878.4
PhysicLine,104564.2,-42878.4,104544.3,-42910.9
PhysicLine,104544.3,-42910.9,104508.4,-42946.3
PhysicLine,104508.4,-42946.3,104488.5,-42976.9
PhysicLine,104488.5,-42976.9,104449.1,-43011.9
PhysicLine,104449.1,-43011.9,104460.5,-43045.6
PhysicLine,104460.5,-43045.6,104457.3,-43078.3
PhysicLine,104457.3,-43078.3,104439.3,-43116.5
PhysicLine,-10000.0,-10000.0,-10000.0,-10000.0
DecoLine,60000.0,-20714.0,60125.0,-20728.2
DecoLine,60125.0,-20728.2,60250.0,-20741.7
DecoLine,60250.0,-20741.7,60375.0,-20754.8
DecoLine,60375.0,-20754.8,60500.0,-20767.4
DecoLine,60500.0,-20767.4,60625.0,-20779.7
DecoLine,60625.0,-20779.7,60750.0,-20791.7
DecoLine,60750.0,-20791.7,60875.0,-20803.6
DecoLine,60875.0,-20803.6,61000.0,-20815.4
DecoLine,61000.0,-20815.4,61125.0,-20827.2
DecoLine,61125.0,-20827.2,61250.0,-20839.1
DecoLine,61250.0,-20839.1,61375.0,-20851.1
DecoLine,61375.0,-20851.1,61500.0,-20863.4
DecoLine,61500.0,-20863.4,61625.0,-20876.0
DecoLine,61625.0,-20876.0,61750.0,-20888.9
DecoLine,61750.0,-20888.9,61875.0,-20902.2
DecoLine,61875.0,-20902.2,62000.0,-20916.0
DecoLine,62000.0,-20916.0,62125.0,-20930.3
DecoLine,62125.0,-20930.3,62250.0,-20945.1
DecoLine,62250.0,-20945.1,62375.0,-20960.4
DecoLine,62375.0,-20960.4,62500.0,-20976.4
DecoLine,62500.0,-20976.4,62625.0,-20992.9
DecoLine,62625.0,-20992.9,62750.0,-21009.9
DecoLine,62750.0,-21009.9,62875.0,-21027.5
DecoLine,62875.0,-21027.5,63000.0,-21045.7
DecoLine,63000.0,-21045.7,63125.0,-21064.3
DecoLine,63125.0,-21064.3,63250.0,-21083.4
DecoLine,63250.0,-21083.4,63375.0,-21102.8
DecoLine,63375.0,-21102.8,63500.0,-21122.6
DecoLine,63500.0,-21122.6,63625.0,-21142.7
DecoLine,63625.0,-21142.7,63750.0,-21163.0
DecoLine,63750.0,-21163.0,63875.0,-21183.3
DecoLine,63875.0,-21183.3,64000.0,-21203.6
DecoLine,64000.0,-21203.6,64125.0,-21223.9
DecoLine,64125.0,-21223.9,64250.0,-21243.9
DecoLine,64250.0,-21243.9,64375.0,-21263.6
DecoLine,64375.0,-21263.6,64500.0,-21282.8
DecoLine,64500.0,-21282.8,64625.0,-21301.4
DecoLine,64625.0,-21301.4,64750.0,-21319.3
DecoLine,64750.0,-21319.3,64875.0,-21336.4
DecoLine,64875.0,-21336.4,65000.0,-21352.4
DecoLine,65000.0,-21352.4,65125.0,-21367.4
DecoLine,65125.0,-21367.4,65250.0,-21381.1
DecoLine,65250.0,-21381.1,65375.0,-21393.3
DecoLine,65375.0,-21393.3,65500.0,-21404.1
DecoLine,65500.0,-21404.1,65625.0,-21413.2
DecoLine,65625.0,-21413.2,65750.0,-21420.4
DecoLine,65750.0,-21420.4,65875.0,-21425.8
DecoLine,65875.0,-21425.8,66000.0,-21429.1
DecoLine,66000.0,-21429.1,66125.0,-21430.2
DecoLine,66125.0,-21430.2,66250.0,-21429.1
DecoLine,66250.0,-21429.1,66375.0,-21425.6
DecoLine,66375.0,-21425.6,66500.0,-21419.6
DecoLine,66500.0,-21419.6,66625.0,-21411.1
DecoLine,66625.0,-21411.1,66750.0,-21400.0
DecoLine,66750.0,-21400.0,66875.0,-21386.2
DecoLine,66875.0,-21386.2,67000.0,-21369.7
DecoLine,67000.0,-21369.7,67125.0,-21350.4
DecoLine,67125.0,-21350.4,67250.0,-21328.4
DecoLine,67250.0,-21328.4,67375.0,-21303.5
DecoLine,67375.0,-21303.5,67500.0,-21275.9
DecoLine,67500.0,-21275.9,67625.0,-21245.5
DecoLine,67625.0,-21245.5,67750.0,-21212.4
DecoLine,67750.0,-21212.4,67875.0,-21176.6
DecoLine,67875.0,-21176.6,68000.0,-21138.2
DecoLine,68000.0,-21138.2,68125.0,-21097.2
DecoLine,68125.0,-21097.2,68250.0,-21053.7
DecoLine,68250.0,-21053.7,68375.0,-21007.9
DecoLine,68375.0,-21007.9,68500.0,-20959.8
DecoLine,68500.0,-20959.8,68625.0,-20909.5
DecoLine,68625.0,-20909.5,68750.0,-20857.3
DecoLine,68750.0,-20857.3,68875.0,-20803.3
DecoLine,68875.0,-20803.3,69000.0,-20747.6
DecoLine,69000.0,-20747.6,69125.0,-20690.4
DecoLine,69125.0,-20690.4,69250.0,-20631.9
DecoLine,69250.0,-20631.9,69375.0,-20572.3
DecoLine,69375.0,-20572.3,69500.0,-20511.8
DecoLine,69500.0,-20511.8,69625.0,-20450.6
DecoLine,69625.0,-20450.6,69750.0,-20388.9
DecoLine,69750.0,-20388.9,69875.0,-20327.0
DecoLine,69875.0,-20327.0,70000.0,-20265.1
DecoLine,70000.0,-20265.1,70125.0,-20203.3
DecoLine,70125.0,-20203.3,70250.0,-20142.1
DecoLine,70250.0,-20142.1,70375.0,-20081.5
DecoLine,70375.0,-20081.5,70500.0,-20021.8
DecoLine,70500.0,-20021.8,70625.0,-19963.3
DecoLine,70625.0,-19963.3,70750.0,-19906.2
DecoLine,70750.0,-19906.2,70875.0,-19850.8
DecoLine,70875.0,-19850.8,71000.0,-19797.1
DecoLine,71000.0,-19797.1,71125.0,-19745.6
DecoLine,71125.0,-19745.6,71250.0,-19696.3
DecoLine,71250.0,-19696.3,71375.0,-19649.6
DecoLine,71375.0,-19649.6,71500.0,-19605.5
DecoLine,71500.0,-19605.5,71625.0,-19564.3
DecoLine,71625.0,-19564.3,71750.0,-19526.1
DecoLine,71750.0,-19526.1,71875.0,-19491.2
DecoLine,71875.0,-19491.2,72000.0,-19459.7
DecoLine,72000.0,-19459.7,72125.0,-19431.6
DecoLine,72125.0,-19431.6,72250.0,-19407.2
DecoLine,72250.0,-19407.2,72375.0,-19386.6
DecoLine,72375.0,-19386.6,72500.0,-19369.8
DecoLine,72500.0,-19369.8,72625.0,-19356.9
DecoLine,72625.0,-19356.9,72750.0,-19347.9
DecoLine,72750.0,-19347.9,72875.0,-19343.1
DecoLine,72875.0,-19343.1,73000.0,-19342.2
DecoLine,73000.0,-19342.2,73125.0,-19345.5
DecoLine,73125.0,-19345.5,73250.0,-19352.8
DecoLine,73250.0,-19352.8,73375.0,-19364.1
DecoLine,73375.0,-19364.1,73500.0,-19379.5
DecoLine,73500.0,-19379.5,73625.0,-19398.8
DecoLine,73625.0,-19398.8,73750.0,-19421.9
DecoLine,73750.0,-19421.9,73875.0,-19448.9
DecoLine,73875.0,-19448.9,74000.0,-19479.5
DecoLine,74000.0,-19479.5,74125.0,-19513.6
DecoLine,74125.0,-19513.6,74250.0,-19551.2
DecoLine,74250.0,-19551.2,74375.0,-19592.1
DecoLine,74375.0,-19592.1,74500.0,-19636.0
DecoLine,74500.0,-19636.0,74625.0,-19682.9
DecoLine,74625.0,-19682.9,74750.0,-19732.5
DecoLine,74750.0,-19732.5,74875.0,-19784.7
DecoLine,74875.0,-19784.7,75000.0,-19839.2
DecoLine,75000.0,-19839.2,75125.0,-19895.8
DecoLine,75125.0,-19895.8,75250.0,-19954.3
DecoLine,75250.0,-19954.3,75375.0,-20014.5
DecoLine,75375.0,-20014.5,75500.0,-20076.1
DecoLine,75500.0,-20076.1,75625.0,-20138.9
DecoLine,75625.0,-20138.9,75750.0,-20202.7
DecoLine,75750.0,-20202.7,75875.0,-20267.1
DecoLine,75875.0,-20267.1,76000.0,-20332.0
DecoLine,76000.0,-20332.0,76125.0,-20397.2
DecoLine,76125.0,-20397.2,76250.0,-20462.2
DecoLine,76250.0,-20462.2,76375.0,-20527.1
DecoLine,76375.0,-20527.1,76500.0,-20591.4
DecoLine,76500.0,-20591.4,76625.0,-20654.9
DecoLine,76625.0,-20654.9,76750.0,-20717.5
DecoLine,76750.0,-20717.5,76875.0,-20778.9
DecoLine,76875.0,-20778.9,77000.0,-20838.9
DecoLine,77000.0,-20838.9,77125.0,-20897.3
DecoLine,77125.0,-20897.3,77250.0,-20953.9
DecoLine,77250.0,-20953.9,77375.0,-21008.6
DecoLine,77375.0,-21008.6,77500.0,-21061.1
DecoLine,77500.0,-21061.1,77625.0,-21111.4
DecoLine,77625.0,-21111.4,77750.0,-21159.2
DecoLine,77750.0,-21159.2,77875.0,-21204.4
DecoLine,77875.0,-21204.4,78000.0,-21246.9
DecoLine,78000.0,-21246.9,78125.0,-21286.7
DecoLine,78125.0,-21286.7,78250.0,-21323.6
DecoLine,78250.0,-21323.6,78375.0,-21357.6
DecoLine,78375.0,-21357.6,78500.0,-21388.5
DecoLine,78500.0,-21388.5,78625.0,-21416.4
DecoLine,78625.0,-21416.4,78750.0,-21441.3
DecoLine,78750.0,-21441.3,78875.0,-21463.0
DecoLine,78875.0,-21463.0,79000.0,-21481.7
DecoLine,79000.0,-21481.7,79125.0,-21497.3
DecoLine,79125.0,-21497.3,79250.0,-21509.8
DecoLine,79250.0,-21509.8,79375.0,-21519.4
DecoLine,79375.0,-21519.4,79500.0,-21526.0
DecoLine,79500.0,-21526.0,79625.0,-21529.7
DecoLine,79625.0,-21529.7,79750.0,-21530.6
DecoLine,79750.0,-21530.6,79875.0,-21528.9
DecoLine,79875.0,-21528.9,80000.0,-21524.5
DecoLine,80000.0,-21524.5,80125.0,-21517.6
DecoLine,80125.0,-21517.6,80250.0,-21508.3
DecoLine,80250.0,-21508.3,80375.0,-21496.8
DecoLine,80375.0,-21496.8,80500.0,-21483.2
DecoLine,80500.0,-21483.2,80625.0,-21467.6
DecoLine,80625.0,-21467.6,80750.0,-21450.2
DecoLine,80750.0,-21450.2,80875.0,-21431.1
DecoLine,80875.0,-21431.1,81000.0,-21410.4
DecoLine,81000.0,-21410.4,81125.0,-21388.3
DecoLine,81125.0,-21388.3,81250.0,-21365.1
DecoLine,81250.0,-21365.1,81375.0,-21340.7
DecoLine,81375.0,-21340.7,81500.0,-21315.4
DecoLine,81500.0,-21315.4,81625.0,-21289.4
DecoLine,81625.0,-21289.4,81750.0,-21262.7
DecoLine,81750.0,-21262.7,81875.0,-21235.6
DecoLine,81875.0,-21235.6,82000.0,-21208.1
DecoLine,82000.0,-21208.1,82125.0,-21180.4
DecoLine,82125.0,-21180.4,82250.0,-21152.6
DecoLine,82250.0,-21152.6,82375.0,-21124.8
DecoLine,82375.0,-21124.8,82500.0,-21097.3
DecoLine,82500.0,-21097.3,82625.0,-21069.9
DecoLine,82625.0,-21069.9,82750.0,-21043.0
DecoLine,82750.0,-21043.0,82875.0,-21016.5
DecoLine,82875.0,-21016.5,83000.0,-20990.5
DecoLine,83000.0,-20990.5,83125.0,-20965.2
DecoLine,83125.0,-20965.2,83250.0,-20940.5
DecoLine,83250.0,-20940.5,83375.0,-20916.5
DecoLine,83375.0,-20916.5,83500.0,-20893.2
DecoLine,83500.0,-20893.2,83625.0,-20870.8
DecoLine,83625.0,-20870.8,83750.0,-20849.1
DecoLine,83750.0,-20849.1,83875.0,-20828.2
DecoLine,83875.0,-20828.2,84000.0,-20808.2
DecoLine,84000.0,-20808.2,84125.0,-20789.0
DecoLine,84125.0,-20789.0,84250.0,-20770.5
DecoLine,84250.0,-20770.5,84375.0,-20752.8
DecoLine,84375.0,-20752.8,84500.0,-20735.8
DecoLine,84500.0,-20735.8,84625.0,-20719.5
DecoLine,84625.0,-20719.5,84750.0,-20703.8
DecoLine,84750.0,-20703.8,84875.0,-20688.6
DecoLine,84875.0,-20688.6,85000.0,-20674.0
DecoLine,85000.0,-20674.0,85125.0,-20659.8
DecoLine,85125.0,-20659.8,85250.0,-20646.0
DecoLine,85250.0,-20646.0,85375.0,-20632.4
DecoLine,85375.0,-20632.4,85500.0,-20619.0
DecoLine,85500.0,-20619.0,85625.0,-20605.8
DecoLine,85625.0,-20605.8,85750.0,-20592.6
DecoLine,85750.0,-20592.6,85875.0,-20579.3
DecoLine,85875.0,-20579.3,86000.0,-20566.0
DecoLine,86000.0,-20566.0,86125.0,-20552.4
DecoLine,86125.0,-20552.4,86250.0,-20538.5
DecoLine,86250.0,-20538.5,86375.0,-20524.2
DecoLine,86375.0,-20524.2,86500.0,-20509.5
DecoLine,86500.0,-20509.5,86625.0,-20494.3
DecoLine,86625.0,-20494.3,86750.0,-20478.6
DecoLine,86750.0,-20478.6,86875.0,-20462.2
DecoLine,86875.0,-20462.2,87000.0,-20445.1
DecoLine,87000.0,-20445.1,87125.0,-20427.3
DecoLine,87125.0,-20427.3,87250.0,-20408.7
DecoLine,87250.0,-20408.7,87375.0,-20389.4
DecoLine,87375.0,-20389.4,87500.0,-20369.2
DecoLine,87500.0,-20369.2,87625.0,-20348.3
DecoLine,87625.0,-20348.3,87750.0,-20326.5
DecoLine,87750.0,-20326.5,87875.0,-20304.0
DecoLine,87875.0,-20304.0,88000.0,-20280.6
DecoLine,88000.0,-20280.6,88125.0,-20256.5
DecoLine,88125.0,-20256.5,88250.0,-20231.7
DecoLine,88250.0,-20231.7,88375.0,-20206.3
DecoLine,88375.0,-20206.3,88500.0,-20180.3
DecoLine,88500.0,-20180.3,88625.0,-20153.7
DecoLine,88625.0,-20153.7,88750.0,-20126.7
DecoLine,88750.0,-20126.7,88875.0,-20099.4
DecoLine,88875.0,-20099.4,89000.0,-20071.8
DecoLine,89000.0,-20071.8,89125.0,-20044.0
DecoLine,89125.0,-20044.0,89250.0,-20016.2
DecoLine,89250.0,-20016.2,89375.0,-19988.5
DecoLine,89375.0,-19988.5,89500.0,-19961.1
DecoLine,89500.0,-19961.1,89625.0,-19934.0
DecoLine,89625.0,-19934.0,89750.0,-19907.4
DecoLine,89750.0,-19907.4,89875.0,-19881.4
DecoLine,89875.0,-19881.4,90000.0,-19856.2
DecoLine,90000.0,-19856.2,90125.0,-19832.0
DecoLine,90125.0,-19832.0,90250.0,-19808.9
DecoLine,90250.0,-19808.9,90375.0,-19787.0
DecoLine,90375.0,-19787.0,90500.0,-19766.5
DecoLine,90500.0,-19766.5,90625.0,-19747.6
DecoLine,90625.0,-19747.6,90750.0,-19730.4
DecoLine,90750.0,-19730.4,90875.0,-19715.0
DecoLine,90875.0,-19715.0,91000.0,-19701.6
DecoLine,91000.0,-19701.6,91125.0,-19690.4
DecoLine,91125.0,-19690.4,91250.0,-19681.4
DecoLine,91250.0,-19681.4,91375.0,-19674.8
DecoLine,91375.0,-19674.8,91500.0,-19670.8
DecoLine,91500.0,-19670.8,91625.0,-19669.3
DecoLine,91625.0,-19669.3,91750.0,-19670.6
DecoLine,91750.0,-19670.6,91875.0,-19674.7
DecoLine,91875.0,-19674.7,92000.0,-19681.7
DecoLine,92000.0,-19681.7,92125.0,-19691.6
DecoLine,92125.0,-19691.6,92250.0,-19704.5
DecoLine,92250.0,-19704.5,92375.0,-19720.5
DecoLine,92375.0,-19720.5,92500.0,-19739.5
DecoLine,92500.0,-19739.5,92625.0,-19761.6
DecoLine,92625.0,-19761.6,92750.0,-19786.9
DecoLine,92750.0,-19786.9,92875.0,-19815.1
DecoLine,92875.0,-19815.1,93000.0,-19846.5
DecoLine,93000.0,-19846.5,93125.0,-19880.8
DecoLine,93125.0,-19880.8,93250.0,-19918.0
DecoLine,93250.0,-19918.0,93375.0,-19958.2
DecoLine,93375.0,-19958.2,93500.0,-20001.0
DecoLine,93500.0,-20001.0,93625.0,-20046.6
DecoLine,93625.0,-20046.6,93750.0,-20094.7
DecoLine,93750.0,-20094.7,93875.0,-20145.2
DecoLine,93875.0,-20145.2,94000.0,-20198.0
DecoLine,94000.0,-20198.0,94125.0,-20252.9
DecoLine,94125.0,-20252.9,94250.0,-20309.8
DecoLine,94250.0,-20309.8,94375.0,-20368.4
DecoLine,94375.0,-20368.4,94500.0,-20428.6
DecoLine,94500.0,-20428.6,94625.0,-20490.2
DecoLine,94625.0,-20490.2,94750.0,-20552.9
DecoLine,94750.0,-20552.9,94875.0,-20616.5
DecoLine,94875.0,-20616.5,95000.0,-20680.9
DecoLine,95000.0,-20680.9,95125.0,-20745.8
DecoLine,95125.0,-20745.8,95250.0,-20810.9
DecoLine,95250.0,-20810.9,95375.0,-20876.0
DecoLine,95375.0,-20876.0,95500.0,-20940.8
DecoLine,95500.0,-20940.8,95625.0,-21005.2
DecoLine,95625.0,-21005.2,95750.0,-21068.8
DecoLine,95750.0,-21068.8,95875.0,-21131.5
DecoLine,95875.0,-21131.5,96000.0,-21193.0
DecoLine,96000.0,-21193.0,96125.0,-21253.0
DecoLine,96125.0,-21253.0,96250.0,-21311.3
DecoLine,96250.0,-21311.3,96375.0,-21367.6
DecoLine,96375.0,-21367.6,96500.0,-21421.9
DecoLine,96500.0,-21421.9,96625.0,-21473.7
DecoLine,96625.0,-21473.7,96750.0,-21523.0
DecoLine,96750.0,-21523.0,96875.0,-21569.6
DecoLine,96875.0,-21569.6,97000.0,-21613.1
DecoLine,97000.0,-21613.1,97125.0,-21653.6
DecoLine,97125.0,-21653.6,97250.0,-21690.8
DecoLine,97250.0,-21690.8,97375.0,-21724.5
DecoLine,97375.0,-21724.5,97500.0,-21754.7
DecoLine,97500.0,-21754.7,97625.0,-21781.1
DecoLine,97625.0,-21781.1,97750.0,-21803.8
DecoLine,97750.0,-21803.8,97875.0,-21822.6
DecoLine,97875.0,-21822.6,98000.0,-21837.5
DecoLine,98000.0,-21837.5,98125.0,-21848.3
DecoLine,98125.0,-21848.3,98250.0,-21855.1
DecoLine,98250.0,-21855.1,98375.0,-21857.9
DecoLine,98375.0,-21857.9,98500.0,-21856.6
DecoLine,98500.0,-21856.6,98625.0,-21851.2
DecoLine,98625.0,-21851.2,98750.0,-21841.8
DecoLine,98750.0,-21841.8,98875.0,-21828.4
DecoLine,98875.0,-21828.4,99000.0,-21811.1
DecoLine,99000.0,-21811.1,99125.0,-21790.0
DecoLine,99125.0,-21790.0,99250.0,-21765.1
DecoLine,99250.0,-21765.1,99375.0,-21736.6
DecoLine,99375.0,-21736.6,99500.0,-21704.7
DecoLine,99500.0,-21704.7,99625.0,-21669.3
DecoLine,99625.0,-21669.3,99750.0,-21630.8
DecoLine,99750.0,-21630.8,99875.0,-21589.2
DecoLine,99875.0,-21589.2,100000.0,-21544.8
DecoLine,100000.0,-21544.8,100125.0,-21497.7
DecoLine,100125.0,-21497.7,100250.0,-21448.2
DecoLine,100250.0,-21448.2,100375.0,-21396.4
DecoLine,100375.0,-21396.4,100500.0,-21342.5
DecoLine,100500.0,-21342.5,100625.0,-21286.8
DecoLine,100625.0,-21286.8,100750.0,-21229.5
DecoLine,100750.0,-21229.5,100875.0,-21170.9
DecoLine,100875.0,-21170.9,101000.0,-21111.1
DecoLine,101000.0,-21111.1,101125.0,-21050.4
DecoLine,101125.0,-21050.4,101250.0,-20989.1
DecoLine,101250.0,-20989.1,101375.0,-20927.3
DecoLine,101375.0,-20927.3,101500.0,-20865.4
DecoLine,101500.0,-20865.4,101625.0,-20803.5
DecoLine,101625.0,-20803.5,101750.0,-20741.8
DecoLine,101750.0,-20741.8,101875.0,-20680.7
DecoLine,101875.0,-20680.7,102000.0,-20620.3
DecoLine,102000.0,-20620.3,102125.0,-20560.8
DecoLine,102125.0,-20560.8,102250.0,-20502.5
DecoLine,102250.0,-20502.5,102375.0,-20445.5
DecoLine,102375.0,-20445.5,102500.0,-20390.0
DecoLine,102500.0,-20390.0,102625.0,-20336.1
DecoLine,102625.0,-20336.1,102750.0,-20284.2
DecoLine,102750.0,-20284.2,102875.0,-20234.2
DecoLine,102875.0,-20234.2,103000.0,-20186.4
DecoLine,103000.0,-20186.4,103125.0,-20140.8
DecoLine,103125.0,-20140.8,103250.0,-20097.6
DecoLine,103250.0,-20097.6,103375.0,-20057.0
DecoLine,103375.0,-20057.0,103500.0,-20018.8
DecoLine,103500.0,-20018.8,103625.0,-19983.3
DecoLine,103625.0,-19983.3,103750.0,-19950.6
DecoLine,103750.0,-19950.6,103875.0,-19920.5
DecoLine,103875.0,-19920.5,104000.0,-19893.2
DecoLine,104000.0,-19893.2,104125.0,-19868.8
DecoLine,104125.0,-19868.8,104250.0,-19847.1
DecoLine,104250.0,-19847.1,104375.0,-19828.1
DecoLine,104375.0,-19828.1,104500.0,-19812.0
DecoLine,104500.0,-19812.0,104625.0,-19798.5
DecoLine,104625.0,-19798.5,104750.0,-19787.7
DecoLine,104750.0,-19787.7,104875.0,-19779.5
DecoLine,104875.0,-19779.5,105000.0,-19773.9
DecoLine,105000.0,-19773.9,105125.0,-19770.7
DecoLine,105125.0,-19770.7,105250.0,-19769.8
DecoLine,105250.0,-19769.8,105375.0,-19771.2
DecoLine,105375.0,-19771.2,105500.0,-19774.8
DecoLine,105500.0,-19774.8,105625.0,-19780.4
DecoLine,105625.0,-19780.4,105750.0,-19787.9
DecoLine,105750.0,-19787.9,105875.0,-19797.1
DecoLine,105875.0,-19797.1,106000.0,-19808.1
DecoLine,106000.0,-19808.1,106125.0,-19820.5
DecoLine,106125.0,-19820.5,106250.0,-19834.4
DecoLine,106250.0,-19834.4,106375.0,-19849.5
DecoLine,106375.0,-19849.5,106500.0,-19865.7
DecoLine,106500.0,-19865.7,106625.0,-19882.9
DecoLine,106625.0,-19882.9,106750.0,-19900.9
DecoLine,106750.0,-19900.9,106875.0,-19919.6
DecoLine,106875.0,-19919.6,107000.0,-19938.9
DecoLine,107000.0,-19938.9,107125.0,-19958.6
DecoLine,107125.0,-19958.6,107250.0,-19978.6
DecoLine,107250.0,-19978.6,107375.0,-19998.9
DecoLine,107375.0,-19998.9,107500.0,-20019.2
DecoLine,107500.0,-20019.2,107625.0,-20039.5
DecoLine,107625.0,-20039.5,107750.0,-20059.8
DecoLine,107750.0,-20059.8,107875.0,-20079.8
DecoLine,107875.0,-20079.8,108000.0,-20099.6
DecoLine,108000.0,-20099.6,108125.0,-20119.0
DecoLine,108125.0,-20119.0,108250.0,-20138.0
DecoLine,108250.0,-20138.0,108375.0,-20156.6
DecoLine,108375.0,-20156.6,108500.0,-20174.7
DecoLine,108500.0,-20174.7,108625.0,-20192.2
DecoLine,108625.0,-20192.2,108750.0,-20209.2
DecoLine,108750.0,-20209.2,108875.0,-20225.6
DecoLine,108875.0,-20225.6,109000.0,-20241.5
DecoLine,109000.0,-20241.5,109125.0,-20256.8
DecoLine,109125.0,-20256.8,109250.0,-20271.5
DecoLine,109250.0,-20271.5,109375.0,-20285.7
DecoLine,109375.0,-20285.7,109500.0,-20299.5
DecoLine,109500.0,-20299.5,109625.0,-20312.7
DecoLine,109625.0,-20312.7,109750.0,-20325.6
DecoLine,109750.0,-20325.6,109875.0,-20338.1
DecoLine,109875.0,-20338.1,110000.0,-20350.4
DecoLine,60000.0,-21330.2,60125.0,-21301.3
DecoLine,60125.0,-21301.3,60250.0,-21273.9
DecoLine,60250.0,-21273.9,60375.0,-21248.2
DecoLine,60375.0,-21248.2,60500.0,-21224.0
DecoLine,60500.0,-21224.0,60625.0,-21201.4
DecoLine,60625.0,-21201.4,60750.0,-21180.4
DecoLine,60750.0,-21180.4,60875.0,-21160.8
DecoLine,60875.0,-21160.8,61000.0,-21142.6
DecoLine,61000.0,-21142.6,61125.0,-21125.6
DecoLine,61125.0,-21125.6,61250.0,-21109.7
DecoLine,61250.0,-21109.7,61375.0,-21094.8
DecoLine,61375.0,-21094.8,61500.0,-21080.7
DecoLine,61500.0,-21080.7,61625.0,-21067.3
DecoLine,61625.0,-21067.3,61750.0,-21054.3
DecoLine,61750.0,-21054.3,61875.0,-21041.7
DecoLine,61875.0,-21041.7,62000.0,-21029.2
DecoLine,62000.0,-21029.2,62125.0,-21016.7
DecoLine,62125.0,-21016.7,62250.0,-21004.1
DecoLine,62250.0,-21004.1,62375.0,-20991.2
DecoLine,62375.0,-20991.2,62500.0,-20977.8
DecoLine,62500.0,-20977.8,62625.0,-20963.8
DecoLine,62625.0,-20963.8,62750.0,-20949.3
DecoLine,62750.0,-20949.3,62875.0,-20934.0
DecoLine,62875.0,-20934.0,63000.0,-20917.9
DecoLine,63000.0,-20917.9,63125.0,-20901.0
DecoLine,63125.0,-20901.0,63250.0,-20883.3
DecoLine,63250.0,-20883.3,63375.0,-20864.8
DecoLine,63375.0,-20864.8,63500.0,-20845.5
DecoLine,63500.0,-20845.5,63625.0,-20825.6
DecoLine,63625.0,-20825.6,63750.0,-20805.1
DecoLine,63750.0,-20805.1,63875.0,-20784.1
DecoLine,63875.0,-20784.1,64000.0,-20762.8
DecoLine,64000.0,-20762.8,64125.0,-20741.4
DecoLine,64125.0,-20741.4,64250.0,-20720.0
DecoLine,64250.0,-20720.0,64375.0,-20698.9
DecoLine,64375.0,-20698.9,64500.0,-20678.3
DecoLine,64500.0,-20678.3,64625.0,-20658.4
DecoLine,64625.0,-20658.4,64750.0,-20639.5
DecoLine,64750.0,-20639.5,64875.0,-20621.8
DecoLine,64875.0,-20621.8,65000.0,-20605.7
DecoLine,65000.0,-20605.7,65125.0,-20591.4
DecoLine,65125.0,-20591.4,65250.0,-20579.1
DecoLine,65250.0,-20579.1,65375.0,-20569.1
DecoLine,65375.0,-20569.1,65500.0,-20561.8
DecoLine,65500.0,-20561.8,65625.0,-20557.3
DecoLine,65625.0,-20557.3,65750.0,-20555.8
DecoLine,65750.0,-20555.8,65875.0,-20557.6
DecoLine,65875.0,-20557.6,66000.0,-20562.9
DecoLine,66000.0,-20562.9,66125.0,-20571.9
DecoLine,66125.0,-20571.9,66250.0,-20584.6
DecoLine,66250.0,-20584.6,66375.0,-20601.2
DecoLine,66375.0,-20601.2,66500.0,-20621.7
DecoLine,66500.0,-20621.7,66625.0,-20646.3
DecoLine,66625.0,-20646.3,66750.0,-20674.9
DecoLine,66750.0,-20674.9,66875.0,-20707.5
DecoLine,66875.0,-20707.5,67000.0,-20744.1
DecoLine,67000.0,-20744.1,67125.0,-20784.4
DecoLine,67125.0,-20784.4,67250.0,-20828.5
DecoLine,67250.0,-20828.5,67375.0,-20876.0
DecoLine,67375.0,-20876.0,67500.0,-20926.9
DecoLine,67500.0,-20926.9,67625.0,-20980.8
DecoLine,67625.0,-20980.8,67750.0,-21037.4
DecoLine,67750.0,-21037.4,67875.0,-21096.5
DecoLine,67875.0,-21096.5,68000.0,-21157.7
DecoLine,68000.0,-21157.7,68125.0,-21220.6
DecoLine,68125.0,-21220.6,68250.0,-21284.8
DecoLine,68250.0,-21284.8,68375.0,-21349.9
DecoLine,68375.0,-21349.9,68500.0,-21415.5
DecoLine,68500.0,-21415.5,68625.0,-21481.0
DecoLine,68625.0,-21481.0,68750.0,-21546.2
DecoLine,68750.0,-21546.2,68875.0,-21610.4
DecoLine,68875.0,-21610.4,69000.0,-21673.2
DecoLine,69000.0,-21673.2,69125.0,-21734.2
DecoLine,69125.0,-21734.2,69250.0,-21792.9
DecoLine,69250.0,-21792.9,69375.0,-21848.8
DecoLine,69375.0,-21848.8,69500.0,-21901.6
DecoLine,69500.0,-21901.6,69625.0,-21950.7
DecoLine,69625.0,-21950.7,69750.0,-21995.9
DecoLine,69750.0,-21995.9,69875.0,-22036.7
DecoLine,69875.0,-22036.7,70000.0,-22072.9
DecoLine,70000.0,-22072.9,70125.0,-22104.1
DecoLine,70125.0,-22104.1,70250.0,-22130.1
DecoLine,70250.0,-22130.1,70375.0,-22150.7
DecoLine,70375.0,-22150.7,70500.0,-22165.7
DecoLine,70500.0,-22165.7,70625.0,-22174.9
DecoLine,70625.0,-22174.9,70750.0,-22178.3
DecoLine,70750.0,-22178.3,70875.0,-22175.8
DecoLine,70875.0,-22175.8,71000.0,-22167.4
DecoLine,71000.0,-22167.4,71125.0,-22153.2
DecoLine,71125.0,-22153.2,71250.0,-22133.3
DecoLine,71250.0,-22133.3,71375.0,-22107.7
DecoLine,71375.0,-22107.7,71500.0,-22076.8
DecoLine,71500.0,-22076.8,71625.0,-22040.7
DecoLine,71625.0,-22040.7,71750.0,-21999.7
DecoLine,71750.0,-21999.7,71875.0,-21954.1
DecoLine,71875.0,-21954.1,72000.0,-21904.2
DecoLine,72000.0,-21904.2,72125.0,-21850.4
DecoLine,72125.0,-21850.4,72250.0,-21793.0
DecoLine,72250.0,-21793.0,72375.0,-21732.7
DecoLine,72375.0,-21732.7,72500.0,-21669.6
DecoLine,72500.0,-21669.6,72625.0,-21604.4
DecoLine,72625.0,-21604.4,72750.0,-21537.5
DecoLine,72750.0,-21537.5,72875.0,-21469.4
DecoLine,72875.0,-21469.4,73000.0,-21400.5
DecoLine,73000.0,-21400.5,73125.0,-21331.4
DecoLine,73125.0,-21331.4,73250.0,-21262.5
DecoLine,73250.0,-21262.5,73375.0,-21194.3
DecoLine,73375.0,-21194.3,73500.0,-21127.2
DecoLine,73500.0,-21127.2,73625.0,-21061.8
DecoLine,73625.0,-21061.8,73750.0,-20998.3
DecoLine,73750.0,-20998.3,73875.0,-20937.2
DecoLine,73875.0,-20937.2,74000.0,-20878.9
DecoLine,74000.0,-20878.9,74125.0,-20823.7
DecoLine,74125.0,-20823.7,74250.0,-20771.9
DecoLine,74250.0,-20771.9,74375.0,-20723.8
DecoLine,74375.0,-20723.8,74500.0,-20679.6
DecoLine,74500.0,-20679.6,74625.0,-20639.5
DecoLine,74625.0,-20639.5,74750.0,-20603.6
DecoLine,74750.0,-20603.6,74875.0,-20572.1
DecoLine,74875.0,-20572.1,75000.0,-20545.0
DecoLine,75000.0,-20545.0,75125.0,-20522.4
DecoLine,75125.0,-20522.4,75250.0,-20504.2
DecoLine,75250.0,-20504.2,75375.0,-20490.5
DecoLine,75375.0,-20490.5,75500.0,-20481.1
DecoLine,75500.0,-20481.1,75625.0,-20476.0
DecoLine,75625.0,-20476.0,75750.0,-20474.9
DecoLine,75750.0,-20474.9,75875.0,-20477.7
DecoLine,75875.0,-20477.7,76000.0,-20484.2
DecoLine,76000.0,-20484.2,76125.0,-20494.2
DecoLine,76125.0,-20494.2,76250.0,-20507.4
DecoLine,76250.0,-20507.4,76375.0,-20523.6
DecoLine,76375.0,-20523.6,76500.0,-20542.5
DecoLine,76500.0,-20542.5,76625.0,-20563.7
DecoLine,76625.0,-20563.7,76750.0,-20587.0
DecoLine,76750.0,-20587.0,76875.0,-20612.1
DecoLine,76875.0,-20612.1,77000.0,-20638.6
DecoLine,77000.0,-20638.6,77125.0,-20666.3
DecoLine,77125.0,-20666.3,77250.0,-20694.9
DecoLine,77250.0,-20694.9,77375.0,-20724.1
DecoLine,77375.0,-20724.1,77500.0,-20753.7
DecoLine,77500.0,-20753.7,77625.0,-20783.3
DecoLine,77625.0,-20783.3,77750.0,-20812.7
DecoLine,77750.0,-20812.7,77875.0,-20841.8
DecoLine,77875.0,-20841.8,78000.0,-20870.2
DecoLine,78000.0,-20870.2,78125.0,-20898.0
DecoLine,78125.0,-20898.0,78250.0,-20924.9
DecoLine,78250.0,-20924.9,78375.0,-20950.8
DecoLine,78375.0,-20950.8,78500.0,-20975.6
DecoLine,78500.0,-20975.6,78625.0,-20999.3
DecoLine,78625.0,-20999.3,78750.0,-21021.8
DecoLine,78750.0,-21021.8,78875.0,-21043.1
DecoLine,78875.0,-21043.1,79000.0,-21063.3
DecoLine,79000.0,-21063.3,79125.0,-21082.4
DecoLine,79125.0,-21082.4,79250.0,-21100.4
DecoLine,79250.0,-21100.4,79375.0,-21117.4
DecoLine,79500.0,-21133.6,79625.0,-21149.1
DecoLine,79625.0,-21149.1,79750.0,-21163.9
DecoLine,79750.0,-21163.9,79875.0,-21178.4
DecoLine,79875.0,-21178.4,80000.0,-21192.5
DecoLine,80000.0,-21192.5,80125.0,-21206.5
DecoLine,80125.0,-21206.5,80250.0,-21220.6
DecoLine,80250.0,-21220.6,80375.0,-21234.8
DecoLine,80375.0,-21234.8,80500.0,-21249.4
DecoLine,80500.0,-21249.4,80625.0,-21264.6
DecoLine,80625.0,-21264.6,80750.0,-21280.4
DecoLine,80750.0,-21280.4,80875.0,-21296.9
DecoLine,80875.0,-21296.9,81000.0,-21314.4
DecoLine,81000.0,-21314.4,81125.0,-21332.9
DecoLine,81125.0,-21332.9,81250.0,-21352.4
DecoLine,81250.0,-21352.4,81375.0,-21373.1
DecoLine,81375.0,-21373.1,81500.0,-21394.9
DecoLine,81500.0,-21394.9,81625.0,-21417.9
DecoLine,81625.0,-21417.9,81750.0,-21442.1
DecoLine,81750.0,-21442.1,81875.0,-21467.3
DecoLine,81875.0,-21467.3,82000.0,-21493.6
DecoLine,82000.0,-21493.6,82125.0,-21520.7
DecoLine,82125.0,-21520.7,82250.0,-21548.7
DecoLine,82250.0,-21548.7,82375.0,-21577.3
DecoLine,82375.0,-21577.3,82500.0,-21606.3
DecoLine,82500.0,-21606.3,82625.0,-21635.6
DecoLine,82625.0,-21635.6,82750.0,-21664.9
DecoLine,82750.0,-21664.9,82875.0,-21693.9
DecoLine,82875.0,-21693.9,83000.0,-21722.5
DecoLine,83000.0,-21722.5,83125.0,-21750.3
DecoLine,83125.0,-21750.3,83250.0,-21777.1
DecoLine,83250.0,-21777.1,83375.0,-21802.5
DecoLine,83375.0,-21802.5,83500.0,-21826.3
DecoLine,83500.0,-21826.3,83625.0,-21848.1
DecoLine,83625.0,-21848.1,83750.0,-21867.7
DecoLine,83750.0,-21867.7,83875.0,-21884.7
DecoLine,83875.0,-21884.7,84000.0,-21898.9
DecoLine,84000.0,-21898.9,84125.0,-21910.0
DecoLine,84125.0,-21910.0,84250.0,-21917.7
DecoLine,84250.0,-21917.7,84375.0,-21921.8
DecoLine,84375.0,-21921.8,84500.0,-21922.1
DecoLine,84500.0,-21922.1,84625.0,-21918.4
DecoLine,84625.0,-21918.4,84750.0,-21910.6
DecoLine,84750.0,-21910.6,84875.0,-21898.4
DecoLine,84875.0,-21898.4,85000.0,-21881.9
DecoLine,85000.0,-21881.9,85125.0,-21861.0
DecoLine,85125.0,-21861.0,85250.0,-21835.6
DecoLine,85250.0,-21835.6,85375.0,-21805.7
DecoLine,85375.0,-21805.7,85500.0,-21771.5
DecoLine,85500.0,-21771.5,85625.0,-21733.0
DecoLine,85625.0,-21733.0,85750.0,-21690.3
DecoLine,85750.0,-21690.3,85875.0,-21643.7
DecoLine,85875.0,-21643.7,86000.0,-21593.3
DecoLine,86000.0,-21593.3,86125.0,-21539.5
DecoLine,86125.0,-21539.5,86250.0,-21482.4
DecoLine,86250.0,-21482.4,86375.0,-21422.4
DecoLine,86375.0,-21422.4,86500.0,-21359.9
DecoLine,86500.0,-21359.9,86625.0,-21295.2
DecoLine,86625.0,-21295.2,86750.0,-21228.8
DecoLine,86750.0,-21228.8,86875.0,-21161.1
DecoLine,86875.0,-21161.1,87000.0,-21092.5
DecoLine,87000.0,-21092.5,87125.0,-21023.5
DecoLine,87125.0,-21023.5,87250.0,-20954.6
DecoLine,87250.0,-20954.6,87375.0,-20886.2
DecoLine,87375.0,-20886.2,87500.0,-20818.9
DecoLine,87500.0,-20818.9,87625.0,-20753.1
DecoLine,87625.0,-20753.1,87750.0,-20689.3
DecoLine,87750.0,-20689.3,87875.0,-20628.0
DecoLine,87875.0,-20628.0,88000.0,-20569.6
DecoLine,88000.0,-20569.6,88125.0,-20514.5
DecoLine,88125.0,-20514.5,88250.0,-20463.2
DecoLine,88250.0,-20463.2,88375.0,-20416.0
DecoLine,88375.0,-20416.0,88500.0,-20373.3
DecoLine,88500.0,-20373.3,88625.0,-20335.4
DecoLine,88625.0,-20335.4,88750.0,-20302.6
DecoLine,88750.0,-20302.6,88875.0,-20275.1
DecoLine,88875.0,-20275.1,89000.0,-20253.1
DecoLine,89000.0,-20253.1,89125.0,-20236.8
DecoLine,89125.0,-20236.8,89250.0,-20226.4
DecoLine,89250.0,-20226.4,89375.0,-20221.7
DecoLine,89375.0,-20221.7,89500.0,-20223.0
DecoLine,89500.0,-20223.0,89625.0,-20230.1
DecoLine,89625.0,-20230.1,89750.0,-20243.0
DecoLine,89750.0,-20243.0,89875.0,-20261.6
DecoLine,89875.0,-20261.6,90000.0,-20285.6
DecoLine,90000.0,-20285.6,90125.0,-20315.0
DecoLine,90125.0,-20315.0,90250.0,-20349.5
DecoLine,90250.0,-20349.5,90375.0,-20388.7
DecoLine,90375.0,-20388.7,90500.0,-20432.4
DecoLine,90500.0,-20432.4,90625.0,-20480.3
DecoLine,90625.0,-20480.3,90750.0,-20531.8
DecoLine,90750.0,-20531.8,90875.0,-20586.7
DecoLine,90875.0,-20586.7,91000.0,-20644.6
DecoLine,91000.0,-20644.6,91125.0,-20704.9
DecoLine,91125.0,-20704.9,91250.0,-20767.2
DecoLine,91250.0,-20767.2,91375.0,-20831.1
DecoLine,91375.0,-20831.1,91500.0,-20896.1
DecoLine,91500.0,-20896.1,91625.0,-20961.7
DecoLine,91625.0,-20961.7,91750.0,-21027.4
DecoLine,91750.0,-21027.4,91875.0,-21092.9
DecoLine,91875.0,-21092.9,92000.0,-21157.6
DecoLine,92000.0,-21157.6,92125.0,-21221.2
DecoLine,92125.0,-21221.2,92250.0,-21283.2
DecoLine,92250.0,-21283.2,92375.0,-21343.3
DecoLine,92375.0,-21343.3,92500.0,-21401.0
DecoLine,92500.0,-21401.0,92625.0,-21456.1
DecoLine,92625.0,-21456.1,92750.0,-21508.2
DecoLine,92750.0,-21508.2,92875.0,-21557.1
DecoLine,92875.0,-21557.1,93000.0,-21602.6
DecoLine,93000.0,-21602.6,93125.0,-21644.4
DecoLine,93125.0,-21644.4,93250.0,-21682.5
DecoLine,93250.0,-21682.5,93375.0,-21716.6
DecoLine,93375.0,-21716.6,93500.0,-21746.7
DecoLine,93500.0,-21746.7,93625.0,-21772.9
DecoLine,93625.0,-21772.9,93750.0,-21794.9
DecoLine,93750.0,-21794.9,93875.0,-21813.0
DecoLine,93875.0,-21813.0,94000.0,-21827.1
DecoLine,94000.0,-21827.1,94125.0,-21837.4
DecoLine,94125.0,-21837.4,94250.0,-21844.0
DecoLine,94250.0,-21844.0,94375.0,-21847.0
DecoLine,94375.0,-21847.0,94500.0,-21846.6
DecoLine,94500.0,-21846.6,94625.0,-21843.1
DecoLine,94625.0,-21843.1,94750.0,-21836.6
DecoLine,94750.0,-21836.6,94875.0,-21827.5
DecoLine,94875.0,-21827.5,95000.0,-21815.8
DecoLine,95000.0,-21815.8,95125.0,-21802.0
DecoLine,95125.0,-21802.0,95250.0,-21786.3
DecoLine,95250.0,-21786.3,95375.0,-21769.0
DecoLine,95375.0,-21769.0,95500.0,-21750.3
DecoLine,95500.0,-21750.3,95625.0,-21730.5
DecoLine,95625.0,-21730.5,95750.0,-21709.8
DecoLine,95750.0,-21709.8,95875.0,-21688.6
DecoLine,95875.0,-21688.6,96000.0,-21667.0
DecoLine,96000.0,-21667.0,96125.0,-21645.2
DecoLine,96125.0,-21645.2,96250.0,-21623.6
DecoLine,96250.0,-21623.6,96375.0,-21602.2
DecoLine,96375.0,-21602.2,96500.0,-21581.2
DecoLine,96500.0,-21581.2,96625.0,-21560.7
DecoLine,96625.0,-21560.7,96750.0,-21540.9
DecoLine,96750.0,-21540.9,96875.0,-21521.8
DecoLine,96875.0,-21521.8,97000.0,-21503.5
DecoLine,97000.0,-21503.5,97125.0,-21486.0
DecoLine,97125.0,-21486.0,97250.0,-21469.4
DecoLine,97250.0,-21469.4,97375.0,-21453.5
DecoLine,97375.0,-21453.5,97500.0,-21438.5
DecoLine,97500.0,-21438.5,97625.0,-21424.1
DecoLine,97625.0,-21424.1,97750.0,-21410.3
DecoLine,97750.0,-21410.3,97875.0,-21397.0
DecoLine,97875.0,-21397.0,98000.0,-21384.2
DecoLine,98000.0,-21384.2,98125.0,-21371.5
DecoLine,98125.0,-21371.5,98250.0,-21358.9
DecoLine,98250.0,-21358.9,98375.0,-21346.3
DecoLine,98375.0,-21346.3,98500.0,-21333.4
DecoLine,98500.0,-21333.4,98625.0,-21320.2
DecoLine,98625.0,-21320.2,98750.0,-21306.3
DecoLine,98750.0,-21306.3,98875.0,-21291.8
DecoLine,98875.0,-21291.8,99000.0,-21276.3
DecoLine,99000.0,-21276.3,99125.0,-21259.8
DecoLine,99125.0,-21259.8,99250.0,-21242.1
DecoLine,99250.0,-21242.1,99375.0,-21223.2
DecoLine,99375.0,-21223.2,99500.0,-21202.8
DecoLine,99500.0,-21202.8,99625.0,-21181.0
DecoLine,99625.0,-21181.0,99750.0,-21157.6
DecoLine,99750.0,-21157.6,99875.0,-21132.6
DecoLine,99875.0,-21132.6,100000.0,-21106.1
DecoLine,100000.0,-21106.1,100125.0,-21077.9
DecoLine,100125.0,-21077.9,100250.0,-21048.3
DecoLine,100250.0,-21048.3,100375.0,-21017.2
DecoLine,100375.0,-21017.2,100500.0,-20984.8
DecoLine,100500.0,-20984.8,100625.0,-20951.1
DecoLine,100625.0,-20951.1,100750.0,-20916.4
DecoLine,100750.0,-20916.4,100875.0,-20880.8
DecoLine,100875.0,-20880.8,101000.0,-20844.5
DecoLine,101000.0,-20844.5,101125.0,-20807.8
DecoLine,101125.0,-20807.8,101250.0,-20771.0
DecoLine,101250.0,-20771.0,101375.0,-20734.2
DecoLine,101375.0,-20734.2,101500.0,-20697.9
DecoLine,101500.0,-20697.9,101625.0,-20662.2
DecoLine,101625.0,-20662.2,101750.0,-20627.6
DecoLine,101750.0,-20627.6,101875.0,-20594.4
DecoLine,101875.0,-20594.4,102000.0,-20562.8
DecoLine,102000.0,-20562.8,102125.0,-20533.3
DecoLine,102125.0,-20533.3,102250.0,-20506.1
DecoLine,102250.0,-20506.1,102375.0,-20481.7
DecoLine,102375.0,-20481.7,102500.0,-20460.2
DecoLine,102500.0,-20460.2,102625.0,-20442.0
DecoLine,102625.0,-20442.0,102750.0,-20427.4
DecoLine,102750.0,-20427.4,102875.0,-20416.7
DecoLine,102875.0,-20416.7,103000.0,-20410.0
DecoLine,103000.0,-20410.0,103125.0,-20407.6
DecoLine,103125.0,-20407.6,103250.0,-20409.7
DecoLine,103250.0,-20409.7,103375.0,-20416.5
DecoLine,103375.0,-20416.5,103500.0,-20427.9
DecoLine,103500.0,-20427.9,103625.0,-20444.2
DecoLine,103625.0,-20444.2,103750.0,-20465.3
DecoLine,103750.0,-20465.3,103875.0,-20491.2
DecoLine,103875.0,-20491.2,104000.0,-20521.9
DecoLine,104000.0,-20521.9,104125.0,-20557.4
DecoLine,104125.0,-20557.4,104250.0,-20597.4
DecoLine,104250.0,-20597.4,104375.0,-20641.8
DecoLine,104375.0,-20641.8,104500.0,-20690.4
DecoLine,104500.0,-20690.4,104625.0,-20742.9
DecoLine,104625.0,-20742.9,104750.0,-20799.1
DecoLine,104750.0,-20799.1,104875.0,-20858.7
DecoLine,104875.0,-20858.7,105000.0,-20921.2
DecoLine,105000.0,-20921.2,105125.0,-20986.3
DecoLine,105125.0,-20986.3,105250.0,-21053.6
DecoLine,105250.0,-21053.6,105375.0,-21122.6
DecoLine,105375.0,-21122.6,105500.0,-21192.9
DecoLine,105500.0,-21192.9,105625.0,-21264.1
DecoLine,105625.0,-21264.1,105750.0,-21335.5
DecoLine,105750.0,-21335.5,105875.0,-21406.8
DecoLine,105875.0,-21406.8,106000.0,-21477.5
DecoLine,106000.0,-21477.5,106125.0,-21547.0
DecoLine,106125.0,-21547.0,106250.0,-21614.8
DecoLine,106250.0,-21614.8,106375.0,-21680.6
DecoLine,106375.0,-21680.6,106500.0,-21743.7
DecoLine,106500.0,-21743.7,106625.0,-21803.8
DecoLine,106625.0,-21803.8,106750.0,-21860.4
DecoLine,106750.0,-21860.4,106875.0,-21913.2
DecoLine,106875.0,-21913.2,107000.0,-21961.7
DecoLine,107000.0,-21961.7,107125.0,-22005.7
DecoLine,107125.0,-22005.7,107250.0,-22044.8
DecoLine,107250.0,-22044.8,107375.0,-22078.7
DecoLine,107375.0,-22078.7,107500.0,-22107.3
DecoLine,107500.0,-22107.3,107625.0,-22130.4
DecoLine,107625.0,-22130.4,107750.0,-22147.8
DecoLine,107750.0,-22147.8,107875.0,-22159.4
DecoLine,107875.0,-22159.4,108000.0,-22165.2
DecoLine,108000.0,-22165.2,108125.0,-22165.3
DecoLine,108125.0,-22165.3,108250.0,-22159.5
DecoLine,108250.0,-22159.5,108375.0,-22148.1
DecoLine,108375.0,-22148.1,108500.0,-22131.2
DecoLine,108500.0,-22131.2,108625.0,-22108.9
DecoLine,108625.0,-22108.9,108750.0,-22081.4
DecoLine,108750.0,-22081.4,108875.0,-22049.1
DecoLine,108875.0,-22049.1,109000.0,-22012.2
DecoLine,109000.0,-22012.2,109125.0,-21971.0
DecoLine,109125.0,-21971.0,109250.0,-21926.0
DecoLine,109250.0,-21926.0,109375.0,-21877.3
DecoLine,109375.0,-21877.3,109500.0,-21825.6
DecoLine,109500.0,-21825.6,109625.0,-21771.1
DecoLine,109625.0,-21771.1,109750.0,-21714.4
DecoLine,109750.0,-21714.4,109875.0,-21655.8
DecoLine,109875.0,-21655.8,110000.0,-21595.8
DecoLine,60000.0,-22174.6,60142.9,-22136.1
DecoLine,60142.9,-22136.1,60285.7,-22090.6
DecoLine,60285.7,-22090.6,60428.6,-22038.5
DecoLine,60428.6,-22038.5,60571.4,-21980.2
DecoLine,60571.4,-21980.2,60714.3,-21916.6
DecoLine,60714.3,-21916.6,60857.1,-21848.5
DecoLine,60857.1,-21848.5,61000.0,-21776.9
DecoLine,61000.0,-21776.9,61142.9,-21703.1
DecoLine,61142.9,-21703.1,61285.7,-21628.3
DecoLine,61285.7,-21628.3,61428.6,-21553.7
DecoLine,61428.6,-21553.7,61571.4,-21480.8
DecoLine,61571.4,-21480.8,61714.3,-21410.9
DecoLine,61714.3,-21410.9,61857.1,-21345.4
DecoLine,61857.1,-21345.4,62000.0,-21285.4
DecoLine,62000.0,-21285.4,62142.9,-21232.3
DecoLine,62142.9,-21232.3,62285.7,-21187.1
DecoLine,62285.7,-21187.1,62428.6,-21150.8
DecoLine,62428.6,-21150.8,62571.4,-21124.0
DecoLine,62571.4,-21124.0,62714.3,-21107.4
DecoLine,62714.3,-21107.4,62857.1,-21101.3
DecoLine,62857.1,-21101.3,63000.0,-21106.0
DecoLine,63000.0,-21106.0,63142.9,-21121.4
DecoLine,63142.9,-21121.4,63285.7,-21147.2
DecoLine,63285.7,-21147.2,63428.6,-21183.0
DecoLine,63428.6,-21183.0,63571.4,-21228.1
DecoLine,63571.4,-21228.1,63714.3,-21281.6
DecoLine,63714.3,-21281.6,63857.1,-21342.6
DecoLine,63857.1,-21342.6,64000.0,-21409.8
DecoLine,64000.0,-21409.8,64142.9,-21482.0
DecoLine,64142.9,-21482.0,64285.7,-21557.9
DecoLine,64285.7,-21557.9,64428.6,-21636.1
DecoLine,64428.6,-21636.1,64571.4,-21715.1
DecoLine,64571.4,-21715.1,64714.3,-21793.6
DecoLine,64714.3,-21793.6,64857.1,-21870.1
DecoLine,64857.1,-21870.1,65000.0,-21943.5
DecoLine,65000.0,-21943.5,65142.9,-22012.5
DecoLine,65142.9,-22012.5,65285.7,-22076.1
DecoLine,65285.7,-22076.1,65428.6,-22133.4
DecoLine,65428.6,-22133.4,65571.4,-22183.7
DecoLine,65571.4,-22183.7,65714.3,-22226.3
DecoLine,65714.3,-22226.3,65857.1,-22261.0
DecoLine,65857.1,-22261.0,66000.0,-22287.5
DecoLine,66000.0,-22287.5,66142.9,-22305.8
DecoLine,66142.9,-22305.8,66285.7,-22316.2
DecoLine,66285.7,-22316.2,66428.6,-22318.9
DecoLine,66428.6,-22318.9,66571.4,-22314.5
DecoLine,66571.4,-22314.5,66714.3,-22303.5
DecoLine,66714.3,-22303.5,66857.1,-22286.7
DecoLine,66857.1,-22286.7,67000.0,-22264.9
DecoLine,67000.0,-22264.9,67142.9,-22238.9
DecoLine,67142.9,-22238.9,67285.7,-22209.7
DecoLine,67285.7,-22209.7,67428.6,-22178.0
DecoLine,67428.6,-22178.0,67571.4,-22144.8
DecoLine,67571.4,-22144.8,67714.3,-22110.9
DecoLine,67714.3,-22110.9,67857.1,-22077.1
DecoLine,67857.1,-22077.1,68000.0,-22043.8
DecoLine,68000.0,-22043.8,68142.9,-22011.8
DecoLine,68142.9,-22011.8,68285.7,-21981.5
DecoLine,68285.7,-21981.5,68428.6,-21953.1
DecoLine,68428.6,-21953.1,68571.4,-21926.7
DecoLine,68571.4,-21926.7,68714.3,-21902.6
DecoLine,68714.3,-21902.6,68857.1,-21880.5
DecoLine,68857.1,-21880.5,69000.0,-21860.4
DecoLine,69000.0,-21860.4,69142.9,-21841.9
DecoLine,69142.9,-21841.9,69285.7,-21824.6
DecoLine,69285.7,-21824.6,69428.6,-21808.2
DecoLine,69428.6,-21808.2,69571.4,-21792.1
DecoLine,69571.4,-21792.1,69714.3,-21776.0
DecoLine,69714.3,-21776.0,69857.1,-21759.3
DecoLine,69857.1,-21759.3,70000.0,-21741.6
DecoLine,70000.0,-21741.6,70142.9,-21722.4
DecoLine,70142.9,-21722.4,70285.7,-21701.6
DecoLine,70285.7,-21701.6,70428.6,-21678.8
DecoLine,70428.6,-21678.8,70571.4,-21653.8
DecoLine,70571.4,-21653.8,70714.3,-21626.8
DecoLine,70714.3,-21626.8,70857.1,-21597.8
DecoLine,70857.1,-21597.8,71000.0,-21567.1
DecoLine,71000.0,-21567.1,71142.9,-21535.0
DecoLine,71142.9,-21535.0,71285.7,-21501.9
DecoLine,71285.7,-21501.9,71428.6,-21468.6
DecoLine,71428.6,-21468.6,71571.4,-21435.7
DecoLine,71571.4,-21435.7,71714.3,-21403.9
DecoLine,71714.3,-21403.9,71857.1,-21374.2
DecoLine,71857.1,-21374.2,72000.0,-21347.3
DecoLine,72000.0,-21347.3,72142.9,-21324.2
DecoLine,72142.9,-21324.2,72285.7,-21305.7
DecoLine,72285.7,-21305.7,72428.6,-21292.7
DecoLine,72428.6,-21292.7,72571.4,-21285.8
DecoLine,72571.4,-21285.8,72714.3,-21285.8
DecoLine,72714.3,-21285.8,72857.1,-21293.3
DecoLine,72857.1,-21293.3,73000.0,-21308.5
DecoLine,73000.0,-21308.5,73142.9,-21331.8
DecoLine,73142.9,-21331.8,73285.7,-21363.2
DecoLine,73285.7,-21363.2,73428.6,-21402.6
DecoLine,73428.6,-21402.6,73571.4,-21449.8
DecoLine,73571.4,-21449.8,73714.3,-21504.2
DecoLine,73714.3,-21504.2,73857.1,-21565.2
DecoLine,73857.1,-21565.2,74000.0,-21631.9
DecoLine,74000.0,-21631.9,74142.9,-21703.5
DecoLine,74142.9,-21703.5,74285.7,-21778.7
DecoLine,74285.7,-21778.7,74428.6,-21856.3
DecoLine,74428.6,-21856.3,74571.4,-21935.0
DecoLine,74571.4,-21935.0,74714.3,-22013.4
DecoLine,74714.3,-22013.4,74857.1,-22090.2
DecoLine,74857.1,-22090.2,75000.0,-22163.8
DecoLine,75000.0,-22163.8,75142.9,-22232.9
DecoLine,75142.9,-22232.9,75285.7,-22296.3
DecoLine,75285.7,-22296.3,75428.6,-22352.8
DecoLine,75428.6,-22352.8,75571.4,-22401.1
DecoLine,75571.4,-22401.1,75714.3,-22440.5
DecoLine,75714.3,-22440.5,75857.1,-22470.2
DecoLine,75857.1,-22470.2,76000.0,-22489.7
DecoLine,76000.0,-22489.7,76142.9,-22498.5
DecoLine,76142.9,-22498.5,76285.7,-22496.5
DecoLine,76285.7,-22496.5,76428.6,-22483.9
DecoLine,76428.6,-22483.9,76571.4,-22461.0
DecoLine,76571.4,-22461.0,76714.3,-22428.1
DecoLine,76714.3,-22428.1,76857.1,-22386.1
DecoLine,76857.1,-22386.1,77000.0,-22335.8
DecoLine,77000.0,-22335.8,77142.9,-22278.2
DecoLine,77142.9,-22278.2,77285.7,-22214.5
DecoLine,77285.7,-22214.5,77428.6,-22145.9
DecoLine,77428.6,-22145.9,77571.4,-22073.7
DecoLine,77571.4,-22073.7,77714.3,-21999.3
DecoLine,77714.3,-21999.3,77857.1,-21924.1
DecoLine,77857.1,-21924.1,78000.0,-21849.4
DecoLine,78000.0,-21849.4,78142.9,-21776.5
DecoLine,78142.9,-21776.5,78285.7,-21706.6
DecoLine,78285.7,-21706.6,78428.6,-21640.8
DecoLine,78428.6,-21640.8,78571.4,-21580.0
DecoLine,78571.4,-21580.0,78714.3,-21525.1
DecoLine,78714.3,-21525.1,78857.1,-21476.7
DecoLine,78857.1,-21476.7,79000.0,-21435.2
DecoLine,79000.0,-21435.2,79142.9,-21401.1
DecoLine,79142.9,-21401.1,79285.7,-21374.3
DecoLine,79285.7,-21374.3,79428.6,-21354.9
DecoLine,79428.6,-21354.9,79571.4,-21342.6
DecoLine,79571.4,-21342.6,79714.3,-21337.0
DecoLine,79714.3,-21337.0,79857.1,-21337.8
DecoLine,79857.1,-21337.8,80000.0,-21344.1
DecoLine,80000.0,-21344.1,80142.9,-21355.5
DecoLine,80142.9,-21355.5,80285.7,-21371.0
DecoLine,80285.7,-21371.0,80428.6,-21390.0
DecoLine,80428.6,-21390.0,80571.4,-21411.6
DecoLine,80571.4,-21411.6,80714.3,-21435.0
DecoLine,80714.3,-21435.0,80857.1,-21459.6
DecoLine,80857.1,-21459.6,81000.0,-21484.6
DecoLine,81000.0,-21484.6,81142.9,-21509.4
DecoLine,81142.9,-21509.4,81285.7,-21533.5
DecoLine,81285.7,-21533.5,81428.6,-21556.6
DecoLine,81428.6,-21556.6,81571.4,-21578.3
DecoLine,81571.4,-21578.3,81714.3,-21598.6
DecoLine,81714.3,-21598.6,81857.1,-21617.3
DecoLine,81857.1,-21617.3,82000.0,-21634.6
DecoLine,82000.0,-21634.6,82142.9,-21650.7
DecoLine,82142.9,-21650.7,82285.7,-21665.8
DecoLine,82285.7,-21665.8,82428.6,-21680.4
DecoLine,82428.6,-21680.4,82571.4,-21694.9
DecoLine,82571.4,-21694.9,82714.3,-21709.6
DecoLine,82714.3,-21709.6,82857.1,-21725.2
DecoLine,82857.1,-21725.2,83000.0,-21742.1
DecoLine,83000.0,-21742.1,83142.9,-21760.8
DecoLine,83142.9,-21760.8,83285.7,-21781.6
DecoLine,83285.7,-21781.6,83428.6,-21804.9
DecoLine,83428.6,-21804.9,83571.4,-21831.0
DecoLine,83571.4,-21831.0,83714.3,-21859.9
DecoLine,83714.3,-21859.9,83857.1,-21891.7
DecoLine,83857.1,-21891.7,84000.0,-21926.2
DecoLine,84000.0,-21926.2,84142.9,-21963.2
DecoLine,84142.9,-21963.2,84285.7,-22002.4
DecoLine,84285.7,-22002.4,84428.6,-22043.1
DecoLine,84428.6,-22043.1,84571.4,-22084.8
DecoLine,84571.4,-22084.8,84714.3,-22126.7
DecoLine,84714.3,-22126.7,84857.1,-22168.1
DecoLine,84857.1,-22168.1,85000.0,-22207.9
DecoLine,85000.0,-22207.9,85142.9,-22245.2
DecoLine,85142.9,-22245.2,85285.7,-22279.1
DecoLine,85285.7,-22279.1,85428.6,-22308.7
DecoLine,85428.6,-22308.7,85571.4,-22332.8
DecoLine,85571.4,-22332.8,85714.3,-22350.8
DecoLine,85714.3,-22350.8,85857.1,-22361.8
DecoLine,85857.1,-22361.8,86000.0,-22365.1
DecoLine,86000.0,-22365.1,86142.9,-22360.2
DecoLine,86142.9,-22360.2,86285.7,-22346.7
DecoLine,86285.7,-22346.7,86428.6,-22324.4
DecoLine,86428.6,-22324.4,86571.4,-22293.3
DecoLine,86571.4,-22293.3,86714.3,-22253.5
DecoLine,86714.3,-22253.5,86857.1,-22205.4
DecoLine,86857.1,-22205.4,87000.0,-22149.6
DecoLine,87000.0,-22149.6,87142.9,-22086.8
DecoLine,87142.9,-22086.8,87285.7,-22017.8
DecoLine,87285.7,-22017.8,87428.6,-21943.9
DecoLine,87428.6,-21943.9,87571.4,-21866.0
DecoLine,87571.4,-21866.0,87714.3,-21785.7
DecoLine,87714.3,-21785.7,87857.1,-21704.1
DecoLine,87857.1,-21704.1,88000.0,-21622.9
DecoLine,88000.0,-21622.9,88142.9,-21543.3
DecoLine,88142.9,-21543.3,88285.7,-21466.9
DecoLine,88285.7,-21466.9,88428.6,-21395.1
DecoLine,88428.6,-21395.1,88571.4,-21329.1
DecoLine,88571.4,-21329.1,88714.3,-21270.1
DecoLine,88714.3,-21270.1,88857.1,-21219.2
DecoLine,88857.1,-21219.2,89000.0,-21177.2
DecoLine,89000.0,-21177.2,89142.9,-21145.0
DecoLine,89142.9,-21145.0,89285.7,-21123.0
DecoLine,89285.7,-21123.0,89428.6,-21111.6
DecoLine,89428.6,-21111.6,89571.4,-21110.7
DecoLine,89571.4,-21110.7,89714.3,-21120.4
DecoLine,89714.3,-21120.4,89857.1,-21140.2
DecoLine,89857.1,-21140.2,90000.0,-21169.7
DecoLine,90000.0,-21169.7,90142.9,-21208.1
DecoLine,90142.9,-21208.1,90285.7,-21254.5
DecoLine,90285.7,-21254.5,90428.6,-21308.0
DecoLine,90428.6,-21308.0,90571.4,-21367.5
DecoLine,90571.4,-21367.5,90714.3,-21431.6
DecoLine,90714.3,-21431.6,90857.1,-21499.1
DecoLine,90857.1,-21499.1,91000.0,-21568.7
DecoLine,91000.0,-21568.7,91142.9,-21639.1
DecoLine,91142.9,-21639.1,91285.7,-21709.0
DecoLine,91285.7,-21709.0,91428.6,-21777.2
DecoLine,91428.6,-21777.2,91571.4,-21842.7
DecoLine,91571.4,-21842.7,91714.3,-21904.4
DecoLine,91714.3,-21904.4,91857.1,-21961.4
DecoLine,91857.1,-21961.4,92000.0,-22013.2
DecoLine,92000.0,-22013.2,92142.9,-22059.0
DecoLine,92142.9,-22059.0,92285.7,-22098.5
DecoLine,92285.7,-22098.5,92428.6,-22131.6
DecoLine,92428.6,-22131.6,92571.4,-22158.1
DecoLine,92571.4,-22158.1,92714.3,-22178.2
DecoLine,92714.3,-22178.2,92857.1,-22192.1
DecoLine,92857.1,-22192.1,93000.0,-22200.2
DecoLine,93000.0,-22200.2,93142.9,-22203.1
DecoLine,93142.9,-22203.1,93285.7,-22201.2
DecoLine,93285.7,-22201.2,93428.6,-22195.4
DecoLine,93428.6,-22195.4,93571.4,-22186.2
DecoLine,93571.4,-22186.2,93714.3,-22174.3
DecoLine,93714.3,-22174.3,93857.1,-22160.5
DecoLine,93857.1,-22160.5,94000.0,-22145.5
DecoLine,94000.0,-22145.5,94142.9,-22129.9
DecoLine,94142.9,-22129.9,94285.7,-22114.1
DecoLine,94285.7,-22114.1,94428.6,-22098.7
DecoLine,94428.6,-22098.7,94571.4,-22084.0
DecoLine,94571.4,-22084.0,94714.3,-22070.2
DecoLine,94714.3,-22070.2,94857.1,-22057.4
DecoLine,94857.1,-22057.4,95000.0,-22045.7
DecoLine,95000.0,-22045.7,95142.9,-22034.9
DecoLine,95142.9,-22034.9,95285.7,-22024.8
DecoLine,95285.7,-22024.8,95428.6,-22015.1
DecoLine,95428.6,-22015.1,95571.4,-22005.3
DecoLine,95571.4,-22005.3,95714.3,-21995.1
DecoLine,95714.3,-21995.1,95857.1,-21983.9
DecoLine,95857.1,-21983.9,96000.0,-21971.1
DecoLine,96000.0,-21971.1,96142.9,-21956.4
DecoLine,96142.9,-21956.4,96285.7,-21939.1
DecoLine,96285.7,-21939.1,96428.6,-21919.0
DecoLine,96428.6,-21919.0,96571.4,-21895.5
DecoLine,96571.4,-21895.5,96714.3,-21868.5
DecoLine,96714.3,-21868.5,96857.1,-21837.8
DecoLine,96857.1,-21837.8,97000.0,-21803.3
DecoLine,97000.0,-21803.3,97142.9,-21765.2
DecoLine,97142.9,-21765.2,97285.7,-21723.8
DecoLine,97285.7,-21723.8,97428.6,-21679.3
DecoLine,97428.6,-21679.3,97571.4,-21632.3
DecoLine,97571.4,-21632.3,97714.3,-21583.5
DecoLine,97714.3,-21583.5,97857.1,-21533.7
DecoLine,97857.1,-21533.7,98000.0,-21483.7
DecoLine,98000.0,-21483.7,98142.9,-21434.5
DecoLine,98142.9,-21434.5,98285.7,-21387.1
DecoLine,98285.7,-21387.1,98428.6,-21342.5
DecoLine,98428.6,-21342.5,98571.4,-21301.9
DecoLine,98571.4,-21301.9,98714.3,-21266.3
DecoLine,98714.3,-21266.3,98857.1,-21236.7
DecoLine,98857.1,-21236.7,99000.0,-21213.9
DecoLine,99000.0,-21213.9,99142.9,-21198.8
DecoLine,99142.9,-21198.8,99285.7,-21192.1
DecoLine,99285.7,-21192.1,99428.6,-21194.3
DecoLine,99428.6,-21194.3,99571.4,-21205.7
DecoLine,99571.4,-21205.7,99714.3,-21226.6
DecoLine,99714.3,-21226.6,99857.1,-21256.9
DecoLine,99857.1,-21256.9,100000.0,-21296.4
DecoLine,100000.0,-21296.4,100142.9,-21344.7
DecoLine,100142.9,-21344.7,100285.7,-21401.1
DecoLine,100285.7,-21401.1,100428.6,-21464.9
DecoLine,100428.6,-21464.9,100571.4,-21535.0
DecoLine,100571.4,-21535.0,100714.3,-21610.4
DecoLine,100714.3,-21610.4,100857.1,-21689.8
DecoLine,100857.1,-21689.8,101000.0,-21771.8
DecoLine,101000.0,-21771.8,101142.9,-21855.0
DecoLine,101142.9,-21855.0,101285.7,-21938.0
DecoLine,101285.7,-21938.0,101428.6,-22019.3
DecoLine,101428.6,-22019.3,101571.4,-22097.5
DecoLine,101571.4,-22097.5,101714.3,-22171.1
DecoLine,101714.3,-22171.1,101857.1,-22238.9
DecoLine,101857.1,-22238.9,102000.0,-22299.6
DecoLine,102000.0,-22299.6,102142.9,-22352.4
DecoLine,102142.9,-22352.4,102285.7,-22396.3
DecoLine,102285.7,-22396.3,102428.6,-22430.5
DecoLine,102428.6,-22430.5,102571.4,-22454.8
DecoLine,102571.4,-22454.8,102714.3,-22468.7
DecoLine,102714.3,-22468.7,102857.1,-22472.3
DecoLine,102857.1,-22472.3,103000.0,-22465.7
DecoLine,103000.0,-22465.7,103142.9,-22449.2
DecoLine,103142.9,-22449.2,103285.7,-22423.5
DecoLine,103285.7,-22423.5,103428.6,-22389.1
DecoLine,103428.6,-22389.1,103571.4,-22347.1
DecoLine,103571.4,-22347.1,103714.3,-22298.3
DecoLine,103714.3,-22298.3,103857.1,-22243.9
DecoLine,103857.1,-22243.9,104000.0,-22185.2
DecoLine,104000.0,-22185.2,104142.9,-22123.2
DecoLine,104142.9,-22123.2,104285.7,-22059.3
DecoLine,104285.7,-22059.3,104428.6,-21994.7
DecoLine,104428.6,-21994.7,104571.4,-21930.5
DecoLine,104571.4,-21930.5,104714.3,-21867.9
DecoLine,104714.3,-21867.9,104857.1,-21807.8
DecoLine,104857.1,-21807.8,105000.0,-21751.1
DecoLine,105000.0,-21751.1,105142.9,-21698.6
DecoLine,105142.9,-21698.6,105285.7,-21650.9
DecoLine,105285.7,-21650.9,105428.6,-21608.4
DecoLine,105428.6,-21608.4,105571.4,-21571.4
DecoLine,105571.4,-21571.4,105714.3,-21540.0
DecoLine,105714.3,-21540.0,105857.1,-21514.3
DecoLine,105857.1,-21514.3,106000.0,-21494.0
DecoLine,106000.0,-21494.0,106142.9,-21478.8
DecoLine,106142.9,-21478.8,106285.7,-21468.4
DecoLine,106285.7,-21468.4,106428.6,-21462.2
DecoLine,106428.6,-21462.2,106571.4,-21459.6
DecoLine,106571.4,-21459.6,106714.3,-21460.1
DecoLine,106714.3,-21460.1,106857.1,-21463.0
DecoLine,106857.1,-21463.0,107000.0,-21467.7
DecoLine,107000.0,-21467.7,107142.9,-21473.6
DecoLine,107142.9,-21473.6,107285.7,-21480.0
DecoLine,107285.7,-21480.0,107428.6,-21486.7
DecoLine,107428.6,-21486.7,107571.4,-21493.1
DecoLine,107571.4,-21493.1,107714.3,-21498.9
DecoLine,107714.3,-21498.9,107857.1,-21504.0
DecoLine,107857.1,-21504.0,108000.0,-21508.3
DecoLine,108000.0,-21508.3,108142.9,-21511.8
DecoLine,108142.9,-21511.8,108285.7,-21514.8
DecoLine,108285.7,-21514.8,108428.6,-21517.4
DecoLine,108428.6,-21517.4,108571.4,-21520.0
DecoLine,108571.4,-21520.0,108714.3,-21523.1
DecoLine,108714.3,-21523.1,108857.1,-21527.1
DecoLine,108857.1,-21527.1,109000.0,-21532.7
DecoLine,109000.0,-21532.7,109142.9,-21540.4
DecoLine,109142.9,-21540.4,109285.7,-21550.7
DecoLine,109285.7,-21550.7,109428.6,-21564.2
DecoLine,109428.6,-21564.2,109571.4,-21581.3
DecoLine,109571.4,-21581.3,109714.3,-21602.5
DecoLine,109714.3,-21602.5,109857.1,-21628.1
DecoLine,109857.1,-21628.1,110000.0,-21658.3
DecoLine,60000.0,-22176.0,60166.7,-22213.0
DecoLine,60166.7,-22213.0,60333.3,-22248.6
DecoLine,60333.3,-22248.6,60500.0,-22281.6
DecoLine,60500.0,-22281.6,60666.7,-22311.2
DecoLine,60666.7,-22311.2,60833.3,-22337.1
DecoLine,60833.3,-22337.1,61000.0,-22359.5
DecoLine,61000.0,-22359.5,61166.7,-22379.3
DecoLine,61166.7,-22379.3,61333.3,-22397.3
DecoLine,61333.3,-22397.3,61500.0,-22414.8
DecoLine,61500.0,-22414.8,61666.7,-22433.0
DecoLine,61666.7,-22433.0,61833.3,-22453.0
DecoLine,61833.3,-22453.0,62000.0,-22475.9
DecoLine,62000.0,-22475.9,62166.7,-22502.1
DecoLine,62166.7,-22502.1,62333.3,-22531.9
DecoLine,62333.3,-22531.9,62500.0,-22564.8
DecoLine,62500.0,-22564.8,62666.7,-22599.9
DecoLine,62666.7,-22599.9,62833.3,-22636.0
DecoLine,62833.3,-22636.0,63000.0,-22671.2
DecoLine,63000.0,-22671.2,63166.7,-22703.3
DecoLine,63166.7,-22703.3,63333.3,-22730.2
DecoLine,63333.3,-22730.2,63500.0,-22749.5
DecoLine,63500.0,-22749.5,63666.7,-22759.1
DecoLine,63666.7,-22759.1,63833.3,-22757.2
DecoLine,63833.3,-22757.2,64000.0,-22742.4
DecoLine,64000.0,-22742.4,64166.7,-22714.1
DecoLine,64166.7,-22714.1,64333.3,-22672.1
DecoLine,64333.3,-22672.1,64500.0,-22617.2
DecoLine,64500.0,-22617.2,64666.7,-22550.8
DecoLine,64666.7,-22550.8,64833.3,-22475.2
DecoLine,64833.3,-22475.2,65000.0,-22393.0
DecoLine,65000.0,-22393.0,65166.7,-22307.7
DecoLine,65166.7,-22307.7,65333.3,-22222.7
DecoLine,65333.3,-22222.7,65500.0,-22141.9
DecoLine,65500.0,-22141.9,65666.7,-22068.7
DecoLine,65666.7,-22068.7,65833.3,-22006.5
DecoLine,65833.3,-22006.5,66000.0,-21958.3
DecoLine,66000.0,-21958.3,66166.7,-21926.1
DecoLine,66166.7,-21926.1,66333.3,-21911.5
DecoLine,66333.3,-21911.5,66500.0,-21915.0
DecoLine,66500.0,-21915.0,66666.7,-21936.4
DecoLine,66666.7,-21936.4,66833.3,-21974.5
DecoLine,66833.3,-21974.5,67000.0,-22027.5
DecoLine,67000.0,-22027.5,67166.7,-22092.6
DecoLine,67166.7,-22092.6,67333.3,-22166.8
DecoLine,67333.3,-22166.8,67500.0,-22246.7
DecoLine,67500.0,-22246.7,67666.7,-22328.6
DecoLine,67666.7,-22328.6,67833.3,-22409.0
DecoLine,67833.3,-22409.0,68000.0,-22484.7
DecoLine,68000.0,-22484.7,68166.7,-22552.8
DecoLine,68166.7,-22552.8,68333.3,-22611.0
DecoLine,68333.3,-22611.0,68500.0,-22657.8
DecoLine,68500.0,-22657.8,68666.7,-22692.3
DecoLine,68666.7,-22692.3,68833.3,-22714.2
DecoLine,68833.3,-22714.2,69000.0,-22724.3
DecoLine,69000.0,-22724.3,69166.7,-22723.4
DecoLine,69166.7,-22723.4,69333.3,-22713.3
DecoLine,69333.3,-22713.3,69500.0,-22695.8
DecoLine,69500.0,-22695.8,69666.7,-22673.0
DecoLine,69666.7,-22673.0,69833.3,-22647.0
DecoLine,69833.3,-22647.0,70000.0,-22619.7
DecoLine,70000.0,-22619.7,70166.7,-22592.7
DecoLine,70166.7,-22592.7,70333.3,-22567.3
DecoLine,70333.3,-22567.3,70500.0,-22544.2
DecoLine,70500.0,-22544.2,70666.7,-22523.6
DecoLine,70666.7,-22523.6,70833.3,-22505.4
DecoLine,70833.3,-22505.4,71000.0,-22488.9
DecoLine,71000.0,-22488.9,71166.7,-22473.1
DecoLine,71166.7,-22473.1,71333.3,-22456.7
DecoLine,71333.3,-22456.7,71500.0,-22438.7
DecoLine,71500.0,-22438.7,71666.7,-22417.6
DecoLine,71666.7,-22417.6,71833.3,-22392.6
DecoLine,71833.3,-22392.6,72000.0,-22362.9
DecoLine,72000.0,-22362.9,72166.7,-22328.4
DecoLine,72166.7,-22328.4,72333.3,-22289.4
DecoLine,72333.3,-22289.4,72500.0,-22246.8
DecoLine,72500.0,-22246.8,72666.7,-22201.9
DecoLine,72666.7,-22201.9,72833.3,-22156.5
DecoLine,72833.3,-22156.5,73000.0,-22112.9
DecoLine,73000.0,-22112.9,73166.7,-22073.6
DecoLine,73166.7,-22073.6,73333.3,-22041.1
DecoLine,73333.3,-22041.1,73500.0,-22017.9
DecoLine,73500.0,-22017.9,73666.7,-22006.1
DecoLine,73666.7,-22006.1,73833.3,-22007.6
DecoLine,73833.3,-22007.6,74000.0,-22023.4
DecoLine,74000.0,-22023.4,74166.7,-22054.2
DecoLine,74166.7,-22054.2,74333.3,-22099.6
DecoLine,74333.3,-22099.6,74500.0,-22158.6
DecoLine,74500.0,-22158.6,74666.7,-22229.3
DecoLine,74666.7,-22229.3,74833.3,-22309.2
DecoLine,74833.3,-22309.2,75000.0,-22395.2
DecoLine,75000.0,-22395.2,75166.7,-22483.9
DecoLine,75166.7,-22483.9,75333.3,-22571.3
DecoLine,75333.3,-22571.3,75500.0,-22653.9
DecoLine,75500.0,-22653.9,75666.7,-22727.9
DecoLine,75666.7,-22727.9,75833.3,-22790.1
DecoLine,75833.3,-22790.1,76000.0,-22837.8
DecoLine,76000.0,-22837.8,76166.7,-22869.1
DecoLine,76166.7,-22869.1,76333.3,-22882.7
DecoLine,76333.3,-22882.7,76500.0,-22878.4
DecoLine,76500.0,-22878.4,76666.7,-22856.7
DecoLine,76666.7,-22856.7,76833.3,-22819.0
DecoLine,76833.3,-22819.0,77000.0,-22767.5
DecoLine,77000.0,-22767.5,77166.7,-22704.7
DecoLine,77166.7,-22704.7,77333.3,-22633.9
DecoLine,77333.3,-22633.9,77500.0,-22558.5
DecoLine,77500.0,-22558.5,77666.7,-22481.8
DecoLine,77666.7,-22481.8,77833.3,-22407.2
DecoLine,77833.3,-22407.2,78000.0,-22337.6
DecoLine,78000.0,-22337.6,78166.7,-22275.5
DecoLine,78166.7,-22275.5,78333.3,-22222.7
DecoLine,78333.3,-22222.7,78500.0,-22180.4
DecoLine,78500.0,-22180.4,78666.7,-22149.2
DecoLine,78666.7,-22149.2,78833.3,-22128.9
DecoLine,78833.3,-22128.9,79000.0,-22118.8
DecoLine,79000.0,-22118.8,79166.7,-22117.5
DecoLine,79166.7,-22117.5,79333.3,-22123.5
DecoLine,79333.3,-22123.5,79500.0,-22135.0
DecoLine,79500.0,-22135.0,79666.7,-22150.2
DecoLine,79666.7,-22150.2,79833.3,-22167.1
DecoLine,79833.3,-22167.1,80000.0,-22184.4
DecoLine,80000.0,-22184.4,80166.7,-22200.9
DecoLine,80166.7,-22200.9,80333.3,-22215.9
DecoLine,80333.3,-22215.9,80500.0,-22229.0
DecoLine,80500.0,-22229.0,80666.7,-22240.7
DecoLine,80666.7,-22240.7,80833.3,-22251.5
DecoLine,80833.3,-22251.5,81000.0,-22262.4
DecoLine,81000.0,-22262.4,81166.7,-22274.7
DecoLine,81166.7,-22274.7,81333.3,-22289.8
DecoLine,81333.3,-22289.8,81500.0,-22309.0
DecoLine,81500.0,-22309.0,81666.7,-22333.3
DecoLine,81666.7,-22333.3,81833.3,-22363.6
DecoLine,81833.3,-22363.6,82000.0,-22400.1
DecoLine,82000.0,-22400.1,82166.7,-22442.7
DecoLine,82166.7,-22442.7,82333.3,-22490.7
DecoLine,82333.3,-22490.7,82500.0,-22542.6
DecoLine,82500.0,-22542.6,82666.7,-22596.6
DecoLine,82666.7,-22596.6,82833.3,-22650.5
DecoLine,82833.3,-22650.5,83000.0,-22701.6
DecoLine,83000.0,-22701.6,83166.7,-22747.1
DecoLine,83166.7,-22747.1,83333.3,-22784.4
DecoLine,83333.3,-22784.4,83500.0,-22810.7
DecoLine,83500.0,-22810.7,83666.7,-22824.0
DecoLine,83666.7,-22824.0,83833.3,-22822.5
DecoLine,83833.3,-22822.5,84000.0,-22805.4
DecoLine,84000.0,-22805.4,84166.7,-22772.3
DecoLine,84166.7,-22772.3,84333.3,-22723.9
DecoLine,84333.3,-22723.9,84500.0,-22661.5
DecoLine,84500.0,-22661.5,84666.7,-22587.4
DecoLine,84666.7,-22587.4,84833.3,-22504.3
DecoLine,84833.3,-22504.3,85000.0,-22415.6
DecoLine,85000.0,-22415.6,85166.7,-22325.0
DecoLine,85166.7,-22325.0,85333.3,-22236.3
DecoLine,85333.3,-22236.3,85500.0,-22153.4
DecoLine,85500.0,-22153.4,85666.7,-22079.7
DecoLine,85666.7,-22079.7,85833.3,-22018.4
DecoLine,85833.3,-22018.4,86000.0,-21971.9
DecoLine,86000.0,-21971.9,86166.7,-21942.0
DecoLine,86166.7,-21942.0,86333.3,-21929.4
DecoLine,86333.3,-21929.4,86500.0,-21934.3
DecoLine,86500.0,-21934.3,86666.7,-21955.8
DecoLine,86666.7,-21955.8,86833.3,-21992.3
DecoLine,86833.3,-21992.3,87000.0,-22041.5
DecoLine,87000.0,-22041.5,87166.7,-22100.8
DecoLine,87166.7,-22100.8,87333.3,-22166.9
DecoLine,87333.3,-22166.9,87500.0,-22236.7
DecoLine,87500.0,-22236.7,87666.7,-22307.0
DecoLine,87666.7,-22307.0,87833.3,-22374.7
DecoLine,87833.3,-22374.7,88000.0,-22437.4
DecoLine,88000.0,-22437.4,88166.7,-22492.9
DecoLine,88166.7,-22492.9,88333.3,-22539.8
DecoLine,88333.3,-22539.8,88500.0,-22577.4
DecoLine,88500.0,-22577.4,88666.7,-22605.4
DecoLine,88666.7,-22605.4,88833.3,-22624.3
DecoLine,88833.3,-22624.3,89000.0,-22635.1
DecoLine,89000.0,-22635.1,89166.7,-22639.1
DecoLine,89166.7,-22639.1,89333.3,-22637.8
DecoLine,89333.3,-22637.8,89500.0,-22633.0
DecoLine,89500.0,-22633.0,89666.7,-22626.1
DecoLine,89666.7,-22626.1,89833.3,-22618.8
DecoLine,89833.3,-22618.8,90000.0,-22611.9
DecoLine,90000.0,-22611.9,90166.7,-22606.1
DecoLine,90166.7,-22606.1,90333.3,-22601.7
DecoLine,90333.3,-22601.7,90500.0,-22598.4
DecoLine,90500.0,-22598.4,90666.7,-22595.4
DecoLine,90666.7,-22595.4,90833.3,-22591.7
DecoLine,90833.3,-22591.7,91000.0,-22585.9
DecoLine,91000.0,-22585.9,91166.7,-22576.5
DecoLine,91166.7,-22576.5,91333.3,-22562.2
DecoLine,91333.3,-22562.2,91500.0,-22541.5
DecoLine,91500.0,-22541.5,91666.7,-22513.7
DecoLine,91666.7,-22513.7,91833.3,-22478.0
DecoLine,91833.3,-22478.0,92000.0,-22434.7
DecoLine,92000.0,-22434.7,92166.7,-22384.1
DecoLine,92166.7,-22384.1,92333.3,-22327.7
DecoLine,92333.3,-22327.7,92500.0,-22267.2
DecoLine,92500.0,-22267.2,92666.7,-22204.8
DecoLine,92666.7,-22204.8,92833.3,-22143.4
DecoLine,92833.3,-22143.4,93000.0,-22085.8
DecoLine,93000.0,-22085.8,93166.7,-22035.0
DecoLine,93166.7,-22035.0,93333.3,-21994.0
DecoLine,93333.3,-21994.0,93500.0,-21965.3
DecoLine,93500.0,-21965.3,93666.7,-21951.1
DecoLine,93666.7,-21951.1,93833.3,-21952.9
DecoLine,93833.3,-21952.9,94000.0,-21971.4
DecoLine,94000.0,-21971.4,94166.7,-22006.6
DecoLine,94166.7,-22006.6,94333.3,-22057.6
DecoLine,94333.3,-22057.6,94500.0,-22122.6
DecoLine,94500.0,-22122.6,94666.7,-22199.2
DecoLine,94666.7,-22199.2,94833.3,-22284.3
DecoLine,94833.3,-22284.3,95000.0,-22374.3
DecoLine,95000.0,-22374.3,95166.7,-22465.5
DecoLine,95166.7,-22465.5,95333.3,-22554.1
DecoLine,95333.3,-22554.1,95500.0,-22636.1
DecoLine,95500.0,-22636.1,95666.7,-22708.3
DecoLine,95666.7,-22708.3,95833.3,-22767.8
DecoLine,95833.3,-22767.8,96000.0,-22812.5
DecoLine,96000.0,-22812.5,96166.7,-22840.8
DecoLine,96166.7,-22840.8,96333.3,-22852.3
DecoLine,96333.3,-22852.3,96500.0,-22847.1
DecoLine,96500.0,-22847.1,96666.7,-22826.4
DecoLine,96666.7,-22826.4,96833.3,-22791.9
DecoLine,96833.3,-22791.9,97000.0,-22746.0
DecoLine,97000.0,-22746.0,97166.7,-22691.3
DecoLine,97166.7,-22691.3,97333.3,-22631.0
DecoLine,97333.3,-22631.0,97500.0,-22568.0
DecoLine,97500.0,-22568.0,97666.7,-22505.2
DecoLine,97666.7,-22505.2,97833.3,-22445.3
DecoLine,97833.3,-22445.3,98000.0,-22390.3
DecoLine,98000.0,-22390.3,98166.7,-22341.9
DecoLine,98166.7,-22341.9,98333.3,-22301.1
DecoLine,98333.3,-22301.1,98500.0,-22268.3
DecoLine,98500.0,-22268.3,98666.7,-22243.2
DecoLine,98666.7,-22243.2,98833.3,-22225.3
DecoLine,98833.3,-22225.3,99000.0,-22213.4
DecoLine,99000.0,-22213.4,99166.7,-22206.2
DecoLine,99166.7,-22206.2,99333.3,-22202.1
DecoLine,99333.3,-22202.1,99500.0,-22199.6
DecoLine,99500.0,-22199.6,99666.7,-22197.6
DecoLine,99666.7,-22197.6,99833.3,-22195.0
DecoLine,99833.3,-22195.0,100000.0,-22191.3
DecoLine,100000.0,-22191.3,100166.7,-22186.2
DecoLine,100166.7,-22186.2,100333.3,-22180.1
DecoLine,100333.3,-22180.1,100500.0,-22173.9
DecoLine,100500.0,-22173.9,100666.7,-22168.6
DecoLine,100666.7,-22168.6,100833.3,-22165.8
DecoLine,100833.3,-22165.8,101000.0,-22167.0
DecoLine,101000.0,-22167.0,101166.7,-22174.0
DecoLine,101166.7,-22174.0,101333.3,-22188.1
DecoLine,101333.3,-22188.1,101500.0,-22210.6
DecoLine,101500.0,-22210.6,101666.7,-22242.2
DecoLine,101666.7,-22242.2,101833.3,-22283.2
DecoLine,101833.3,-22283.2,102000.0,-22333.2
DecoLine,102000.0,-22333.2,102166.7,-22391.2
DecoLine,102166.7,-22391.2,102333.3,-22455.5
DecoLine,102333.3,-22455.5,102500.0,-22523.8
DecoLine,102500.0,-22523.8,102666.7,-22593.5
DecoLine,102666.7,-22593.5,102833.3,-22661.5
DecoLine,102833.3,-22661.5,103000.0,-22724.5
DecoLine,103000.0,-22724.5,103166.7,-22779.5
DecoLine,103166.7,-22779.5,103333.3,-22823.3
DecoLine,103333.3,-22823.3,103500.0,-22853.6
DecoLine,103500.0,-22853.6,103666.7,-22868.1
DecoLine,103666.7,-22868.1,103833.3,-22865.7
DecoLine,103833.3,-22865.7,104000.0,-22845.8
DecoLine,104000.0,-22845.8,104166.7,-22808.8
DecoLine,104166.7,-22808.8,104333.3,-22756.0
DecoLine,104333.3,-22756.0,104500.0,-22689.2
DecoLine,104500.0,-22689.2,104666.7,-22611.2
DecoLine,104666.7,-22611.2,104833.3,-22525.4
DecoLine,104833.3,-22525.4,105000.0,-22435.4
DecoLine,105000.0,-22435.4,105166.7,-22344.9
DecoLine,105166.7,-22344.9,105333.3,-22257.9
DecoLine,105333.3,-22257.9,105500.0,-22177.9
DecoLine,105500.0,-22177.9,105666.7,-22108.2
DecoLine,105666.7,-22108.2,105833.3,-22051.2
DecoLine,105833.3,-22051.2,106000.0,-22008.9
DecoLine,106000.0,-22008.9,106166.7,-21982.4
DecoLine,106166.7,-21982.4,106333.3,-21971.9
DecoLine,106333.3,-21971.9,106500.0,-21977.0
DecoLine,106500.0,-21977.0,106666.7,-21996.2
DecoLine,106666.7,-21996.2,106833.3,-22027.9
DecoLine,106833.3,-22027.9,107000.0,-22069.5
DecoLine,107000.0,-22069.5,107166.7,-22118.5
DecoLine,107166.7,-22118.5,107333.3,-22171.9
DecoLine,107333.3,-22171.9,107500.0,-22227.1
DecoLine,107500.0,-22227.1,107666.7,-22281.5
DecoLine,107666.7,-22281.5,107833.3,-22332.9
DecoLine,107833.3,-22332.9,108000.0,-22379.7
DecoLine,108000.0,-22379.7,108166.7,-22420.6
DecoLine,108166.7,-22420.6,108333.3,-22455.1
DecoLine,108333.3,-22455.1,108500.0,-22483.3
DecoLine,108500.0,-22483.3,108666.7,-22505.6
DecoLine,108666.7,-22505.6,108833.3,-22522.9
DecoLine,108833.3,-22522.9,109000.0,-22536.4
DecoLine,109000.0,-22536.4,109166.7,-22547.5
DecoLine,109166.7,-22547.5,109333.3,-22557.6
DecoLine,109333.3,-22557.6,109500.0,-22567.7
DecoLine,109500.0,-22567.7,109666.7,-22578.9
DecoLine,109666.7,-22578.9,109833.3,-22591.7
DecoLine,109833.3,-22591.7,110000.0,-22606.2
DecoLine,60000.0,-23209.5,60200.0,-23253.4
DecoLine,60200.0,-23253.4,60400.0,-23276.6
DecoLine,60400.0,-23276.6,60600.0,-23276.8
DecoLine,60600.0,-23276.8,60800.0,-23254.2
DecoLine,60800.0,-23254.2,61000.0,-23211.4
DecoLine,61000.0,-23211.4,61200.0,-23153.1
DecoLine,61200.0,-23153.1,61400.0,-23085.5
DecoLine,61400.0,-23085.5,61600.0,-23015.4
DecoLine,61600.0,-23015.4,61800.0,-22949.6
DecoLine,61800.0,-22949.6,62000.0,-22893.5
DecoLine,62000.0,-22893.5,62200.0,-22851.3
DecoLine,62200.0,-22851.3,62400.0,-22824.9
DecoLine,62400.0,-22824.9,62600.0,-22814.2
DecoLine,62600.0,-22814.2,62800.0,-22817.4
DecoLine,62800.0,-22817.4,63000.0,-22831.2
DecoLine,63000.0,-22831.2,63200.0,-22851.7
DecoLine,63200.0,-22851.7,63400.0,-22875.1
DecoLine,63400.0,-22875.1,63600.0,-22898.1
DecoLine,63600.0,-22898.1,63800.0,-22918.5
DecoLine,63800.0,-22918.5,64000.0,-22935.6
DecoLine,64000.0,-22935.6,64200.0,-22950.1
DecoLine,64200.0,-22950.1,64400.0,-22963.8
DecoLine,64400.0,-22963.8,64600.0,-22979.0
DecoLine,64600.0,-22979.0,64800.0,-22997.9
DecoLine,64800.0,-22997.9,65000.0,-23022.4
DecoLine,65000.0,-23022.4,65200.0,-23053.0
DecoLine,65200.0,-23053.0,65400.0,-23088.8
DecoLine,65400.0,-23088.8,65600.0,-23127.3
DecoLine,65600.0,-23127.3,65800.0,-23164.9
DecoLine,65800.0,-23164.9,66000.0,-23196.9
DecoLine,66000.0,-23196.9,66200.0,-23218.5
DecoLine,66200.0,-23218.5,66400.0,-23225.3
DecoLine,66400.0,-23225.3,66600.0,-23214.2
DecoLine,66600.0,-23214.2,66800.0,-23184.2
DecoLine,66800.0,-23184.2,67000.0,-23136.1
DecoLine,67000.0,-23136.1,67200.0,-23073.1
DecoLine,67200.0,-23073.1,67400.0,-23000.4
DecoLine,67400.0,-23000.4,67600.0,-22924.6
DecoLine,67600.0,-22924.6,67800.0,-22852.9
DecoLine,67800.0,-22852.9,68000.0,-22792.3
DecoLine,68000.0,-22792.3,68200.0,-22748.7
DecoLine,68200.0,-22748.7,68400.0,-22726.3
DecoLine,68400.0,-22726.3,68600.0,-22726.9
DecoLine,68600.0,-22726.9,68800.0,-22749.6
DecoLine,68800.0,-22749.6,69000.0,-22791.4
DecoLine,69000.0,-22791.4,69200.0,-22847.4
DecoLine,69200.0,-22847.4,69400.0,-22911.4
DecoLine,69400.0,-22911.4,69600.0,-22976.8
DecoLine,69600.0,-22976.8,69800.0,-23037.6
DecoLine,70000.0,-23088.6,70200.0,-23126.8
DecoLine,70200.0,-23126.8,70400.0,-23150.8
DecoLine,70400.0,-23150.8,70600.0,-23161.3
DecoLine,70600.0,-23161.3,70800.0,-23160.4
DecoLine,70800.0,-23160.4,71000.0,-23151.4
DecoLine,71000.0,-23151.4,71200.0,-23137.8
DecoLine,71200.0,-23137.8,71400.0,-23122.8
DecoLine,71400.0,-23122.8,71600.0,-23108.9
DecoLine,71600.0,-23108.9,71800.0,-23097.1
DecoLine,71800.0,-23097.1,72000.0,-23087.2
DecoLine,72000.0,-23087.2,72200.0,-23077.8
DecoLine,72200.0,-23077.8,72400.0,-23066.6
DecoLine,72400.0,-23066.6,72600.0,-23050.9
DecoLine,72600.0,-23050.9,72800.0,-23028.7
DecoLine,72800.0,-23028.7,73000.0,-22998.6
DecoLine,73000.0,-22998.6,73200.0,-22960.8
DecoLine,73200.0,-22960.8,73400.0,-22917.1
DecoLine,73400.0,-22917.1,73600.0,-22870.8
DecoLine,73600.0,-22870.8,73800.0,-22826.6
DecoLine,73800.0,-22826.6,74000.0,-22789.6
DecoLine,74000.0,-22789.6,74200.0,-22765.1
DecoLine,74200.0,-22765.1,74400.0,-22757.4
DecoLine,74400.0,-22757.4,74600.0,-22769.3
DecoLine,74600.0,-22769.3,74800.0,-22801.5
DecoLine,74800.0,-22801.5,75000.0,-22852.5
DecoLine,75000.0,-22852.5,75200.0,-22918.4
DecoLine,75200.0,-22918.4,75400.0,-22993.5
DecoLine,75400.0,-22993.5,75600.0,-23070.8
DecoLine,75600.0,-23070.8,75800.0,-23143.0
DecoLine,75800.0,-23143.0,76000.0,-23203.2
DecoLine,76000.0,-23203.2,76200.0,-23245.7
DecoLine,76200.0,-23245.7,76400.0,-23267.0
DecoLine,76400.0,-23267.0,76600.0,-23265.9
DecoLine,76600.0,-23265.9,76800.0,-23243.6
DecoLine,76800.0,-23243.6,77000.0,-23203.6
DecoLine,77000.0,-23203.6,77200.0,-23150.8
DecoLine,77200.0,-23150.8,77400.0,-23091.5
DecoLine,77400.0,-23091.5,77600.0,-23031.7
DecoLine,77600.0,-23031.7,77800.0,-22976.9
DecoLine,77800.0,-22976.9,78000.0,-22931.3
DecoLine,78000.0,-22931.3,78200.0,-22897.4
DecoLine,78200.0,-22897.4,78400.0,-22875.6
DecoLine,78400.0,-22875.6,78600.0,-22865.0
DecoLine,78600.0,-22865.0,78800.0,-22863.0
DecoLine,78800.0,-22863.0,79000.0,-22866.7
DecoLine,79000.0,-22866.7,79200.0,-22872.9
DecoLine,79200.0,-22872.9,79400.0,-22879.1
DecoLine,79400.0,-22879.1,79600.0,-22883.8
DecoLine,79600.0,-22883.8,79800.0,-22887.0
DecoLine,79800.0,-22887.0,80000.0,-22889.8
DecoLine,80000.0,-22889.8,80200.0,-22894.5
DecoLine,80200.0,-22894.5,80400.0,-22903.7
DecoLine,80400.0,-22903.7,80600.0,-22920.3
DecoLine,80600.0,-22920.3,80800.0,-22946.0
DecoLine,80800.0,-22946.0,81000.0,-22981.7
DecoLine,81000.0,-22981.7,81200.0,-23026.5
DecoLine,81200.0,-23026.5,81400.0,-23077.6
DecoLine,81400.0,-23077.6,81600.0,-23130.8
DecoLine,81600.0,-23130.8,81800.0,-23180.8
DecoLine,81800.0,-23180.8,82000.0,-23221.9
DecoLine,82000.0,-23221.9,82200.0,-23248.7
DecoLine,82200.0,-23248.7,82400.0,-23256.9
DecoLine,82400.0,-23256.9,82600.0,-23244.0
DecoLine,82600.0,-23244.0,82800.0,-23209.8
DecoLine,82800.0,-23209.8,83000.0,-23156.6
DecoLine,83000.0,-23156.6,83200.0,-23088.7
DecoLine,83200.0,-23088.7,83400.0,-23012.3
DecoLine,83400.0,-23012.3,83600.0,-22934.6
DecoLine,83600.0,-22934.6,83800.0,-22863.0
DecoLine,83800.0,-22863.0,84000.0,-22804.2
DecoLine,84000.0,-22804.2,84200.0,-22763.2
DecoLine,84200.0,-22763.2,84400.0,-22743.1
DecoLine,84400.0,-22743.1,84600.0,-22744.6
DecoLine,84600.0,-22744.6,84800.0,-22766.0
DecoLine,84800.0,-22766.0,85000.0,-22803.4
DecoLine,85000.0,-22803.4,85200.0,-22851.9
DecoLine,85200.0,-22851.9,85400.0,-22905.7
DecoLine,85400.0,-22905.7,85600.0,-22959.0
DecoLine,85600.0,-22959.0,85800.0,-23007.2
DecoLine,85800.0,-23007.2,86000.0,-23046.9
DecoLine,86000.0,-23046.9,86200.0,-23076.5
DecoLine,86200.0,-23076.5,86400.0,-23096.2
DecoLine,86400.0,-23096.2,86600.0,-23107.4
DecoLine,86600.0,-23107.4,86800.0,-23112.7
DecoLine,86800.0,-23112.7,87000.0,-23114.9
DecoLine,87000.0,-23114.9,87200.0,-23116.6
DecoLine,87200.0,-23116.6,87400.0,-23119.4
DecoLine,87400.0,-23119.4,87600.0,-23123.9
DecoLine,87600.0,-23123.9,87800.0,-23129.1
DecoLine,87800.0,-23129.1,88000.0,-23132.9
DecoLine,88000.0,-23132.9,88200.0,-23132.5
DecoLine,88200.0,-23132.5,88400.0,-23124.8
DecoLine,88400.0,-23124.8,88600.0,-23107.1
DecoLine,88600.0,-23107.1,88800.0,-23077.7
DecoLine,88800.0,-23077.7,89000.0,-23036.5
DecoLine,89000.0,-23036.5,89200.0,-22985.2
DecoLine,89200.0,-22985.2,89400.0,-22927.4
DecoLine,89400.0,-22927.4,89600.0,-22868.1
DecoLine,89600.0,-22868.1,89800.0,-22813.2
DecoLine,89800.0,-22813.2,90000.0,-22768.8
DecoLine,90000.0,-22768.8,90200.0,-22740.4
DecoLine,90200.0,-22740.4,90400.0,-22732.2
DecoLine,90400.0,-22732.2,90600.0,-22746.1
DecoLine,90600.0,-22746.1,90800.0,-22781.9
DecoLine,90800.0,-22781.9,91000.0,-22836.7
DecoLine,91000.0,-22836.7,91200.0,-22905.6
DecoLine,91200.0,-22905.6,91400.0,-22982.2
DecoLine,91400.0,-22982.2,91600.0,-23059.0
DecoLine,91600.0,-23059.0,91800.0,-23129.0
DecoLine,91800.0,-23129.0,92000.0,-23185.7
DecoLine,92000.0,-23185.7,92200.0,-23224.6
DecoLine,92200.0,-23224.6,92400.0,-23243.3
DecoLine,92400.0,-23243.3,92600.0,-23241.7
DecoLine,92600.0,-23241.7,92800.0,-23221.9
DecoLine,92800.0,-23221.9,93000.0,-23187.9
DecoLine,93000.0,-23187.9,93200.0,-23144.5
DecoLine,93200.0,-23144.5,93400.0,-23097.4
DecoLine,93400.0,-23097.4,93600.0,-23051.3
DecoLine,93600.0,-23051.3,93800.0,-23010.2
DecoLine,93800.0,-23010.2,94000.0,-22976.6
DecoLine,94000.0,-22976.6,94200.0,-22951.2
DecoLine,94200.0,-22951.2,94400.0,-22933.4
DecoLine,94400.0,-22933.4,94600.0,-22921.2
DecoLine,94600.0,-22921.2,94800.0,-22912.1
DecoLine,94800.0,-22912.1,95000.0,-22903.5
DecoLine,95000.0,-22903.5,95200.0,-22893.7
DecoLine,95200.0,-22893.7,95400.0,-22881.8
DecoLine,95400.0,-22881.8,95600.0,-22868.3
DecoLine,95600.0,-22868.3,95800.0,-22855.0
DecoLine,95800.0,-22855.0,96000.0,-22845.0
DecoLine,96000.0,-22845.0,96200.0,-22841.6
DecoLine,96200.0,-22841.6,96400.0,-22848.2
DecoLine,96400.0,-22848.2,96600.0,-22867.5
DecoLine,96600.0,-22867.5,96800.0,-22900.6
DecoLine,96800.0,-22900.6,97000.0,-22947.0
DecoLine,97000.0,-22947.0,97200.0,-23004.2
DecoLine,97200.0,-23004.2,97400.0,-23067.9
DecoLine,97400.0,-23067.9,97600.0,-23132.4
DecoLine,97600.0,-23132.4,97800.0,-23191.2
DecoLine,97800.0,-23191.2,98000.0,-23238.0
DecoLine,98000.0,-23238.0,98200.0,-23267.3
DecoLine,98200.0,-23267.3,98400.0,-23275.2
DecoLine,98400.0,-23275.2,98600.0,-23260.3
DecoLine,98600.0,-23260.3,98800.0,-23223.4
DecoLine,98800.0,-23223.4,99000.0,-23167.8
DecoLine,99000.0,-23167.8,99200.0,-23098.9
DecoLine,99200.0,-23098.9,99400.0,-23023.3
DecoLine,99400.0,-23023.3,99600.0,-22948.5
DecoLine,99600.0,-22948.5,99800.0,-22881.2
DecoLine,99800.0,-22881.2,100000.0,-22827.3
DecoLine,100000.0,-22827.3,100200.0,-22790.8
DecoLine,100200.0,-22790.8,100400.0,-22773.5
DecoLine,100400.0,-22773.5,100600.0,-22774.9
DecoLine,100600.0,-22774.9,100800.0,-22792.4
DecoLine,100800.0,-22792.4,101000.0,-22822.3
DecoLine,101000.0,-22822.3,101200.0,-22859.5
DecoLine,101200.0,-22859.5,101400.0,-22899.4
DecoLine,101400.0,-22899.4,101600.0,-22937.6
DecoLine,101600.0,-22937.6,101800.0,-22971.2
DecoLine,101800.0,-22971.2,102000.0,-22998.6
DecoLine,102000.0,-22998.6,102200.0,-23019.8
DecoLine,102200.0,-23019.8,102400.0,-23036.1
DecoLine,102400.0,-23036.1,102600.0,-23049.8
DecoLine,102600.0,-23049.8,102800.0,-23063.1
DecoLine,102800.0,-23063.1,103000.0,-23078.3
DecoLine,103000.0,-23078.3,103200.0,-23096.4
DecoLine,103400.0,-23117.4,103600.0,-23139.7
DecoLine,103600.0,-23139.7,103800.0,-23160.4
DecoLine,103800.0,-23160.4,104000.0,-23176.1
DecoLine,104000.0,-23176.1,104200.0,-23182.7
DecoLine,104200.0,-23182.7,104400.0,-23176.8
DecoLine,104400.0,-23176.8,104600.0,-23155.8
DecoLine,104600.0,-23155.8,104800.0,-23119.1
DecoLine,104800.0,-23119.1,105000.0,-23067.8
DecoLine,105000.0,-23067.8,105200.0,-23005.3
DecoLine,105200.0,-23005.3,105400.0,-22936.6
DecoLine,105400.0,-22936.6,105600.0,-22868.0
DecoLine,105600.0,-22868.0,105800.0,-22806.3
DecoLine,105800.0,-22806.3,106000.0,-22758.0
DecoLine,106000.0,-22758.0,106200.0,-22728.4
DecoLine,106200.0,-22728.4,106400.0,-22721.0
DecoLine,106400.0,-22721.0,106600.0,-22736.8
DecoLine,106600.0,-22736.8,106800.0,-22774.3
DecoLine,106800.0,-22774.3,107000.0,-22829.8
DecoLine,107000.0,-22829.8,107200.0,-22897.7
DecoLine,107200.0,-22897.7,107400.0,-22971.0
DecoLine,107400.0,-22971.0,107600.0,-23042.8
DecoLine,107600.0,-23042.8,107800.0,-23106.5
DecoLine,107800.0,-23106.5,108000.0,-23156.9
DecoLine,108000.0,-23156.9,108200.0,-23190.7
DecoLine,108200.0,-23190.7,108400.0,-23206.8
DecoLine,108400.0,-23206.8,108600.0,-23206.1
DecoLine,108600.0,-23206.1,108800.0,-23191.3
DecoLine,108800.0,-23191.3,109000.0,-23166.5
DecoLine,109000.0,-23166.5,109200.0,-23136.1
DecoLine,109200.0,-23136.1,109400.0,-23104.2
DecoLine,109400.0,-23104.2,109600.0,-23074.3
DecoLine,109600.0,-23074.3,109800.0,-23048.4
DecoLine,109800.0,-23048.4,110000.0,-23027.2
DecoLine,60000.0,-26000.0,60089.8,-26020.8
DecoLine,60089.8,-26020.8,60206.2,-26045.7
DecoLine,60206.2,-26045.7,60344.5,-26075.1
DecoLine,60344.5,-26075.1,60500.0,-26109.4
DecoLine,60500.0,-26109.4,60668.0,-26148.7
DecoLine,60668.0,-26148.7,60843.8,-26193.4
DecoLine,60843.8,-26193.4,61022.7,-26243.7
DecoLine,61022.7,-26243.7,61200.0,-26300.0
DecoLine,61200.0,-26300.0,61383.6,-26368.6
DecoLine,61383.6,-26368.6,61581.2,-26452.0
DecoLine,61581.2,-26452.0,61788.3,-26544.5
DecoLine,61788.3,-26544.5,62000.0,-26640.6
DecoLine,62000.0,-26640.6,62211.7,-26734.8
DecoLine,62211.7,-26734.8,62418.8,-26821.5
DecoLine,62418.8,-26821.5,62616.4,-26895.1
DecoLine,62616.4,-26895.1,62800.0,-26950.0
DecoLine,62800.0,-26950.0,62969.1,-26984.6
DecoLine,62969.1,-26984.6,63128.1,-27003.5
DecoLine,63128.1,-27003.5,63279.3,-27010.5
DecoLine,63279.3,-27010.5,63425.0,-27009.4
DecoLine,63425.0,-27009.4,63567.6,-27004.0
DecoLine,63567.6,-27004.0,63709.4,-26998.0
DecoLine,63709.4,-26998.0,63852.7,-26995.5
DecoLine,63852.7,-26995.5,64000.0,-27000.0
DecoLine,64000.0,-27000.0,64150.0,-27010.1
DecoLine,64150.0,-27010.1,64300.0,-27021.5
DecoLine,64300.0,-27021.5,64450.0,-27033.8
DecoLine,64450.0,-27033.8,64600.0,-27046.9
DecoLine,64600.0,-27046.9,64750.0,-27060.3
DecoLine,64750.0,-27060.3,64900.0,-27073.8
DecoLine,64900.0,-27073.8,65050.0,-27087.2
DecoLine,65050.0,-27087.2,65200.0,-27100.0
DecoLine,65200.0,-27100.0,65350.0,-27108.4
DecoLine,65350.0,-27108.4,65500.0,-27110.9
DecoLine,65500.0,-27110.9,65650.0,-27111.1
DecoLine,65650.0,-27111.1,65800.0,-27112.5
DecoLine,65800.0,-27112.5,65950.0,-27118.6
DecoLine,65950.0,-27118.6,66100.0,-27132.8
DecoLine,66100.0,-27132.8,66250.0,-27158.8
DecoLine,66250.0,-27158.8,66400.0,-27200.0
DecoLine,66400.0,-27200.0,66550.0,-27261.5
DecoLine,66550.0,-27261.5,66700.0,-27342.2
DecoLine,66700.0,-27342.2,66850.0,-27436.1
DecoLine,66850.0,-27436.1,67000.0,-27537.5
DecoLine,67000.0,-27537.5,67150.0,-27640.4
DecoLine,67150.0,-27640.4,67300.0,-27739.1
DecoLine,67300.0,-27739.1,67450.0,-27827.5
DecoLine,67450.0,-27827.5,67600.0,-27900.0
DecoLine,67600.0,-27900.0,67744.5,-27950.5
DecoLine,67744.5,-27950.5,67881.2,-27982.0
DecoLine,67881.2,-27982.0,68014.8,-28002.2
DecoLine,68014.8,-28002.2,68150.0,-28018.8
DecoLine,68150.0,-28018.8,68291.4,-28039.2
DecoLine,68291.4,-28039.2,68443.8,-28071.1
DecoLine,68443.8,-28071.1,68611.7,-28122.2
DecoLine,68611.7,-28122.2,68800.0,-28200.0
DecoLine,68800.0,-28200.0,69023.3,-28313.6
DecoLine,69023.3,-28313.6,69283.6,-28459.7
DecoLine,69283.6,-28459.7,69566.1,-28627.1
DecoLine,69566.1,-28627.1,69856.2,-28805.0
DecoLine,69856.2,-28805.0,70139.4,-28982.2
DecoLine,70139.4,-28982.2,70400.8,-29147.8
DecoLine,70400.8,-29147.8,70625.9,-29290.7
DecoLine,70625.9,-29290.7,70800.0,-29400.0
DecoLine,70800.0,-29400.0,70916.1,-29474.1
DecoLine,70916.1,-29474.1,70985.2,-29523.0
DecoLine,70985.2,-29523.0,71019.4,-29552.5
DecoLine,71019.4,-29552.5,71031.2,-29568.8
DecoLine,71031.2,-29568.8,71032.9,-29577.6
DecoLine,71032.9,-29577.6,71036.7,-29585.2
DecoLine,71036.7,-29585.2,71055.0,-29597.3
DecoLine,71055.0,-29597.3,71100.0,-29620.0
DecoLine,71100.0,-29620.0,71162.2,-29646.1
DecoLine,71162.2,-29646.1,71225.8,-29666.7
DecoLine,71225.8,-29666.7,71293.7,-29685.6
DecoLine,71293.7,-29685.6,71368.8,-29706.2
DecoLine,71368.8,-29706.2,71454.0,-29732.4
DecoLine,71454.0,-29732.4,71552.3,-29767.7
DecoLine,71552.3,-29767.7,71666.7,-29815.6
DecoLine,71666.7,-29815.6,71800.0,-29880.0
DecoLine,71800.0,-29880.0,71956.9,-29963.6
DecoLine,71956.9,-29963.6,72136.7,-30064.1
DecoLine,72136.7,-30064.1,72334.1,-30177.5
DecoLine,72334.1,-30177.5,72543.8,-30300.0
DecoLine,72543.8,-30300.0,72760.4,-30427.5
DecoLine,72760.4,-30427.5,72978.9,-30555.9
DecoLine,72978.9,-30555.9,73193.8,-30681.4
DecoLine,73193.8,-30681.4,73400.0,-30800.0
DecoLine,73400.0,-30800.0,73602.1,-30917.6
DecoLine,73602.1,-30917.6,73807.0,-31040.5
DecoLine,73807.0,-31040.5,74013.2,-31165.3
DecoLine,74013.2,-31165.3,74218.8,-31288.8
DecoLine,74218.8,-31288.8,74422.0,-31407.3
DecoLine,74422.0,-31407.3,74621.1,-31517.7
DecoLine,74621.1,-31517.7,74814.4,-31616.3
DecoLine,74814.4,-31616.3,75000.0,-31700.0
DecoLine,75000.0,-31700.0,75172.1,-31760.1
DecoLine,75172.1,-31760.1,75329.7,-31796.1
DecoLine,75329.7,-31796.1,75478.7,-31816.9
DecoLine,75478.7,-31816.9,75625.0,-31831.2
DecoLine,75625.0,-31831.2,75774.4,-31847.9
DecoLine,75774.4,-31847.9,75932.8,-31875.8
DecoLine,75932.8,-31875.8,76106.1,-31923.5
DecoLine,76106.1,-31923.5,76300.0,-32000.0
DecoLine,76300.0,-32000.0,76528.0,-32113.4
DecoLine,76528.0,-32113.4,76790.2,-32258.8
DecoLine,76790.2,-32258.8,77072.6,-32425.4
DecoLine,77072.6,-32425.4,77361.2,-32602.5
DecoLine,77361.2,-32602.5,77642.3,-32779.3
DecoLine,77642.3,-32779.3,77901.7,-32945.0
DecoLine,77901.7,-32945.0,78125.6,-33088.8
DecoLine,78125.6,-33088.8,78300.0,-33200.0
DecoLine,78300.0,-33200.0,78418.3,-33277.8
DecoLine,78418.3,-33277.8,78490.9,-33332.0
DecoLine,78490.9,-33332.0,78529.4,-33368.1
DecoLine,78529.4,-33368.1,78545.6,-33391.2
DecoLine,78545.6,-33391.2,78551.1,-33406.7
DecoLine,78551.1,-33406.7,78557.6,-33419.8
DecoLine,78557.6,-33419.8,78576.7,-33435.8
DecoLine,78576.7,-33435.8,78620.0,-33460.0
DecoLine,78620.0,-33460.0,78686.4,-33489.4
DecoLine,78686.4,-33489.4,78764.1,-33517.8
DecoLine,78764.1,-33517.8,78849.4,-33545.4
DecoLine,78849.4,-33545.4,78938.1,-33572.5
DecoLine,78938.1,-33572.5,79026.5,-33599.3
DecoLine,79026.5,-33599.3,79110.5,-33625.9
DecoLine,79110.5,-33625.9,79186.4,-33652.8
DecoLine,79186.4,-33652.8,79250.0,-33680.0
DecoLine,79250.0,-33680.0,79298.2,-33707.5
DecoLine,79298.2,-33707.5,79333.2,-33735.0
DecoLine,79333.2,-33735.0,79359.6,-33762.5
DecoLine,79359.6,-33762.5,79381.9,-33790.0
DecoLine,79381.9,-33790.0,79404.5,-33817.5
DecoLine,79404.5,-33817.5,79432.1,-33845.0
DecoLine,79432.1,-33845.0,79469.1,-33872.5
DecoLine,79469.1,-33872.5,79520.0,-33900.0
DecoLine,79520.0,-33900.0,79579.1,-33922.3
DecoLine,79579.1,-33922.3,79639.6,-33937.2
DecoLine,79639.6,-33937.2,79704.5,-33949.1
DecoLine,79704.5,-33949.1,79776.9,-33962.5
DecoLine,79776.9,-33962.5,79859.6,-33981.8
DecoLine,79859.6,-33981.8,79955.7,-34011.6
DecoLine,79955.7,-34011.6,80068.2,-34056.1
DecoLine,80068.2,-34056.1,80200.0,-34120.0
DecoLine,80200.0,-34120.0,80353.2,-34204.6
DecoLine,80353.2,-34204.6,80525.9,-34306.4
DecoLine,80525.9,-34306.4,80715.0,-34422.2
DecoLine,80715.0,-34422.2,80917.5,-34548.8
DecoLine,80917.5,-34548.8,81130.3,-34683.0
DecoLine,81130.3,-34683.0,81350.3,-34821.7
DecoLine,81350.3,-34821.7,81574.6,-34961.8
DecoLine,81574.6,-34961.8,81800.0,-35100.0
DecoLine,81800.0,-35100.0,82035.0,-35245.6
DecoLine,82035.0,-35245.6,82285.9,-35405.6
DecoLine,82285.9,-35405.6,82547.1,-35573.4
DecoLine,82547.1,-35573.4,82812.5,-35742.5
DecoLine,82812.5,-35742.5,83076.4,-35906.2
DecoLine,83076.4,-35906.2,83332.8,-36058.1
DecoLine,83332.8,-36058.1,83576.0,-36191.6
DecoLine,83576.0,-36191.6,83800.0,-36300.0
DecoLine,83800.0,-36300.0,84002.3,-36376.5
DecoLine,84002.3,-36376.5,84187.5,-36424.2
DecoLine,84187.5,-36424.2,84360.2,-36452.1
DecoLine,84360.2,-36452.1,84525.0,-36468.8
DecoLine,84525.0,-36468.8,84686.7,-36483.1
DecoLine,84686.7,-36483.1,84850.0,-36503.9
DecoLine,84850.0,-36503.9,85019.5,-36539.9
DecoLine,85019.5,-36539.9,85200.0,-36600.0
DecoLine,85200.0,-36600.0,85393.2,-36685.0
DecoLine,85393.2,-36685.0,85595.3,-36787.0
DecoLine,85595.3,-36787.0,85802.9,-36901.5
DecoLine,85802.9,-36901.5,86012.5,-37023.8
DecoLine,86012.5,-37023.8,86220.5,-37149.3
DecoLine,86220.5,-37149.3,86423.4,-37273.6
DecoLine,86423.4,-37273.6,86617.8,-37392.0
DecoLine,86617.8,-37392.0,86800.0,-37500.0
DecoLine,86800.0,-37500.0,86972.4,-37600.9
DecoLine,86972.4,-37600.9,87139.4,-37700.6
DecoLine,87139.4,-37700.6,87300.4,-37798.1
DecoLine,87300.4,-37798.1,87455.0,-37892.5
DecoLine,87455.0,-37892.5,87602.7,-37982.8
DecoLine,87602.7,-37982.8,87743.1,-38068.1
DecoLine,87743.1,-38068.1,87875.7,-38147.5
DecoLine,87875.7,-38147.5,88000.0,-38220.0
DecoLine,88000.0,-38220.0,88112.6,-38283.6
DecoLine,88112.6,-38283.6,88212.3,-38338.4
DecoLine,88212.3,-38338.4,88302.5,-38386.5
DecoLine,88302.5,-38386.5,88386.2,-38430.0
DecoLine,88386.2,-38430.0,88466.7,-38471.0
DecoLine,88466.7,-38471.0,88547.0,-38511.6
DecoLine,88547.0,-38511.6,88630.4,-38553.9
DecoLine,88630.4,-38553.9,88720.0,-38600.0
DecoLine,88720.0,-38600.0,88810.4,-38650.4
DecoLine,88810.4,-38650.4,88896.2,-38703.3
DecoLine,88896.2,-38703.3,88980.9,-38757.3
DecoLine,88980.9,-38757.3,89067.5,-38811.2
DecoLine,89067.5,-38811.2,89159.5,-38863.8
DecoLine,89159.5,-38863.8,89260.0,-38913.6
DecoLine,89260.0,-38913.6,89372.4,-38959.4
DecoLine,89372.4,-38959.4,89500.0,-39000.0
DecoLine,89500.0,-39000.0,89645.3,-39034.6
DecoLine,89645.3,-39034.6,89806.4,-39064.1
DecoLine,89806.4,-39064.1,89979.6,-39089.6
DecoLine,89979.6,-39089.6,90161.2,-39112.5
DecoLine,90161.2,-39112.5,90347.8,-39133.8
DecoLine,90347.8,-39133.8,90535.5,-39154.7
DecoLine,90535.5,-39154.7,90720.8,-39176.4
DecoLine,90720.8,-39176.4,90900.0,-39200.0
DecoLine,90900.0,-39200.0,91075.0,-39225.7
DecoLine,91075.0,-39225.7,91250.0,-39252.3
DecoLine,91250.0,-39252.3,91425.0,-39279.4
DecoLine,91425.0,-39279.4,91600.0,-39306.2
DecoLine,91600.0,-39306.2,91775.0,-39332.3
DecoLine,91775.0,-39332.3,91950.0,-39357.0
DecoLine,91950.0,-39357.0,92125.0,-39379.8
DecoLine,92125.0,-39379.8,92300.0,-39400.0
DecoLine,92300.0,-39400.0,92477.1,-39418.0
DecoLine,92477.1,-39418.0,92657.0,-39434.4
DecoLine,92657.0,-39434.4,92838.2,-39449.2
DecoLine,92838.2,-39449.2,93018.8,-39462.5
DecoLine,93018.8,-39462.5,93197.0,-39474.2
DecoLine,93197.0,-39474.2,93371.1,-39484.4
DecoLine,93371.1,-39484.4,93539.4,-39493.0
DecoLine,93539.4,-39493.0,93700.0,-39500.0
DecoLine,93700.0,-39500.0,93853.9,-39504.0
DecoLine,93853.9,-39504.0,94003.1,-39504.2
DecoLine,94003.1,-39504.2,94147.7,-39502.1
DecoLine,94147.7,-39502.1,94287.5,-39498.8
DecoLine,94287.5,-39498.8,94422.7,-39495.6
DecoLine,94422.7,-39495.6,94553.1,-39493.9
DecoLine,94553.1,-39493.9,94678.9,-39494.9
DecoLine,94678.9,-39494.9,94800.0,-39500.0
DecoLine,94800.0,-39500.0,94915.7,-39507.9
DecoLine,94915.7,-39507.9,95025.8,-39516.9
DecoLine,95025.8,-39516.9,95130.8,-39527.4
DecoLine,95130.8,-39527.4,95231.2,-39540.0
DecoLine,95231.2,-39540.0,95327.8,-39555.1
DecoLine,95327.8,-39555.1,95421.1,-39573.1
DecoLine,95421.1,-39573.1,95511.6,-39594.6
DecoLine,95511.6,-39594.6,95600.0,-39620.0
DecoLine,95600.0,-39620.0,95686.6,-39651.8
DecoLine,95686.6,-39651.8,95771.1,-39690.6
DecoLine,95771.1,-39690.6,95852.8,-39734.1
DecoLine,95852.8,-39734.1,95931.2,-39780.0
DecoLine,95931.2,-39780.0,96005.8,-39825.9
DecoLine,96005.8,-39825.9,96075.8,-39869.4
DecoLine,96075.8,-39869.4,96140.7,-39908.2
DecoLine,96140.7,-39908.2,96200.0,-39940.0
DecoLine,96200.0,-39940.0,96249.8,-39963.3
DecoLine,96249.8,-39963.3,96289.1,-39979.8
DecoLine,96289.1,-39979.8,96321.3,-39991.7
DecoLine,96321.3,-39991.7,96350.0,-40001.2
DecoLine,96350.0,-40001.2,96378.7,-40010.6
DecoLine,96378.7,-40010.6,96410.9,-40022.0
DecoLine,96410.9,-40022.0,96450.2,-40037.8
DecoLine,96450.2,-40037.8,96500.0,-40060.0
DecoLine,96500.0,-40060.0,96562.4,-40090.1
DecoLine,96562.4,-40090.1,96635.0,-40126.6
DecoLine,96635.0,-40126.6,96714.5,-40167.2
DecoLine,96714.5,-40167.2,96797.5,-40210.0
DecoLine,96797.5,-40210.0,96880.9,-40252.8
DecoLine,96880.9,-40252.8,96961.2,-40293.4
DecoLine,96961.2,-40293.4,97035.4,-40329.9
DecoLine,97035.4,-40329.9,97100.0,-40360.0
DecoLine,97100.0,-40360.0,97153.2,-40382.2
DecoLine,97153.2,-40382.2,97197.2,-40398.0
DecoLine,97197.2,-40398.0,97235.1,-40409.4
DecoLine,97235.1,-40409.4,97270.0,-40418.8
DecoLine,97270.0,-40418.8,97304.9,-40428.3
DecoLine,97304.9,-40428.3,97342.8,-40440.2
DecoLine,97342.8,-40440.2,97386.8,-40456.7
DecoLine,97386.8,-40456.7,97440.0,-40480.0
DecoLine,97440.0,-40480.0,97501.5,-40509.9
DecoLine,97501.5,-40509.9,97568.0,-40544.1
DecoLine,97568.0,-40544.1,97638.9,-40581.8
DecoLine,97638.9,-40581.8,97713.8,-40622.5
DecoLine,97713.8,-40622.5,97791.9,-40665.4
DecoLine,97791.9,-40665.4,97872.7,-40709.7
DecoLine,97872.7,-40709.7,97955.6,-40754.8
DecoLine,97955.6,-40754.8,98040.0,-40800.0
DecoLine,98040.0,-40800.0,98118.9,-40839.3
DecoLine,98118.9,-40839.3,98189.7,-40870.9
DecoLine,98189.7,-40870.9,98258.8,-40900.2
DecoLine,98258.8,-40900.2,98332.5,-40932.5
DecoLine,98332.5,-40932.5,98417.1,-40973.2
DecoLine,98417.1,-40973.2,98519.1,-41027.8
DecoLine,98519.1,-41027.8,98644.6,-41101.6
DecoLine,98644.6,-41101.6,98800.0,-41200.0
DecoLine,98800.0,-41200.0,98990.7,-41327.8
DecoLine,98990.7,-41327.8,99212.8,-41482.0
DecoLine,99212.8,-41482.0,99459.2,-41656.2
DecoLine,99459.2,-41656.2,99722.5,-41843.8
DecoLine,99722.5,-41843.8,99995.5,-42038.4
DecoLine,99995.5,-42038.4,100270.9,-42233.6
DecoLine,100270.9,-42233.6,100541.5,-42422.9
DecoLine,100541.5,-42422.9,100800.0,-42600.0
DecoLine,100800.0,-42600.0,101052.1,-42769.3
DecoLine,101052.1,-42769.3,101307.0,-42939.1
DecoLine,101307.0,-42939.1,101563.2,-43108.0
DecoLine,101563.2,-43108.0,101818.8,-43275.0
DecoLine,101818.8,-43275.0,102072.0,-43438.9
DecoLine,102072.0,-43438.9,102321.1,-43598.4
DecoLine,102321.1,-43598.4,102564.4,-43752.5
DecoLine,102564.4,-43752.5,102800.0,-43900.0
DecoLine,102800.0,-43900.0,103028.2,-44044.1
DecoLine,103028.2,-44044.1,103250.8,-44187.5
DecoLine,103250.8,-44187.5,103468.3,-44327.7
DecoLine,103468.3,-44327.7,103681.2,-44462.5
DecoLine,103681.2,-44462.5,103890.3,-44589.5
DecoLine,103890.3,-44589.5,104096.1,-44706.2
DecoLine,104096.1,-44706.2,104299.1,-44810.5
DecoLine,104299.1,-44810.5,104500.0,-44900.0
DecoLine,104500.0,-44900.0,104693.7,-44965.5
DecoLine,104693.7,-44965.5,104877.3,-45005.5
DecoLine,104877.3,-45005.5,105055.2,-45028.6
DecoLine,105055.2,-45028.6,105231.2,-45043.8
DecoLine,105231.2,-45043.8,105409.7,-45059.7
DecoLine,105409.7,-45059.7,105594.5,-45085.2
DecoLine,105594.5,-45085.2,105789.9,-45129.0
DecoLine,105789.9,-45129.0,106000.0,-45200.0
DecoLine,106000.0,-45200.0,106226.1,-45302.0
DecoLine,106226.1,-45302.0,106464.8,-45428.1
DecoLine,106464.8,-45428.1,106713.4,-45571.5
DecoLine,106713.4,-45571.5,106968.8,-45725.0
DecoLine,106968.8,-45725.0,107228.0,-45881.6
DecoLine,107228.0,-45881.6,107488.3,-46034.4
DecoLine,107488.3,-46034.4,107746.6,-46176.2
DecoLine,107746.6,-46176.2,108000.0,-46300.0
DecoLine,108000.0,-46300.0,108263.7,-46411.4
DecoLine,108263.7,-46411.4,108546.9,-46519.5
DecoLine,108546.9,-46519.5,108837.9,-46622.6
DecoLine,108837.9,-46622.6,109125.0,-46718.8
DecoLine,109125.0,-46718.8,109396.5,-46806.3
DecoLine,109396.5,-46806.3,109640.6,-46883.6
DecoLine,109640.6,-46883.6,109845.7,-46948.7
DecoLine,109845.7,-46948.7,110000.0,-47000.0
DecoLine,67591.3,-25919.0,67589.1,-25958.0
DecoLine,67589.1,-25958.0,67611.9,-25986.6
DecoLine,67611.9,-25986.6,67631.5,-26023.6
DecoLine,67631.5,-26023.6,67659.9,-26047.7
DecoLine,67659.9,-26047.7,67682.0,-26076.6
DecoLine,67682.0,-26076.6,67721.9,-26099.3
DecoLine,67721.9,-26099.3,67767.2,-26114.2
DecoLine,67767.2,-26114.2,67805.1,-26134.3
DecoLine,67805.1,-26134.3,67850.7,-26131.6
DecoLine,67850.7,-26131.6,67900.5,-26137.3
DecoLine,67900.5,-26137.3,67950.7,-26134.7
DecoLine,67950.7,-26134.7,67996.3,-26122.3
DecoLine,67996.3,-26122.3,68036.8,-26111.6
DecoLine,68036.8,-26111.6,68078.9,-26090.5
DecoLine,68078.9,-26090.5,68123.1,-26073.6
DecoLine,68123.1,-26073.6,68147.3,-26046.2
DecoLine,68147.3,-26046.2,68176.7,-26016.9
DecoLine,68176.7,-26016.9,68187.1,-25982.4
DecoLine,68187.1,-25982.4,68214.6,-25954.5
DecoLine,68214.6,-25954.5,68205.3,-25917.4
DecoLine,68205.3,-25917.4,68200.7,-25885.1
DecoLine,68200.7,-25885.1,68187.6,-25849.3
DecoLine,68187.6,-25849.3,68179.9,-25818.3
DecoLine,68179.9,-25818.3,68152.1,-25788.4
DecoLine,68152.1,-25788.4,68117.0,-25767.5
DecoLine,68117.0,-25767.5,68079.0,-25742.2
DecoLine,68079.0,-25742.2,68039.9,-25720.0
DecoLine,68039.9,-25720.0,67989.0,-25709.9
DecoLine,67989.0,-25709.9,67952.0,-25701.1
DecoLine,67952.0,-25701.1,67899.0,-25700.5
DecoLine,67899.0,-25700.5,67848.6,-25701.8
DecoLine,67848.6,-25701.8,67804.7,-25716.8
DecoLine,67804.7,-25716.8,67763.1,-25723.7
DecoLine,67763.1,-25723.7,67720.1,-25740.5
DecoLine,67720.1,-25740.5,67684.8,-25772.2
DecoLine,67684.8,-25772.2,67648.4,-25791.6
DecoLine,67648.4,-25791.6,67623.1,-25823.3
DecoLine,67623.1,-25823.3,67596.7,-25851.3
DecoLine,67596.7,-25851.3,67590.0,-25883.8
DecoLine,67590.0,-25883.8,67591.3,-25919.0
DecoLine,74963.6,-29748.3,74969.5,-29788.3
DecoLine,74969.5,-29788.3,74983.6,-29836.9
DecoLine,74983.6,-29836.9,75013.2,-29866.7
DecoLine,75013.2,-29866.7,75033.4,-29909.4
DecoLine,75033.4,-29909.4,75073.8,-29950.4
DecoLine,75073.8,-29950.4,75116.4,-29970.0
DecoLine,75116.4,-29970.0,75167.3,-29993.3
DecoLine,75167.3,-29993.3,75224.4,-30007.0
DecoLine,75224.4,-30007.0,75293.4,-30020.5
DecoLine,75293.4,-30020.5,75348.1,-30027.3
DecoLine,75348.1,-30027.3,75404.9,-30020.2
DecoLine,75404.9,-30020.2,75475.8,-30019.0
DecoLine,75475.8,-30019.0,75517.5,-29993.9
DecoLine,75517.5,-29993.9,75572.2,-29968.1
DecoLine,75572.2,-29968.1,75625.3,-29945.8
DecoLine,75625.3,-29945.8,75662.2,-29918.7
DecoLine,75662.2,-29918.7,75700.4,-29874.3
DecoLine,75700.4,-29874.3,75711.2,-29834.3
DecoLine,75711.2,-29834.3,75735.7,-29799.6
DecoLine,75735.7,-29799.6,75731.1,-29748.5
DecoLine,75731.1,-29748.5,75722.4,-29713.5
DecoLine,75722.4,-29713.5,75705.7,-29671.8
DecoLine,75705.7,-29671.8,75695.5,-29628.9
DecoLine,75695.5,-29628.9,75670.2,-29585.9
DecoLine,75670.2,-29585.9,75618.1,-29563.1
DecoLine,75618.1,-29563.1,75568.8,-29529.4
DecoLine,75568.8,-29529.4,75519.1,-29509.9
DecoLine,75519.1,-29509.9,75464.8,-29490.0
DecoLine,75464.8,-29490.0,75403.3,-29485.6
DecoLine,75403.3,-29485.6,75347.7,-29479.0
DecoLine,75347.7,-29479.0,75298.7,-29480.9
DecoLine,75298.7,-29480.9,75236.0,-29487.1
DecoLine,75236.0,-29487.1,75178.8,-29508.6
DecoLine,75178.8,-29508.6,75124.5,-29529.3
DecoLine,75124.5,-29529.3,75088.0,-29561.5
DecoLine,75088.0,-29561.5,75036.0,-29581.4
DecoLine,75036.0,-29581.4,74999.8,-29619.2
DecoLine,74999.8,-29619.2,74972.7,-29662.6
DecoLine,74972.7,-29662.6,74972.8,-29700.9
DecoLine,74972.8,-29700.9,74963.6,-29748.3
DecoLine,84325.6,-34694.2,84348.9,-34747.8
DecoLine,84348.9,-34747.8,84345.4,-34807.5
DecoLine,84345.4,-34807.5,84380.6,-34849.8
DecoLine,84380.6,-34849.8,84416.8,-34902.9
DecoLine,84416.8,-34902.9,84479.8,-34929.4
DecoLine,84479.8,-34929.4,84517.2,-34976.9
DecoLine,84517.2,-34976.9,84573.0,-35005.9
DecoLine,84573.0,-35005.9,84650.1,-35029.3
DecoLine,84650.1,-35029.3,84731.7,-35044.6
DecoLine,84731.7,-35044.6,84792.0,-35038.4
DecoLine,84792.0,-35038.4,84866.6,-35038.0
DecoLine,84866.6,-35038.0,84934.5,-35013.6
DecoLine,84934.5,-35013.6,85009.7,-35000.9
DecoLine,85009.7,-35000.9,85073.1,-34978.9
DecoLine,85073.1,-34978.9,85142.3,-34939.6
DecoLine,85142.3,-34939.6,85181.6,-34904.0
DecoLine,85181.6,-34904.0,85224.5,-34861.6
DecoLine,85224.5,-34861.6,85238.7,-34804.1
DecoLine,85238.7,-34804.1,85272.7,-34761.5
DecoLine,85272.7,-34761.5,85279.1,-34700.6
DecoLine,85279.1,-34700.6,85256.9,-34650.0
DecoLine,85256.9,-34650.0,85256.9,-34593.4
DecoLine,85256.9,-34593.4,85209.6,-34554.9
DecoLine,85209.6,-34554.9,85177.5,-34502.0
DecoLine,85177.5,-34502.0,85124.8,-34469.4
DecoLine,85124.8,-34469.4,85074.0,-34425.5
DecoLine,85074.0,-34425.5,85006.5,-34399.9
DecoLine,85006.5,-34399.9,84952.6,-34370.1
DecoLine,84952.6,-34370.1,84868.0,-34360.5
DecoLine,84868.0,-34360.5,84796.2,-34364.7
DecoLine,84796.2,-34364.7,84737.8,-34368.4
DecoLine,84737.8,-34368.4,84646.2,-34376.2
DecoLine,84646.2,-34376.2,84595.7,-34395.5
DecoLine,84595.7,-34395.5,84514.8,-34420.8
DecoLine,84514.8,-34420.8,84473.5,-34462.7
DecoLine,84473.5,-34462.7,84420.2,-34502.9
DecoLine,84420.2,-34502.9,84374.9,-34538.6
DecoLine,84374.9,-34538.6,84344.7,-34597.6
DecoLine,84344.7,-34597.6,84335.0,-34648.7
DecoLine,84335.0,-34648.7,84325.6,-34694.2
DecoLine,93698.7,-37537.8,93709.8,-37564.8
DecoLine,93709.8,-37564.8,93720.0,-37596.9
DecoLine,93720.0,-37596.9,93729.3,-37630.7
DecoLine,93729.3,-37630.7,93758.1,-37661.3
DecoLine,93758.1,-37661.3,93788.8,-37680.5
DecoLine,93788.8,-37680.5,93818.1,-37714.6
DecoLine,93818.1,-37714.6,93858.2,-37732.9
DecoLine,93858.2,-37732.9,93896.6,-37745.5
DecoLine,93896.6,-37745.5,93949.3,-37749.4
DecoLine,93949.3,-37749.4,93991.2,-37752.0
DecoLine,93991.2,-37752.0,94034.6,-37748.4
DecoLine,94034.6,-37748.4,94092.4,-37747.3
DecoLine,94092.4,-37747.3,94131.9,-37734.0
DecoLine,94131.9,-37734.0,94170.5,-37718.7
DecoLine,94170.5,-37718.7,94202.1,-37692.9
DecoLine,94202.1,-37692.9,94237.0,-37669.7
DecoLine,94237.0,-37669.7,94256.3,-37640.9
DecoLine,94256.3,-37640.9,94275.4,-37610.6
DecoLine,94275.4,-37610.6,94285.9,-37573.7
DecoLine,94285.9,-37573.7,94296.0,-37541.4
DecoLine,94296.0,-37541.4,94287.8,-37510.0
DecoLine,94287.8,-37510.0,94290.9,-37480.7
DecoLine,94290.9,-37480.7,94265.4,-37445.4
DecoLine,94265.4,-37445.4,94251.7,-37414.3
DecoLine,94251.7,-37414.3,94212.3,-37396.4
DecoLine,94212.3,-37396.4,94185.0,-37364.8
DecoLine,94185.0,-37364.8,94138.0,-37355.5
DecoLine,94138.0,-37355.5,94101.0,-37337.3
DecoLine,94101.0,-37337.3,94055.6,-37333.0
DecoLine,94055.6,-37333.0,94011.9,-37324.8
DecoLine,94011.9,-37324.8,93959.9,-37334.4
DecoLine,93959.9,-37334.4,93919.8,-37335.2
DecoLine,93919.8,-37335.2,93876.7,-37348.0
DecoLine,93876.7,-37348.0,93829.5,-37358.5
DecoLine,93829.5,-37358.5,93796.4,-37385.5
DecoLine,93796.4,-37385.5,93764.6,-37413.2
DecoLine,93764.6,-37413.2,93746.5,-37441.7
DecoLine,93746.5,-37441.7,93710.9,-37467.1
DecoLine,93710.9,-37467.1,93704.3,-37497.3
DecoLine,93704.3,-37497.3,93698.7,-37537.8
DecoLine,94808.7,-37535.5,94817.6,-37565.4
DecoLine,94817.6,-37565.4,94819.6,-37597.1
DecoLine,94819.6,-37597.1,94841.4,-37621.6
DecoLine,94841.4,-37621.6,94867.1,-37650.0
DecoLine,94867.1,-37650.0,94893.9,-37676.6
DecoLine,94893.9,-37676.6,94925.9,-37696.9
DecoLine,94925.9,-37696.9,94963.6,-37712.1
DecoLine,94963.6,-37712.1,94996.8,-37727.8
DecoLine,94996.8,-37727.8,95041.1,-37745.6
DecoLine,95041.1,-37745.6,95090.0,-37742.2
DecoLine,95090.0,-37742.2,95129.7,-37743.8
DecoLine,95129.7,-37743.8,95175.2,-37737.8
DecoLine,95175.2,-37737.8,95223.4,-37729.6
DecoLine,95223.4,-37729.6,95256.8,-37707.0
DecoLine,95256.8,-37707.0,95292.1,-37687.3
DecoLine,95292.1,-37687.3,95319.1,-37665.5
DecoLine,95319.1,-37665.5,95352.7,-37640.4
DecoLine,95352.7,-37640.4,95363.5,-37607.2
DecoLine,95363.5,-37607.2,95383.0,-37579.8
DecoLine,95383.0,-37579.8,95386.7,-37551.2
DecoLine,95386.7,-37551.2,95385.9,-37513.2
DecoLine,95385.9,-37513.2,95385.8,-37486.3
DecoLine,95385.8,-37486.3,95364.4,-37457.6
DecoLine,95364.4,-37457.6,95339.5,-37426.4
DecoLine,95339.5,-37426.4,95309.0,-37400.9
DecoLine,95309.0,-37400.9,95277.5,-37384.4
DecoLine,95277.5,-37384.4,95242.1,-37362.5
DecoLine,95242.1,-37362.5,95204.0,-37351.4
DecoLine,95204.0,-37351.4,95156.8,-37335.5
DecoLine,95156.8,-37335.5,95113.3,-37331.9
DecoLine,95113.3,-37331.9,95071.0,-37343.8
DecoLine,95071.0,-37343.8,95019.0,-37347.3
DecoLine,95019.0,-37347.3,94980.2,-37359.8
DecoLine,94980.2,-37359.8,94939.5,-37372.7
DecoLine,94939.5,-37372.7,94903.0,-37392.8
DecoLine,94903.0,-37392.8,94870.3,-37414.6
DecoLine,94870.3,-37414.6,94851.4,-37444.8
DecoLine,94851.4,-37444.8,94828.0,-37468.1
DecoLine,94828.0,-37468.1,94810.2,-37497.3
DecoLine,94810.2,-37497.3,94808.7,-37535.5
DecoLine,104421.8,-43112.6,104398.6,-43188.2
DecoLine,104398.6,-43188.2,104437.4,-43248.4
DecoLine,104437.4,-43248.4,104482.1,-43295.3
DecoLine,104482.1,-43295.3,104526.9,-43340.2
DecoLine,104526.9,-43340.2,104581.3,-43401.5
DecoLine,104581.3,-43401.5,104663.1,-43424.6
DecoLine,104663.1,-43424.6,104728.2,-43453.6
DecoLine,104728.2,-43453.6,104810.8,-43470.7
DecoLine,104810.8,-43470.7,104899.0,-43494.5
DecoLine,104899.0,-43494.5,104983.1,-43491.9
DecoLine,104983.1,-43491.9,105069.6,-43488.1
DecoLine,105069.6,-43488.1,105131.6,-43459.2
DecoLine,105131.6,-43459.2,105227.0,-43448.8
DecoLine,105227.0,-43448.8,105296.9,-43412.2
DecoLine,105296.9,-43412.2,105337.0,-43360.2
DecoLine,105337.0,-43360.2,105415.3,-43322.8
DecoLine,105415.3,-43322.8,105443.7,-43256.3
DecoLine,105443.7,-43256.3,105469.4,-43206.4
DecoLine,105469.4,-43206.4,105501.8,-43137.9
DecoLine,105501.8,-43137.9,105489.1,-43088.5
DecoLine,105489.1,-43088.5,105495.4,-43018.6
DecoLine,105495.4,-43018.6,105448.2,-42965.6
DecoLine,105448.2,-42965.6,105428.4,-42897.1
DecoLine,105428.4,-42897.1,105376.2,-42851.6
DecoLine,105376.2,-42851.6,105332.4,-42800.2
DecoLine,105332.4,-42800.2,105240.4,-42774.4
DecoLine,105240.4,-42774.4,105162.0,-42749.1
DecoLine,105162.0,-42749.1,105088.0,-42719.5
DecoLine,105088.0,-42719.5,105016.2,-42703.7
DecoLine,105016.2,-42703.7,104928.9,-42717.2
DecoLine,104928.9,-42717.2,104843.8,-42716.3
DecoLine,104843.8,-42716.3,104753.3,-42724.8
DecoLine,104753.3,-42724.8,104669.3,-42753.3
DecoLine,104669.3,-42753.3,104610.0,-42786.0
DecoLine,104610.0,-42786.0,104552.4,-42836.6
DecoLine,104552.4,-42836.6,104507.4,-42893.9
DecoLine,104507.4,-42893.9,104454.8,-42941.5
DecoLine,104454.8,-42941.5,104431.3,-42998.3
DecoLine,104431.3,-42998.3,104402.2,-43048.9
DecoLine,104402.2,-43048.9,104421.8,-43112.6
PhysicLine,2937.0,232.0,2963.0,217.0
PhysicLine,2998.0,200.0,3044.0,185.0
PhysicLine,18746.0,-7097.0,18829.0,-7133.0
PhysicLine,18913.0,-7171.0,18995.0,-7192.0
PhysicLine,26814.0,-10930.0,26893.0,-10963.0
PhysicLine,26941.0,-10985.0,26998.0,-11000.0
PhysicLine,35135.0,-13600.0,35262.0,-13548.0
PhysicLine,55306.0,-86342.0,55692.0,-86227.0
PhysicLine,44513.0,-17457.0,45873.0,-17725.0
DecoLine,123801.0,-63232.0,123871.0,-63462.0
DecoLine,123527.0,-63299.0,124064.0,-63169.0
DecoLine,124109.0,-63142.0,124109.0,-63143.0
DecoLine,124109.0,-63143.0,124113.0,-63155.0
DecoLine,124113.0,-63155.0,124117.0,-63163.0
DecoLine,124117.0,-63163.0,124129.0,-63183.0
DecoLine,124129.0,-63183.0,124135.0,-63193.0
DecoLine,124135.0,-63193.0,124141.0,-63205.0
DecoLine,124141.0,-63205.0,124147.0,-63215.0
DecoLine,124147.0,-63215.0,124164.0,-63257.0
DecoLine,124164.0,-63257.0,124168.0,-63269.0
DecoLine,124168.0,-63269.0,124171.0,-63284.0
DecoLine,124171.0,-63284.0,124172.0,-63308.0
DecoLine,124172.0,-63308.0,124172.0,-63318.0
DecoLine,124172.0,-63318.0,124169.0,-63353.0
DecoLine,124169.0,-63353.0,124166.0,-63369.0
DecoLine,124166.0,-63369.0,124157.0,-63397.0
DecoLine,124157.0,-63397.0,124152.0,-63419.0
DecoLine,124152.0,-63419.0,124147.0,-63428.0
DecoLine,124147.0,-63428.0,124145.0,-63442.0
DecoLine,124145.0,-63442.0,124144.0,-63442.0
DecoLine,124365.0,-63094.0,124364.0,-63095.0
DecoLine,124364.0,-63095.0,124358.0,-63104.0
DecoLine,124358.0,-63104.0,124348.0,-63120.0
DecoLine,124348.0,-63120.0,124345.0,-63126.0
DecoLine,124345.0,-63126.0,124337.0,-63145.0
DecoLine,124337.0,-63145.0,124334.0,-63155.0
DecoLine,124334.0,-63155.0,124329.0,-63173.0
DecoLine,124329.0,-63173.0,124326.0,-63189.0
DecoLine,124326.0,-63189.0,124324.0,-63246.0
DecoLine,124324.0,-63246.0,124324.0,-63268.0
DecoLine,124324.0,-63268.0,124326.0,-63304.0
DecoLine,124326.0,-63304.0,124329.0,-63324.0
DecoLine,124329.0,-63324.0,124338.0,-63353.0
DecoLine,124338.0,-63353.0,124346.0,-63369.0
DecoLine,124346.0,-63369.0,124356.0,-63391.0
DecoLine,124356.0,-63391.0,124365.0,-63405.0
DecoLine,124365.0,-63405.0,124369.0,-63411.0
DecoLine,124369.0,-63411.0,124379.0,-63422.0
DecoLine,124379.0,-63422.0,124386.0,-63431.0
DecoLine,124386.0,-63431.0,124387.0,-63432.0
DecoLine,124387.0,-63432.0,124397.0,-63442.0
DecoLine,124162.0,-63278.0,124163.0,-63278.0
DecoLine,124163.0,-63278.0,124179.0,-63283.0
DecoLine,124179.0,-63283.0,124191.0,-63286.0
DecoLine,124191.0,-63286.0,124205.0,-63288.0
DecoLine,124205.0,-63288.0,124221.0,-63289.0
DecoLine,124221.0,-63289.0,124286.0,-63287.0
DecoLine,124286.0,-63287.0,124304.0,-63287.0
DecoLine,124304.0,-63287.0,124336.0,-63284.0
DecoLine,124336.0,-63284.0,124347.0,-63283.0
DecoLine,124347.0,-63283.0,124363.0,-63278.0
DecoLine,124363.0,-63278.0,124372.0,-63271.0
DecoLine,124372.0,-63271.0,124379.0,-63264.0
DecoLine,124379.0,-63264.0,124381.0,-63262.0
DecoLine,124381.0,-63262.0,124381.0,-63262.0
DecoLine,124381.0,-63262.0,124381.0,-63262.0
DecoLine,124557.0,-63325.0,124562.0,-63329.0
DecoLine,124562.0,-63329.0,124566.0,-63332.0
DecoLine,124566.0,-63332.0,124592.0,-63341.0
DecoLine,124592.0,-63341.0,124606.0,-63344.0
DecoLine,124606.0,-63344.0,124650.0,-63349.0
DecoLine,124650.0,-63349.0,124669.0,-63349.0
DecoLine,124669.0,-63349.0,124703.0,-63343.0
DecoLine,124703.0,-63343.0,124711.0,-63340.0
DecoLine,124711.0,-63340.0,124730.0,-63327.0
DecoLine,124730.0,-63327.0,124734.0,-63312.0
DecoLine,124734.0,-63312.0,124736.0,-63290.0
DecoLine,124736.0,-63290.0,124735.0,-63266.0
DecoLine,124735.0,-63266.0,124731.0,-63253.0
DecoLine,124731.0,-63253.0,124724.0,-63237.0
DecoLine,124724.0,-63237.0,124717.0,-63229.0
DecoLine,124717.0,-63229.0,124708.0,-63218.0
DecoLine,124708.0,-63218.0,124695.0,-63208.0
DecoLine,124695.0,-63208.0,124655.0,-63191.0
DecoLine,124655.0,-63191.0,124643.0,-63188.0
DecoLine,124643.0,-63188.0,124610.0,-63187.0
DecoLine,124610.0,-63187.0,124596.0,-63187.0
DecoLine,124596.0,-63187.0,124574.0,-63192.0
DecoLine,124574.0,-63192.0,124558.0,-63198.0
DecoLine,124558.0,-63198.0,124544.0,-63204.0
DecoLine,124544.0,-63204.0,124500.0,-63226.0
DecoLine,124500.0,-63226.0,124489.0,-63235.0
DecoLine,124489.0,-63235.0,124483.0,-63244.0
DecoLine,124483.0,-63244.0,124483.0,-63248.0
DecoLine,124483.0,-63248.0,124481.0,-63261.0
DecoLine,124481.0,-63261.0,124483.0,-63281.0
DecoLine,124483.0,-63281.0,124486.0,-63291.0
DecoLine,124486.0,-63291.0,124505.0,-63343.0
DecoLine,124505.0,-63343.0,124530.0,-63379.0
DecoLine,124530.0,-63379.0,124550.0,-63399.0
DecoLine,124550.0,-63399.0,124565.0,-63412.0
DecoLine,124565.0,-63412.0,124586.0,-63427.0
DecoLine,124586.0,-63427.0,124606.0,-63439.0
DecoLine,124606.0,-63439.0,124618.0,-63445.0
DecoLine,124618.0,-63445.0,124644.0,-63459.0
DecoLine,124644.0,-63459.0,124656.0,-63463.0
DecoLine,124656.0,-63463.0,124666.0,-63466.0
DecoLine,124666.0,-63466.0,124676.0,-63469.0
DecoLine,124676.0,-63469.0,124695.0,-63472.0
DecoLine,124695.0,-63472.0,124701.0,-63472.0
DecoLine,124701.0,-63472.0,124723.0,-63470.0
DecoLine,124723.0,-63470.0,124729.0,-63470.0
DecoLine,124729.0,-63470.0,124740.0,-63467.0
DecoLine,124740.0,-63467.0,124752.0,-63466.0
DecoLine,124752.0,-63466.0,124760.0,-63465.0
DecoLine,124760.0,-63465.0,124772.0,-63461.0
DecoLine,124772.0,-63461.0,124772.0,-63461.0
DecoLine,124772.0,-63461.0,124774.0,-63460.0
DecoLine,124774.0,-63460.0,124774.0,-63460.0
DecoLine,124774.0,-63460.0,124775.0,-63459.0
DecoLine,124775.0,-63459.0,124775.0,-63459.0
DecoLine,124775.0,-63459.0,124776.0,-63459.0
DecoLine,124776.0,-63459.0,124776.0,-63458.0
DecoLine,124209.0,-64310.0,124209.0,-64311.0
DecoLine,124209.0,-64311.0,124210.0,-64324.0
DecoLine,124210.0,-64324.0,124214.0,-64372.0
DecoLine,124214.0,-64372.0,124215.0,-64400.0
DecoLine,124215.0,-64400.0,124219.0,-64438.0
DecoLine,124219.0,-64438.0,124228.0,-64519.0
DecoLine,124228.0,-64519.0,124233.0,-64561.0
DecoLine,124233.0,-64561.0,124239.0,-64589.0
DecoLine,124239.0,-64589.0,124242.0,-64613.0
DecoLine,124242.0,-64613.0,124255.0,-64687.0
DecoLine,124255.0,-64687.0,124258.0,-64707.0
DecoLine,124258.0,-64707.0,124264.0,-64743.0
DecoLine,124264.0,-64743.0,124268.0,-64759.0
DecoLine,124268.0,-64759.0,124272.0,-64766.0
DecoLine,124272.0,-64766.0,124277.0,-64778.0
DecoLine,124277.0,-64778.0,124281.0,-64784.0
DecoLine,124281.0,-64784.0,124304.0,-64804.0
DecoLine,124304.0,-64804.0,124328.0,-64815.0
DecoLine,124328.0,-64815.0,124333.0,-64815.0
DecoLine,124333.0,-64815.0,124334.0,-64815.0
DecoLine,124334.0,-64815.0,124338.0,-64814.0
DecoLine,124338.0,-64814.0,124338.0,-64813.0
DecoLine,124189.0,-64536.0,124190.0,-64536.0
DecoLine,124190.0,-64536.0,124190.0,-64536.0
DecoLine,124190.0,-64536.0,124266.0,-64534.0
DecoLine,124266.0,-64534.0,124299.0,-64531.0
DecoLine,124299.0,-64531.0,124367.0,-64523.0
DecoLine,124367.0,-64523.0,124411.0,-64518.0
DecoLine,124411.0,-64518.0,124441.0,-64513.0
DecoLine,124441.0,-64513.0,124461.0,-64509.0
DecoLine,124461.0,-64509.0,124466.0,-64507.0
DecoLine,124466.0,-64507.0,124467.0,-64507.0
DecoLine,124191.0,-64331.0,124191.0,-64331.0
DecoLine,124191.0,-64331.0,124200.0,-64330.0
DecoLine,124200.0,-64330.0,124215.0,-64326.0
DecoLine,124215.0,-64326.0,124275.0,-64321.0
DecoLine,124275.0,-64321.0,124361.0,-64319.0
DecoLine,124361.0,-64319.0,124522.0,-64316.0
DecoLine,124522.0,-64316.0,124594.0,-64316.0
DecoLine,124594.0,-64316.0,124609.0,-64316.0
DecoLine,124609.0,-64316.0,124618.0,-64316.0
DecoLine,124570.0,-64493.0,124577.0,-64511.0
DecoLine,124577.0,-64511.0,124580.0,-64529.0
DecoLine,124580.0,-64529.0,124599.0,-64590.0
DecoLine,124599.0,-64590.0,124612.0,-64628.0
DecoLine,124612.0,-64628.0,124635.0,-64692.0
DecoLine,124635.0,-64692.0,124656.0,-64742.0
DecoLine,124656.0,-64742.0,124662.0,-64756.0
DecoLine,124662.0,-64756.0,124669.0,-64774.0
DecoLine,124669.0,-64774.0,124669.0,-64774.0
DecoLine,124669.0,-64774.0,124670.0,-64775.0
DecoLine,124670.0,-64775.0,124670.0,-64774.0
DecoLine,124670.0,-64774.0,124671.0,-64772.0
DecoLine,124671.0,-64772.0,124674.0,-64759.0
DecoLine,124674.0,-64759.0,124675.0,-64713.0
DecoLine,124675.0,-64713.0,124675.0,-64693.0
DecoLine,124675.0,-64693.0,124675.0,-64642.0
DecoLine,124675.0,-64642.0,124677.0,-64612.0
DecoLine,124677.0,-64612.0,124679.0,-64596.0
DecoLine,124679.0,-64596.0,124684.0,-64576.0
DecoLine,124684.0,-64576.0,124688.0,-64562.0
DecoLine,124688.0,-64562.0,124703.0,-64541.0
DecoLine,124703.0,-64541.0,124713.0,-64533.0
DecoLine,124713.0,-64533.0,124717.0,-64529.0
DecoLine,124717.0,-64529.0,124723.0,-64527.0
DecoLine,124723.0,-64527.0,124729.0,-64526.0
DecoLine,124729.0,-64526.0,124735.0,-64526.0
DecoLine,124735.0,-64526.0,124763.0,-64536.0
DecoLine,124763.0,-64536.0,124766.0,-64538.0
DecoLine,124766.0,-64538.0,124791.0,-64554.0
DecoLine,124791.0,-64554.0,124801.0,-64562.0
DecoLine,124801.0,-64562.0,124817.0,-64576.0
DecoLine,124817.0,-64576.0,124825.0,-64585.0
DecoLine,124825.0,-64585.0,124835.0,-64601.0
DecoLine,124835.0,-64601.0,124844.0,-64621.0
DecoLine,124844.0,-64621.0,124852.0,-64635.0
DecoLine,124852.0,-64635.0,124868.0,-64665.0
DecoLine,124868.0,-64665.0,124876.0,-64680.0
DecoLine,124876.0,-64680.0,124882.0,-64690.0
DecoLine,124882.0,-64690.0,124886.0,-64700.0
DecoLine,124886.0,-64700.0,124898.0,-64718.0
DecoLine,124898.0,-64718.0,124904.0,-64725.0
DecoLine,124904.0,-64725.0,124908.0,-64729.0
DecoLine,124908.0,-64729.0,124916.0,-64735.0
DecoLine,124916.0,-64735.0,124918.0,-64738.0
DecoLine,124918.0,-64738.0,124919.0,-64738.0
DecoLine,124919.0,-64738.0,124921.0,-64737.0
DecoLine,124921.0,-64737.0,124936.0,-64727.0
DecoLine,125237.0,-64514.0,125235.0,-64510.0
DecoLine,125235.0,-64510.0,125229.0,-64505.0
DecoLine,125229.0,-64505.0,125153.0,-64488.0
DecoLine,125153.0,-64488.0,125129.0,-64488.0
DecoLine,125129.0,-64488.0,125069.0,-64492.0
DecoLine,125069.0,-64492.0,125039.0,-64499.0
DecoLine,125039.0,-64499.0,125008.0,-64506.0
DecoLine,125008.0,-64506.0,124992.0,-64512.0
DecoLine,124992.0,-64512.0,124948.0,-64553.0
DecoLine,124948.0,-64553.0,124944.0,-64563.0
DecoLine,124944.0,-64563.0,124938.0,-64582.0
DecoLine,124938.0,-64582.0,124934.0,-64622.0
DecoLine,124934.0,-64622.0,124933.0,-64642.0
DecoLine,124933.0,-64642.0,124934.0,-64656.0
DecoLine,124934.0,-64656.0,124942.0,-64676.0
DecoLine,124942.0,-64676.0,124978.0,-64725.0
DecoLine,124978.0,-64725.0,124986.0,-64732.0
DecoLine,124986.0,-64732.0,124997.0,-64741.0
DecoLine,124997.0,-64741.0,125003.0,-64744.0
DecoLine,125003.0,-64744.0,125021.0,-64756.0
DecoLine,125021.0,-64756.0,125040.0,-64760.0
DecoLine,125040.0,-64760.0,125064.0,-64755.0
DecoLine,125064.0,-64755.0,125082.0,-64745.0
DecoLine,125082.0,-64745.0,125091.0,-64739.0
DecoLine,125091.0,-64739.0,125105.0,-64722.0
DecoLine,125105.0,-64722.0,125112.0,-64712.0
DecoLine,125112.0,-64712.0,125116.0,-64702.0
DecoLine,125116.0,-64702.0,125122.0,-64688.0
DecoLine,125122.0,-64688.0,125131.0,-64645.0
DecoLine,125131.0,-64645.0,125134.0,-64627.0
DecoLine,125134.0,-64627.0,125134.0,-64605.0
DecoLine,125134.0,-64605.0,125136.0,-64589.0
DecoLine,125136.0,-64589.0,125137.0,-64570.0
DecoLine,125137.0,-64570.0,125141.0,-64544.0
DecoLine,125141.0,-64544.0,125142.0,-64494.0
DecoLine,125142.0,-64494.0,125142.0,-64474.0
DecoLine,125142.0,-64474.0,125136.0,-64445.0
DecoLine,125136.0,-64445.0,125133.0,-64435.0
DecoLine,125133.0,-64435.0,125129.0,-64419.0
DecoLine,125129.0,-64419.0,125126.0,-64409.0
DecoLine,125126.0,-64409.0,125123.0,-64394.0
DecoLine,125123.0,-64394.0,125115.0,-64358.0
DecoLine,125115.0,-64358.0,125113.0,-64350.0
DecoLine,125113.0,-64350.0,125111.0,-64332.0
DecoLine,125111.0,-64332.0,125110.0,-64327.0
DecoLine,125110.0,-64327.0,125108.0,-64317.0
DecoLine,125108.0,-64317.0,125106.0,-64309.0
DecoLine,125106.0,-64309.0,125105.0,-64306.0
DecoLine,125105.0,-64306.0,125105.0,-64306.0
DecoLine,125105.0,-64306.0,125105.0,-64306.0
DecoLine,125105.0,-64306.0,125107.0,-64316.0
DecoLine,125107.0,-64316.0,125127.0,-64374.0
DecoLine,125127.0,-64374.0,125134.0,-64404.0
DecoLine,125134.0,-64404.0,125145.0,-64447.0
DecoLine,125145.0,-64447.0,125150.0,-64465.0
DecoLine,125150.0,-64465.0,125157.0,-64483.0
DecoLine,125157.0,-64483.0,125188.0,-64580.0
DecoLine,125188.0,-64580.0,125200.0,-64604.0
DecoLine,125200.0,-64604.0,125212.0,-64630.0
DecoLine,125212.0,-64630.0,125246.0,-64687.0
DecoLine,125246.0,-64687.0,125257.0,-64703.0
DecoLine,125257.0,-64703.0,125271.0,-64726.0
DecoLine,125271.0,-64726.0,125285.0,-64746.0
DecoLine,125285.0,-64746.0,125315.0,-64772.0
DecoLine,125315.0,-64772.0,125316.0,-64773.0
DecoLine,125316.0,-64773.0,125319.0,-64772.0
DecoLine,125319.0,-64772.0,125329.0,-64766.0
DecoLine,125329.0,-64766.0,125364.0,-64742.0
DecoLine,124973.0,-65960.0,124973.0,-65961.0
DecoLine,124973.0,-65961.0,124973.0,-65975.0
DecoLine,124973.0,-65975.0,124976.0,-66102.0
DecoLine,124976.0,-66102.0,124980.0,-66194.0
DecoLine,124980.0,-66194.0,124986.0,-66258.0
DecoLine,124986.0,-66258.0,124997.0,-66343.0
DecoLine,124997.0,-66343.0,125003.0,-66411.0
DecoLine,125003.0,-66411.0,125007.0,-66470.0
DecoLine,125007.0,-66470.0,125007.0,-66493.0
DecoLine,125007.0,-66493.0,125007.0,-66505.0
DecoLine,125007.0,-66505.0,125005.0,-66525.0
DecoLine,125005.0,-66525.0,125005.0,-66530.0
DecoLine,125156.0,-66147.0,125156.0,-66146.0
DecoLine,125156.0,-66146.0,125153.0,-66136.0
DecoLine,125153.0,-66136.0,125149.0,-66109.0
DecoLine,125149.0,-66109.0,125147.0,-66097.0
DecoLine,125147.0,-66097.0,125144.0,-66067.0
DecoLine,125144.0,-66067.0,125144.0,-66062.0
DecoLine,125144.0,-66062.0,125143.0,-66058.0
DecoLine,125143.0,-66058.0,125143.0,-66057.0
DecoLine,125143.0,-66057.0,125143.0,-66057.0
DecoLine,125143.0,-66057.0,125143.0,-66056.0
DecoLine,125143.0,-66056.0,125143.0,-66055.0
DecoLine,125143.0,-66055.0,125143.0,-66049.0
DecoLine,125143.0,-66049.0,125143.0,-66026.0
DecoLine,125143.0,-66026.0,125143.0,-66018.0
DecoLine,125143.0,-66018.0,125143.0,-66002.0
DecoLine,125143.0,-66002.0,125144.0,-65995.0
DecoLine,125144.0,-65995.0,125144.0,-65991.0
DecoLine,125144.0,-65991.0,125144.0,-65985.0
DecoLine,125144.0,-65985.0,125144.0,-65984.0
DecoLine,125144.0,-65984.0,125145.0,-65985.0
DecoLine,125145.0,-65985.0,125153.0,-66023.0
DecoLine,125153.0,-66023.0,125158.0,-66065.0
DecoLine,125158.0,-66065.0,125165.0,-66113.0
DecoLine,125165.0,-66113.0,125168.0,-66132.0
DecoLine,125168.0,-66132.0,125181.0,-66194.0
DecoLine,125181.0,-66194.0,125186.0,-66222.0
DecoLine,125186.0,-66222.0,125193.0,-66252.0
DecoLine,125193.0,-66252.0,125198.0,-66284.0
DecoLine,125198.0,-66284.0,125231.0,-66424.0
DecoLine,125231.0,-66424.0,125236.0,-66442.0
DecoLine,125236.0,-66442.0,125244.0,-66481.0
DecoLine,125244.0,-66481.0,125247.0,-66505.0
DecoLine,125247.0,-66505.0,125251.0,-66527.0
DecoLine,125251.0,-66527.0,125252.0,-66537.0
DecoLine,125252.0,-66537.0,125253.0,-66543.0
DecoLine,125253.0,-66543.0,125256.0,-66550.0
DecoLine,124554.0,-66296.0,124570.0,-66293.0
DecoLine,124570.0,-66293.0,124586.0,-66290.0
DecoLine,124586.0,-66290.0,124793.0,-66256.0
DecoLine,124793.0,-66256.0,124861.0,-66244.0
DecoLine,124861.0,-66244.0,125032.0,-66224.0
DecoLine,125032.0,-66224.0,125100.0,-66217.0
DecoLine,125100.0,-66217.0,125138.0,-66212.0
DecoLine,125138.0,-66212.0,125176.0,-66206.0
DecoLine,125176.0,-66206.0,125220.0,-66199.0
DecoLine,125220.0,-66199.0,125303.0,-66178.0
DecoLine,125303.0,-66178.0,125315.0,-66173.0
DecoLine,125315.0,-66173.0,125335.0,-66166.0
DecoLine,125335.0,-66166.0,125348.0,-66165.0
DecoLine,125348.0,-66165.0,125380.0,-66160.0
DecoLine,125388.0,-66336.0,125398.0,-66350.0
DecoLine,125398.0,-66350.0,125405.0,-66357.0
DecoLine,125405.0,-66357.0,125426.0,-66375.0
DecoLine,125426.0,-66375.0,125444.0,-66385.0
DecoLine,125444.0,-66385.0,125490.0,-66402.0
DecoLine,125490.0,-66402.0,125550.0,-66406.0
DecoLine,125550.0,-66406.0,125594.0,-66396.0
DecoLine,125594.0,-66396.0,125620.0,-66377.0
DecoLine,125620.0,-66377.0,125626.0,-66366.0
DecoLine,125626.0,-66366.0,125629.0,-66336.0
DecoLine,125629.0,-66336.0,125623.0,-66312.0
DecoLine,125623.0,-66312.0,125614.0,-66296.0
DecoLine,125614.0,-66296.0,125605.0,-66283.0
DecoLine,125605.0,-66283.0,125546.0,-66240.0
DecoLine,125546.0,-66240.0,125528.0,-66235.0
DecoLine,125528.0,-66235.0,125506.0,-66235.0
DecoLine,125506.0,-66235.0,125475.0,-66242.0
DecoLine,125475.0,-66242.0,125450.0,-66254.0
DecoLine,125450.0,-66254.0,125290.0,-66413.0
DecoLine,125290.0,-66413.0,125285.0,-66429.0
DecoLine,125285.0,-66429.0,125285.0,-66463.0
DecoLine,125285.0,-66463.0,125292.0,-66484.0
DecoLine,125292.0,-66484.0,125315.0,-66523.0
DecoLine,125315.0,-66523.0,125355.0,-66563.0
DecoLine,125355.0,-66563.0,125412.0,-66601.0
DecoLine,125412.0,-66601.0,125424.0,-66607.0
DecoLine,125424.0,-66607.0,125458.0,-66622.0
DecoLine,125458.0,-66622.0,125468.0,-66625.0
DecoLine,125468.0,-66625.0,125495.0,-66630.0
DecoLine,125495.0,-66630.0,125529.0,-66626.0
DecoLine,125529.0,-66626.0,125565.0,-66605.0
DecoLine,125565.0,-66605.0,125587.0,-66586.0
DecoLine,125587.0,-66586.0,125596.0,-66577.0
DecoLine,125596.0,-66577.0,125611.0,-66562.0
DecoLine,125611.0,-66562.0,125615.0,-66556.0
DecoLine,125615.0,-66556.0,125617.0,-66550.0
DecoLine,125743.0,-66284.0,125740.0,-66280.0
DecoLine,125740.0,-66280.0,125737.0,-66278.0
DecoLine,125737.0,-66278.0,125731.0,-66275.0
DecoLine,125731.0,-66275.0,125716.0,-66271.0
DecoLine,125716.0,-66271.0,125702.0,-66269.0
DecoLine,125702.0,-66269.0,125694.0,-66269.0
DecoLine,125694.0,-66269.0,125678.0,-66274.0
DecoLine,125678.0,-66274.0,125635.0,-66306.0
DecoLine,125635.0,-66306.0,125629.0,-66317.0
DecoLine,125629.0,-66317.0,125626.0,-66340.0
DecoLine,125626.0,-66340.0,125632.0,-66376.0
DecoLine,125632.0,-66376.0,125640.0,-66390.0
DecoLine,125640.0,-66390.0,125647.0,-66401.0
DecoLine,125647.0,-66401.0,125723.0,-66457.0
DecoLine,125723.0,-66457.0,125741.0,-66464.0
DecoLine,125741.0,-66464.0,125770.0,-66471.0
DecoLine,125770.0,-66471.0,125792.0,-66475.0
DecoLine,125792.0,-66475.0,125808.0,-66479.0
DecoLine,125808.0,-66479.0,125811.0,-66479.0
DecoLine,125811.0,-66479.0,125813.0,-66481.0
DecoLine,125813.0,-66481.0,125813.0,-66481.0
DecoLine,125813.0,-66481.0,125813.0,-66482.0
DecoLine,125813.0,-66482.0,125813.0,-66484.0
DecoLine,125813.0,-66484.0,125818.0,-66509.0
DecoLine,125818.0,-66509.0,125818.0,-66517.0
DecoLine,125818.0,-66517.0,125815.0,-66527.0
DecoLine,125815.0,-66527.0,125809.0,-66541.0
DecoLine,125809.0,-66541.0,125803.0,-66549.0
DecoLine,125803.0,-66549.0,125798.0,-66555.0
DecoLine,125798.0,-66555.0,125776.0,-66579.0
DecoLine,125776.0,-66579.0,125765.0,-66585.0
DecoLine,125765.0,-66585.0,125746.0,-66593.0
DecoLine,125746.0,-66593.0,125732.0,-66598.0
DecoLine,125732.0,-66598.0,125720.0,-66599.0
DecoLine,125720.0,-66599.0,125710.0,-66601.0
DecoLine,125710.0,-66601.0,125702.0,-66601.0
DecoLine,125702.0,-66601.0,125683.0,-66601.0
DecoLine,125683.0,-66601.0,125675.0,-66599.0
DecoLine,125675.0,-66599.0,125668.0,-66598.0
DecoLine,125668.0,-66598.0,125663.0,-66597.0
DecoLine,125663.0,-66597.0,125661.0,-66593.0
DecoLine,125661.0,-66593.0,125658.0,-66569.0
DecoLine,125658.0,-66569.0,125655.0,-66551.0
DecoLine,125655.0,-66551.0,125655.0,-66520.0
