PhysicLine,-10000.0,-10000.0,-10000.0,-10000.0
PhysicLine,-10000.0,-10000.0,-10000.0,-10000.0
PhysicLine,1537.0,-633.0,1824.0,-1225.0
PhysicLine,1852.0,-1302.0,2123.0,-1342.0
PhysicLine,1828.0,-1254.0,1977.0,-1343.0
PhysicLine,1899.0,-1319.0,2153.0,-1313.0
PhysicLine,1989.0,-1322.0,2053.0,-1282.0
PhysicLine,2040.0,-597.0,2081.0,-561.0
PhysicLine,2103.0,-1758.0,2289.0,-2497.0
PhysicLine,2628.0,-1741.0,2419.0,-2505.0
PhysicLine,2255.0,-2384.0,2345.0,-2802.0
PhysicLine,2394.0,-2794.0,2457.0,-2387.0
PhysicLine,2395.0,-2799.0,2434.0,-3427.0
PhysicLine,2344.0,-2801.0,2387.0,-3439.0
PhysicLine,922.0,914.0,1164.0,348.0
PhysicLine,1159.0,349.0,1395.0,-239.0
PhysicLine,1379.0,-218.0,1546.0,-636.0
PhysicLine,1800.0,-1186.0,1800.0,-1188.0
PhysicLine,1800.0,-1188.0,1801.0,-1191.0
PhysicLine,1801.0,-1191.0,1802.0,-1195.0
PhysicLine,1802.0,-1195.0,1804.0,-1199.0
PhysicLine,1804.0,-1199.0,1807.0,-1204.0
PhysicLine,1807.0,-1204.0,1811.0,-1211.0
PhysicLine,1811.0,-1211.0,1817.0,-1219.0
PhysicLine,1817.0,-1219.0,1824.0,-1228.0
PhysicLine,1824.0,-1228.0,1833.0,-1238.0
PhysicLine,1833.0,-1238.0,1842.0,-1248.0
PhysicLine,1842.0,-1248.0,1847.0,-1253.0
PhysicLine,1847.0,-1253.0,1861.0,-1268.0
PhysicLine,1861.0,-1268.0,1869.0,-1275.0
PhysicLine,1869.0,-1275.0,1879.0,-1284.0
PhysicLine,1879.0,-1284.0,1889.0,-1293.0
PhysicLine,1889.0,-1293.0,1899.0,-1302.0
PhysicLine,1899.0,-1302.0,1908.0,-1310.0
PhysicLine,1908.0,-1310.0,1919.0,-1317.0
PhysicLine,1919.0,-1317.0,1927.0,-1324.0
PhysicLine,1927.0,-1324.0,1936.0,-1330.0
PhysicLine,1936.0,-1330.0,1945.0,-1336.0
PhysicLine,1945.0,-1336.0,1952.0,-1339.0
PhysicLine,1952.0,-1339.0,1961.0,-1343.0
PhysicLine,1961.0,-1343.0,1966.0,-1344.0
PhysicLine,1966.0,-1344.0,1972.0,-1344.0
PhysicLine,1972.0,-1344.0,1978.0,-1343.0
PhysicLine,1978.0,-1343.0,1985.0,-1339.0
PhysicLine,1985.0,-1339.0,1993.0,-1333.0
PhysicLine,1993.0,-1333.0,2001.0,-1327.0
PhysicLine,2001.0,-1327.0,2009.0,-1320.0
PhysicLine,2009.0,-1320.0,2016.0,-1312.0
PhysicLine,2016.0,-1312.0,2023.0,-1303.0
PhysicLine,2023.0,-1303.0,2028.0,-1294.0
PhysicLine,2028.0,-1294.0,2032.0,-1284.0
PhysicLine,2032.0,-1284.0,2037.0,-1275.0
PhysicLine,2037.0,-1275.0,2041.0,-1267.0
PhysicLine,2041.0,-1267.0,2050.0,-1247.0
PhysicLine,2050.0,-1247.0,2054.0,-1237.0
PhysicLine,2054.0,-1237.0,2061.0,-1219.0
PhysicLine,2386.0,-3439.0,2386.0,-3441.0
PhysicLine,2386.0,-3441.0,2386.0,-3446.0
PhysicLine,2386.0,-3446.0,2386.0,-3451.0
PhysicLine,2386.0,-3451.0,2386.0,-3460.0
PhysicLine,2386.0,-3460.0,2386.0,-3473.0
PhysicLine,2386.0,-3473.0,2386.0,-3493.0
PhysicLine,2386.0,-3493.0,2386.0,-3503.0
PhysicLine,2386.0,-3503.0,2386.0,-3522.0
PhysicLine,2386.0,-3522.0,2386.0,-3530.0
PhysicLine,2386.0,-3530.0,2386.0,-3543.0
PhysicLine,2386.0,-3543.0,2386.0,-3559.0
PhysicLine,2386.0,-3559.0,2388.0,-3577.0
PhysicLine,2388.0,-3577.0,2391.0,-3604.0
PhysicLine,2391.0,-3604.0,2392.0,-3612.0
PhysicLine,2392.0,-3612.0,2394.0,-3625.0
PhysicLine,2394.0,-3625.0,2397.0,-3643.0
PhysicLine,2397.0,-3643.0,2403.0,-3665.0
PhysicLine,2403.0,-3665.0,2409.0,-3680.0
PhysicLine,2409.0,-3680.0,2415.0,-3694.0
PhysicLine,2424.0,-3709.0,2429.0,-3714.0
PhysicLine,2429.0,-3714.0,2432.0,-3717.0
PhysicLine,2432.0,-3717.0,2437.0,-3721.0
PhysicLine,2437.0,-3721.0,2440.0,-3723.0
PhysicLine,2440.0,-3723.0,2443.0,-3724.0
PhysicLine,2443.0,-3724.0,2446.0,-3725.0
PhysicLine,2446.0,-3725.0,2450.0,-3726.0
PhysicLine,2450.0,-3726.0,2455.0,-3728.0
PhysicLine,2459.0,-3728.0,2465.0,-3729.0
PhysicLine,2465.0,-3729.0,2471.0,-3730.0
PhysicLine,2471.0,-3730.0,2477.0,-3730.0
PhysicLine,2477.0,-3730.0,2483.0,-3730.0
PhysicLine,2483.0,-3730.0,2491.0,-3730.0
PhysicLine,2491.0,-3730.0,2501.0,-3729.0
PhysicLine,2501.0,-3729.0,2512.0,-3726.0
PhysicLine,2512.0,-3726.0,2521.0,-3722.0
PhysicLine,2521.0,-3722.0,2531.0,-3716.0
PhysicLine,2531.0,-3716.0,2544.0,-3707.0
PhysicLine,2544.0,-3707.0,2560.0,-3696.0
PhysicLine,2560.0,-3696.0,2576.0,-3684.0
PhysicLine,2576.0,-3684.0,2592.0,-3672.0
PhysicLine,2592.0,-3672.0,2608.0,-3657.0
PhysicLine,2608.0,-3657.0,2622.0,-3642.0
PhysicLine,2622.0,-3642.0,2638.0,-3620.0
PhysicLine,2638.0,-3620.0,2658.0,-3580.0
PhysicLine,2658.0,-3580.0,2672.0,-3522.0
PhysicLine,2672.0,-3522.0,2680.0,-3467.0
PhysicLine,2858.0,-3785.0,3056.0,-4046.0
PhysicLine,2885.0,-3826.0,3071.0,-4032.0
PhysicLine,2918.0,-3884.0,3126.0,-4032.0
PhysicLine,2939.0,-3920.0,3154.0,-3985.0
PhysicLine,2980.0,-3948.0,3278.0,-3987.0
PhysicLine,3024.0,-3968.0,3235.0,-3955.0
PhysicLine,3883.0,-3973.0,4437.0,-4085.0
PhysicLine,3804.0,-3955.0,3894.0,-3974.0
PhysicLine,3663.0,-4024.0,3670.0,-3965.0
PhysicLine,3686.0,-4029.0,3695.0,-3961.0
PhysicLine,3703.0,-4007.0,3711.0,-3961.0
PhysicLine,3720.0,-4005.0,3730.0,-3969.0
PhysicLine,3730.0,-3969.0,3733.0,-4028.0
PhysicLine,3733.0,-4028.0,3742.0,-3971.0
PhysicLine,3742.0,-3970.0,3752.0,-4021.0
PhysicLine,3753.0,-4022.0,3756.0,-3970.0
PhysicLine,3757.0,-3969.0,3770.0,-4034.0
PhysicLine,3770.0,-4033.0,3766.0,-3967.0
PhysicLine,3766.0,-3967.0,3778.0,-4026.0
PhysicLine,3778.0,-4026.0,3780.0,-3972.0
PhysicLine,3780.0,-3971.0,3793.0,-4015.0
PhysicLine,3793.0,-4015.0,3804.0,-3953.0
PhysicLine,3682.0,-3767.0,3684.0,-3813.0
PhysicLine,3686.0,-3811.0,3716.0,-3773.0
PhysicLine,3716.0,-3772.0,3723.0,-3820.0
PhysicLine,3724.0,-3818.0,3737.0,-3769.0
PhysicLine,3738.0,-3770.0,3741.0,-3830.0
PhysicLine,3741.0,-3830.0,3755.0,-3791.0
PhysicLine,3756.0,-3791.0,3765.0,-3838.0
PhysicLine,3765.0,-3838.0,3779.0,-3802.0
PhysicLine,3780.0,-3801.0,3785.0,-3843.0
PhysicLine,3786.0,-3842.0,3810.0,-3802.0
PhysicLine,3811.0,-3801.0,3812.0,-3854.0
PhysicLine,3812.0,-3854.0,3810.0,-3890.0
PhysicLine,3810.0,-3889.0,3918.0,-3909.0
PhysicLine,3619.0,-4008.0,3635.0,-3961.0
PhysicLine,3635.0,-3961.0,3640.0,-4021.0
PhysicLine,3640.0,-4021.0,3670.0,-3966.0
PhysicLine,3663.0,-4020.0,3694.0,-3961.0
PhysicLine,3686.0,-4027.0,3711.0,-3960.0
PhysicLine,3705.0,-4002.0,3717.0,-3972.0
PhysicLine,3717.0,-3972.0,3721.0,-4004.0
PhysicLine,3681.0,-3765.0,3667.0,-3776.0
PhysicLine,3667.0,-3776.0,3661.0,-3754.0
PhysicLine,3661.0,-3754.0,3617.0,-3758.0
PhysicLine,3617.0,-3758.0,3462.0,-3682.0
PhysicLine,3918.0,-3910.0,4425.0,-4030.0
PhysicLine,4426.0,-4030.0,4340.0,-3929.0
PhysicLine,4994.0,-4650.0,5744.0,-5309.0
PhysicLine,5745.0,-5310.0,6755.0,-5918.0
PhysicLine,6754.0,-5918.0,8088.0,-6372.0
PhysicLine,8089.0,-6374.0,9130.0,-6565.0
PhysicLine,9126.0,-6565.0,10474.0,-6628.0
DecoLine,10433.0,-6478.0,10514.0,-6845.0
PhysicLine,10471.0,-6628.0,11821.0,-6671.0
DecoLine,10435.0,-6466.0,10411.0,-6703.0
DecoLine,10452.0,-6393.0,10444.0,-6776.0
DecoLine,10419.0,-6406.0,10467.0,-6812.0
DecoLine,10441.0,-6390.0,10436.0,-6766.0
DecoLine,10389.0,-6389.0,10474.0,-6733.0
DecoLine,10411.0,-6413.0,10412.0,-6709.0
DecoLine,10418.0,-6426.0,10431.0,-6760.0
DecoLine,10452.0,-6400.0,10455.0,-6698.0
PhysicLine,12972.0,-6680.0,13659.0,-6665.0
PhysicLine,13643.0,-6670.0,13850.0,-6603.0
PhysicLine,13830.0,-6622.0,14072.0,-6390.0
PhysicLine,14048.0,-6430.0,14139.0,-6202.0
PhysicLine,14140.0,-6234.0,14138.0,-5796.0
PhysicLine,14074.0,-5857.0,14080.0,-5031.0
PhysicLine,14140.0,-5795.0,14128.0,-5026.0
PhysicLine,14141.0,-5026.0,14069.0,-5027.0
PhysicLine,12901.0,-6663.0,12902.0,-6663.0
DecoLine,12902.0,-6662.0,13010.0,-6675.0
PhysicLine,13000.0,-7511.0,13725.0,-7776.0
PhysicLine,13724.0,-7776.0,14451.0,-7909.0
PhysicLine,14353.0,-7893.0,14420.0,-7883.0
PhysicLine,14421.0,-7882.0,14417.0,-7910.0
PhysicLine,14447.0,-7909.0,15507.0,-8109.0
DecoLine,14894.0,-7995.0,14897.0,-7938.0
DecoLine,14905.0,-7996.0,14908.0,-7938.0
DecoLine,13997.0,-7828.0,14001.0,-7781.0
DecoLine,14008.0,-7834.0,14012.0,-7781.0
DecoLine,15504.0,-8110.0,15506.0,-8109.0
PhysicLine,15505.0,-8109.0,16722.0,-8179.0
DecoLine,15942.0,-8138.0,15941.0,-8054.0
DecoLine,16092.0,-8147.0,16086.0,-8048.0
DecoLine,15925.0,-8059.0,16008.0,-7992.0
DecoLine,16008.0,-7992.0,16104.0,-8047.0
DecoLine,15960.0,-8057.0,15961.0,-8088.0
DecoLine,15961.0,-8088.0,16001.0,-8087.0
DecoLine,16001.0,-8087.0,15999.0,-8051.0
DecoLine,15999.0,-8051.0,15957.0,-8055.0
DecoLine,16016.0,-8050.0,16019.0,-8086.0
DecoLine,16019.0,-8086.0,16074.0,-8084.0
DecoLine,16074.0,-8084.0,16070.0,-8047.0
DecoLine,16072.0,-8047.0,16016.0,-8049.0
DecoLine,16045.0,-8013.0,16045.0,-7999.0
DecoLine,16044.0,-7999.0,16059.0,-8000.0
DecoLine,16058.0,-8001.0,16058.0,-8024.0
DecoLine,16034.0,-8138.0,16034.0,-8098.0
DecoLine,16033.0,-8098.0,16053.0,-8099.0
DecoLine,16053.0,-8099.0,16055.0,-8144.0
DecoLine,16050.0,-8117.0,16047.0,-8116.0
DecoLine,16047.0,-8116.0,16047.0,-8120.0
DecoLine,16019.0,-8068.0,16071.0,-8067.0
DecoLine,16043.0,-8050.0,16047.0,-8083.0
DecoLine,15961.0,-8069.0,16001.0,-8069.0
DecoLine,15981.0,-8054.0,15983.0,-8087.0
PhysicLine,2630.0,-3445.0,2630.0,-3445.0
PhysicLine,2630.0,-3445.0,2630.0,-3445.0
PhysicLine,2630.0,-3445.0,2629.0,-3445.0
PhysicLine,2629.0,-3445.0,2629.0,-3444.0
PhysicLine,2629.0,-3444.0,2629.0,-3444.0
PhysicLine,2629.0,-3444.0,2629.0,-3442.0
PhysicLine,2629.0,-3442.0,2630.0,-3440.0
PhysicLine,2630.0,-3440.0,2630.0,-3438.0
PhysicLine,2630.0,-3438.0,2630.0,-3435.0
PhysicLine,2630.0,-3435.0,2630.0,-3433.0
PhysicLine,2630.0,-3433.0,2630.0,-3432.0
PhysicLine,2630.0,-3432.0,2631.0,-3430.0
PhysicLine,2631.0,-3430.0,2631.0,-3427.0
PhysicLine,2631.0,-3427.0,2633.0,-3424.0
PhysicLine,2633.0,-3424.0,2635.0,-3417.0
PhysicLine,2635.0,-3417.0,2637.0,-3413.0
PhysicLine,2637.0,-3413.0,2639.0,-3409.0
PhysicLine,2639.0,-3409.0,2642.0,-3405.0
PhysicLine,2642.0,-3405.0,2645.0,-3402.0
PhysicLine,2645.0,-3402.0,2648.0,-3397.0
PhysicLine,2648.0,-3397.0,2651.0,-3391.0
PhysicLine,2651.0,-3391.0,2654.0,-3385.0
PhysicLine,2654.0,-3385.0,2657.0,-3378.0
PhysicLine,2657.0,-3378.0,2660.0,-3373.0
PhysicLine,2660.0,-3373.0,2670.0,-3363.0
PhysicLine,2670.0,-3363.0,2673.0,-3361.0
PhysicLine,2673.0,-3361.0,2686.0,-3350.0
PhysicLine,2686.0,-3350.0,2687.0,-3348.0
PhysicLine,2687.0,-3348.0,2692.0,-3344.0
PhysicLine,2692.0,-3344.0,2694.0,-3343.0
PhysicLine,2694.0,-3343.0,2700.0,-3341.0
PhysicLine,2700.0,-3341.0,2702.0,-3341.0
PhysicLine,2702.0,-3341.0,2715.0,-3339.0
PhysicLine,2715.0,-3339.0,2723.0,-3338.0
PhysicLine,2723.0,-3338.0,2729.0,-3337.0
PhysicLine,2729.0,-3337.0,2737.0,-3337.0
PhysicLine,2737.0,-3337.0,2743.0,-3338.0
PhysicLine,2743.0,-3338.0,2747.0,-3339.0
PhysicLine,2747.0,-3339.0,2748.0,-3339.0
PhysicLine,2748.0,-3339.0,2755.0,-3342.0
PhysicLine,2755.0,-3342.0,2765.0,-3347.0
PhysicLine,2765.0,-3347.0,2774.0,-3352.0
PhysicLine,2774.0,-3352.0,2780.0,-3355.0
PhysicLine,2780.0,-3355.0,2785.0,-3357.0
PhysicLine,2785.0,-3357.0,2790.0,-3362.0
PhysicLine,2790.0,-3362.0,2796.0,-3367.0
PhysicLine,2796.0,-3367.0,2804.0,-3375.0
PhysicLine,2804.0,-3375.0,2810.0,-3381.0
PhysicLine,2810.0,-3381.0,2814.0,-3384.0
PhysicLine,2814.0,-3384.0,2820.0,-3390.0
PhysicLine,2820.0,-3390.0,2825.0,-3395.0
PhysicLine,2825.0,-3395.0,2828.0,-3399.0
PhysicLine,2828.0,-3399.0,2832.0,-3406.0
PhysicLine,2832.0,-3406.0,2836.0,-3416.0
PhysicLine,2836.0,-3416.0,2840.0,-3426.0
PhysicLine,2840.0,-3426.0,2844.0,-3437.0
PhysicLine,2844.0,-3437.0,2850.0,-3457.0
PhysicLine,2850.0,-3457.0,2853.0,-3466.0
PhysicLine,2853.0,-3466.0,2856.0,-3474.0
PhysicLine,2856.0,-3474.0,2859.0,-3480.0
PhysicLine,2859.0,-3480.0,2862.0,-3486.0
PhysicLine,2862.0,-3486.0,2863.0,-3487.0
PhysicLine,2863.0,-3487.0,2865.0,-3493.0
PhysicLine,2865.0,-3493.0,2868.0,-3500.0
PhysicLine,2868.0,-3500.0,2871.0,-3507.0
PhysicLine,2871.0,-3507.0,2871.0,-3509.0
PhysicLine,2871.0,-3509.0,2873.0,-3511.0
PhysicLine,2873.0,-3511.0,2873.0,-3512.0
PhysicLine,2873.0,-3512.0,2873.0,-3512.0
PhysicLine,2873.0,-3512.0,2873.0,-3513.0
PhysicLine,2873.0,-3513.0,2874.0,-3514.0
PhysicLine,2874.0,-3514.0,2874.0,-3514.0
PhysicLine,2874.0,-3514.0,2874.0,-3515.0
PhysicLine,2874.0,-3515.0,2874.0,-3516.0
PhysicLine,2874.0,-3516.0,2875.0,-3518.0
PhysicLine,2875.0,-3518.0,2875.0,-3518.0
PhysicLine,2875.0,-3518.0,2875.0,-3519.0
PhysicLine,2875.0,-3519.0,2875.0,-3519.0
PhysicLine,2875.0,-3519.0,2875.0,-3519.0
PhysicLine,2809.0,-3498.0,2809.0,-3499.0
PhysicLine,2809.0,-3499.0,2809.0,-3500.0
PhysicLine,2809.0,-3500.0,2809.0,-3502.0
PhysicLine,2809.0,-3502.0,2810.0,-3504.0
PhysicLine,2810.0,-3504.0,2811.0,-3508.0
PhysicLine,2811.0,-3508.0,2813.0,-3512.0
PhysicLine,2813.0,-3512.0,2815.0,-3518.0
PhysicLine,2815.0,-3518.0,2817.0,-3523.0
PhysicLine,2817.0,-3523.0,2819.0,-3528.0
PhysicLine,2819.0,-3528.0,2820.0,-3531.0
PhysicLine,2820.0,-3531.0,2820.0,-3535.0
PhysicLine,2820.0,-3535.0,2821.0,-3539.0
PhysicLine,2821.0,-3539.0,2821.0,-3545.0
PhysicLine,2821.0,-3545.0,2821.0,-3547.0
PhysicLine,2821.0,-3547.0,2821.0,-3550.0
PhysicLine,2821.0,-3550.0,2821.0,-3554.0
PhysicLine,2821.0,-3554.0,2822.0,-3561.0
PhysicLine,2822.0,-3561.0,2822.0,-3565.0
PhysicLine,2822.0,-3565.0,2822.0,-3568.0
PhysicLine,2822.0,-3568.0,2822.0,-3573.0
PhysicLine,2822.0,-3573.0,2823.0,-3579.0
PhysicLine,2823.0,-3579.0,2824.0,-3588.0
PhysicLine,2824.0,-3588.0,2825.0,-3592.0
PhysicLine,2825.0,-3592.0,2828.0,-3605.0
PhysicLine,2828.0,-3605.0,2828.0,-3608.0
PhysicLine,2828.0,-3608.0,2829.0,-3616.0
PhysicLine,2829.0,-3616.0,2831.0,-3626.0
PhysicLine,2831.0,-3626.0,2834.0,-3635.0
PhysicLine,2834.0,-3635.0,2838.0,-3651.0
PhysicLine,2838.0,-3651.0,2839.0,-3664.0
PhysicLine,2839.0,-3664.0,2839.0,-3667.0
PhysicLine,2839.0,-3667.0,2841.0,-3675.0
PhysicLine,2841.0,-3675.0,2844.0,-3684.0
PhysicLine,2844.0,-3684.0,2848.0,-3698.0
PhysicLine,2848.0,-3698.0,2854.0,-3713.0
PhysicLine,2854.0,-3713.0,2855.0,-3721.0
PhysicLine,2855.0,-3721.0,2859.0,-3735.0
PhysicLine,2859.0,-3735.0,2863.0,-3749.0
PhysicLine,2863.0,-3749.0,2865.0,-3756.0
PhysicLine,2865.0,-3756.0,2869.0,-3765.0
PhysicLine,2869.0,-3765.0,2873.0,-3777.0
PhysicLine,2873.0,-3777.0,2876.0,-3788.0
PhysicLine,2876.0,-3788.0,2881.0,-3801.0
PhysicLine,2881.0,-3801.0,2885.0,-3812.0
PhysicLine,2885.0,-3812.0,2892.0,-3826.0
PhysicLine,2892.0,-3826.0,2894.0,-3832.0
PhysicLine,2894.0,-3832.0,2898.0,-3842.0
PhysicLine,2898.0,-3842.0,2901.0,-3848.0
PhysicLine,2901.0,-3848.0,2904.0,-3857.0
PhysicLine,2904.0,-3857.0,2914.0,-3876.0
PhysicLine,2914.0,-3876.0,2921.0,-3890.0
PhysicLine,2921.0,-3890.0,2930.0,-3905.0
PhysicLine,2930.0,-3905.0,2939.0,-3919.0
PhysicLine,2939.0,-3919.0,2946.0,-3929.0
PhysicLine,2946.0,-3929.0,2950.0,-3935.0
PhysicLine,2950.0,-3935.0,2958.0,-3945.0
PhysicLine,2958.0,-3945.0,2963.0,-3950.0
PhysicLine,2963.0,-3950.0,2968.0,-3954.0
PhysicLine,2968.0,-3954.0,2976.0,-3961.0
PhysicLine,2976.0,-3961.0,2998.0,-3975.0
PhysicLine,2998.0,-3975.0,3001.0,-3976.0
PhysicLine,3001.0,-3976.0,3005.0,-3978.0
PhysicLine,3005.0,-3978.0,3008.0,-3979.0
PhysicLine,3008.0,-3979.0,3013.0,-3980.0
PhysicLine,3013.0,-3980.0,3018.0,-3980.0
PhysicLine,3018.0,-3980.0,3026.0,-3980.0
PhysicLine,3026.0,-3980.0,3035.0,-3980.0
PhysicLine,3035.0,-3980.0,3049.0,-3979.0
PhysicLine,3049.0,-3979.0,3056.0,-3979.0
PhysicLine,3056.0,-3979.0,3071.0,-3979.0
PhysicLine,3071.0,-3979.0,3082.0,-3979.0
PhysicLine,3082.0,-3979.0,3104.0,-3974.0
PhysicLine,3104.0,-3974.0,3117.0,-3970.0
PhysicLine,3117.0,-3970.0,3132.0,-3962.0
PhysicLine,3132.0,-3962.0,3164.0,-3949.0
PhysicLine,3164.0,-3949.0,3216.0,-3928.0
PhysicLine,3216.0,-3928.0,3237.0,-3918.0
PhysicLine,3237.0,-3918.0,3262.0,-3907.0
PhysicLine,3262.0,-3907.0,3285.0,-3897.0
PhysicLine,3285.0,-3897.0,3310.0,-3884.0
PhysicLine,3310.0,-3884.0,3334.0,-3872.0
PhysicLine,3334.0,-3872.0,3352.0,-3865.0
PhysicLine,3352.0,-3865.0,3367.0,-3861.0
PhysicLine,3367.0,-3861.0,3378.0,-3860.0
PhysicLine,3378.0,-3860.0,3393.0,-3860.0
PhysicLine,3393.0,-3860.0,3402.0,-3860.0
PhysicLine,3402.0,-3860.0,3415.0,-3863.0
PhysicLine,3415.0,-3863.0,3432.0,-3869.0
PhysicLine,3432.0,-3869.0,3446.0,-3875.0
PhysicLine,3446.0,-3875.0,3458.0,-3881.0
PhysicLine,3458.0,-3881.0,3467.0,-3885.0
PhysicLine,3467.0,-3885.0,3479.0,-3893.0
PhysicLine,3479.0,-3893.0,3491.0,-3904.0
PhysicLine,3491.0,-3904.0,3515.0,-3932.0
PhysicLine,3515.0,-3932.0,3546.0,-3956.0
PhysicLine,3546.0,-3956.0,3550.0,-3960.0
PhysicLine,3550.0,-3960.0,3558.0,-3965.0
PhysicLine,3558.0,-3965.0,3566.0,-3973.0
PhysicLine,3566.0,-3973.0,3576.0,-3982.0
PhysicLine,3576.0,-3982.0,3586.0,-3989.0
PhysicLine,3586.0,-3989.0,3597.0,-3996.0
PhysicLine,3597.0,-3996.0,3607.0,-4002.0
PhysicLine,3607.0,-4002.0,3615.0,-4006.0
PhysicLine,3615.0,-4006.0,3618.0,-4009.0
PhysicLine,3618.0,-4009.0,3619.0,-4010.0
PhysicLine,3619.0,-4010.0,3620.0,-4010.0
DecoLine,8452.0,-6253.0,8452.0,-6252.0
DecoLine,8452.0,-6252.0,8451.0,-6252.0
DecoLine,8451.0,-6252.0,8450.0,-6251.0
DecoLine,8450.0,-6251.0,8449.0,-6251.0
DecoLine,8449.0,-6251.0,8448.0,-6251.0
DecoLine,8448.0,-6251.0,8448.0,-6251.0
DecoLine,8448.0,-6251.0,8447.0,-6250.0
DecoLine,8447.0,-6250.0,8444.0,-6250.0
DecoLine,8444.0,-6250.0,8443.0,-6250.0
DecoLine,8443.0,-6250.0,8441.0,-6250.0
DecoLine,8441.0,-6250.0,8439.0,-6249.0
DecoLine,8439.0,-6249.0,8437.0,-6249.0
DecoLine,8437.0,-6249.0,8435.0,-6249.0
DecoLine,8435.0,-6249.0,8431.0,-6249.0
DecoLine,8431.0,-6249.0,8429.0,-6249.0
DecoLine,8429.0,-6249.0,8425.0,-6249.0
DecoLine,8425.0,-6249.0,8422.0,-6249.0
DecoLine,8422.0,-6249.0,8420.0,-6249.0
DecoLine,8420.0,-6249.0,8417.0,-6249.0
DecoLine,8417.0,-6249.0,8412.0,-6251.0
DecoLine,8412.0,-6251.0,8410.0,-6252.0
DecoLine,8410.0,-6252.0,8406.0,-6253.0
DecoLine,8406.0,-6253.0,8403.0,-6255.0
DecoLine,8403.0,-6255.0,8401.0,-6257.0
DecoLine,8401.0,-6257.0,8400.0,-6258.0
DecoLine,8400.0,-6258.0,8398.0,-6260.0
DecoLine,8398.0,-6260.0,8396.0,-6262.0
DecoLine,8396.0,-6262.0,8395.0,-6265.0
DecoLine,8395.0,-6265.0,8395.0,-6266.0
DecoLine,8395.0,-6266.0,8395.0,-6267.0
DecoLine,8395.0,-6267.0,8395.0,-6268.0
DecoLine,8395.0,-6268.0,8394.0,-6269.0
DecoLine,8394.0,-6269.0,8394.0,-6270.0
DecoLine,8394.0,-6270.0,8394.0,-6272.0
DecoLine,8394.0,-6272.0,8396.0,-6275.0
DecoLine,8396.0,-6275.0,8396.0,-6276.0
DecoLine,8396.0,-6276.0,8398.0,-6279.0
DecoLine,8398.0,-6279.0,8399.0,-6281.0
DecoLine,8399.0,-6281.0,8400.0,-6283.0
DecoLine,8400.0,-6283.0,8401.0,-6284.0
DecoLine,8401.0,-6284.0,8402.0,-6286.0
DecoLine,8402.0,-6286.0,8403.0,-6286.0
DecoLine,8403.0,-6286.0,8404.0,-6287.0
DecoLine,8404.0,-6287.0,8405.0,-6287.0
DecoLine,8405.0,-6287.0,8405.0,-6287.0
DecoLine,8405.0,-6287.0,8407.0,-6288.0
DecoLine,8407.0,-6288.0,8409.0,-6289.0
DecoLine,8409.0,-6289.0,8409.0,-6289.0
DecoLine,8409.0,-6289.0,8411.0,-6290.0
DecoLine,8411.0,-6290.0,8411.0,-6290.0
DecoLine,8411.0,-6290.0,8413.0,-6290.0
DecoLine,8413.0,-6290.0,8414.0,-6291.0
DecoLine,8414.0,-6291.0,8416.0,-6291.0
DecoLine,8416.0,-6291.0,8417.0,-6292.0
DecoLine,8417.0,-6292.0,8419.0,-6293.0
DecoLine,8419.0,-6293.0,8421.0,-6294.0
DecoLine,8421.0,-6294.0,8422.0,-6295.0
DecoLine,8422.0,-6295.0,8423.0,-6295.0
DecoLine,8423.0,-6295.0,8425.0,-6299.0
DecoLine,8425.0,-6299.0,8427.0,-6300.0
DecoLine,8427.0,-6300.0,8432.0,-6304.0
DecoLine,8432.0,-6304.0,8434.0,-6305.0
DecoLine,8434.0,-6305.0,8435.0,-6305.0
DecoLine,8435.0,-6305.0,8435.0,-6305.0
DecoLine,8435.0,-6305.0,8436.0,-6306.0
DecoLine,8436.0,-6306.0,8437.0,-6308.0
DecoLine,8437.0,-6308.0,8438.0,-6311.0
DecoLine,8438.0,-6311.0,8439.0,-6314.0
DecoLine,8439.0,-6314.0,8441.0,-6318.0
DecoLine,8441.0,-6318.0,8442.0,-6320.0
DecoLine,8442.0,-6320.0,8442.0,-6322.0
DecoLine,8442.0,-6322.0,8442.0,-6323.0
DecoLine,8442.0,-6323.0,8442.0,-6324.0
DecoLine,8442.0,-6324.0,8441.0,-6326.0
DecoLine,8441.0,-6326.0,8441.0,-6327.0
DecoLine,8441.0,-6327.0,8440.0,-6328.0
DecoLine,8440.0,-6328.0,8439.0,-6329.0
DecoLine,8439.0,-6329.0,8437.0,-6329.0
DecoLine,8437.0,-6329.0,8436.0,-6330.0
DecoLine,8436.0,-6330.0,8435.0,-6330.0
DecoLine,8435.0,-6330.0,8434.0,-6330.0
DecoLine,8434.0,-6330.0,8432.0,-6331.0
DecoLine,8432.0,-6331.0,8431.0,-6331.0
DecoLine,8431.0,-6331.0,8430.0,-6331.0
DecoLine,8430.0,-6331.0,8427.0,-6331.0
DecoLine,8427.0,-6331.0,8425.0,-6332.0
DecoLine,8425.0,-6332.0,8424.0,-6332.0
DecoLine,8424.0,-6332.0,8423.0,-6331.0
DecoLine,8423.0,-6331.0,8421.0,-6331.0
DecoLine,8421.0,-6331.0,8419.0,-6331.0
DecoLine,8419.0,-6331.0,8417.0,-6331.0
DecoLine,8417.0,-6331.0,8416.0,-6331.0
DecoLine,8416.0,-6331.0,8413.0,-6330.0
DecoLine,8413.0,-6330.0,8412.0,-6329.0
DecoLine,8412.0,-6329.0,8411.0,-6329.0
DecoLine,8411.0,-6329.0,8409.0,-6329.0
DecoLine,8409.0,-6329.0,8408.0,-6329.0
DecoLine,8408.0,-6329.0,8406.0,-6328.0
DecoLine,8406.0,-6328.0,8404.0,-6328.0
DecoLine,8404.0,-6328.0,8402.0,-6327.0
DecoLine,8402.0,-6327.0,8400.0,-6327.0
DecoLine,8400.0,-6327.0,8394.0,-6326.0
DecoLine,8394.0,-6326.0,8391.0,-6325.0
DecoLine,8391.0,-6325.0,8389.0,-6325.0
DecoLine,8389.0,-6325.0,8387.0,-6325.0
DecoLine,8387.0,-6325.0,8386.0,-6324.0
DecoLine,8386.0,-6324.0,8385.0,-6324.0
DecoLine,8385.0,-6324.0,8383.0,-6323.0
DecoLine,8383.0,-6323.0,8383.0,-6323.0
DecoLine,8383.0,-6323.0,8382.0,-6323.0
DecoLine,8382.0,-6323.0,8381.0,-6323.0
DecoLine,8381.0,-6323.0,8381.0,-6323.0
DecoLine,8381.0,-6323.0,8380.0,-6323.0
DecoLine,8380.0,-6323.0,8380.0,-6322.0
DecoLine,8380.0,-6322.0,8380.0,-6322.0
DecoLine,8380.0,-6322.0,8380.0,-6320.0
DecoLine,8380.0,-6320.0,8380.0,-6318.0
DecoLine,8380.0,-6318.0,8380.0,-6317.0
DecoLine,8380.0,-6317.0,8380.0,-6315.0
DecoLine,8380.0,-6315.0,8379.0,-6312.0
DecoLine,8379.0,-6312.0,8379.0,-6310.0
DecoLine,8379.0,-6310.0,8379.0,-6309.0
DecoLine,8379.0,-6309.0,8379.0,-6309.0
DecoLine,8379.0,-6309.0,8379.0,-6309.0
DecoLine,8379.0,-6309.0,8380.0,-6309.0
DecoLine,8380.0,-6309.0,8380.0,-6309.0
DecoLine,8380.0,-6309.0,8380.0,-6309.0
DecoLine,8380.0,-6309.0,8381.0,-6309.0
DecoLine,8381.0,-6309.0,8382.0,-6309.0
DecoLine,8382.0,-6309.0,8384.0,-6310.0
DecoLine,8384.0,-6310.0,8389.0,-6310.0
DecoLine,8389.0,-6310.0,8391.0,-6311.0
DecoLine,8391.0,-6311.0,8392.0,-6311.0
DecoLine,8392.0,-6311.0,8394.0,-6312.0
DecoLine,8394.0,-6312.0,8397.0,-6313.0
DecoLine,8397.0,-6313.0,8399.0,-6314.0
DecoLine,8399.0,-6314.0,8401.0,-6314.0
DecoLine,8401.0,-6314.0,8404.0,-6314.0
DecoLine,8404.0,-6314.0,8407.0,-6314.0
DecoLine,8407.0,-6314.0,8410.0,-6316.0
DecoLine,8410.0,-6316.0,8411.0,-6316.0
DecoLine,8411.0,-6316.0,8412.0,-6316.0
DecoLine,8412.0,-6316.0,8412.0,-6316.0
DecoLine,8412.0,-6316.0,8413.0,-6317.0
DecoLine,8413.0,-6317.0,8415.0,-6318.0
DecoLine,8415.0,-6318.0,8415.0,-6318.0
DecoLine,8415.0,-6318.0,8416.0,-6318.0
DecoLine,8416.0,-6318.0,8416.0,-6318.0
DecoLine,8416.0,-6318.0,8417.0,-6318.0
DecoLine,8417.0,-6318.0,8417.0,-6318.0
DecoLine,8417.0,-6318.0,8417.0,-6318.0
DecoLine,8417.0,-6318.0,8418.0,-6318.0
DecoLine,8418.0,-6318.0,8418.0,-6318.0
DecoLine,8418.0,-6318.0,8418.0,-6317.0
DecoLine,8418.0,-6317.0,8418.0,-6316.0
DecoLine,8418.0,-6316.0,8418.0,-6316.0
DecoLine,8418.0,-6316.0,8418.0,-6315.0
DecoLine,8418.0,-6315.0,8418.0,-6315.0
DecoLine,8418.0,-6315.0,8418.0,-6314.0
DecoLine,8418.0,-6314.0,8418.0,-6314.0
DecoLine,8418.0,-6314.0,8418.0,-6312.0
DecoLine,8418.0,-6312.0,8418.0,-6312.0
DecoLine,8418.0,-6312.0,8418.0,-6310.0
DecoLine,8418.0,-6310.0,8418.0,-6309.0
DecoLine,8418.0,-6309.0,8417.0,-6309.0
DecoLine,8417.0,-6309.0,8417.0,-6309.0
DecoLine,8417.0,-6309.0,8416.0,-6308.0
DecoLine,8416.0,-6308.0,8416.0,-6307.0
DecoLine,8416.0,-6307.0,8414.0,-6307.0
DecoLine,8414.0,-6307.0,8414.0,-6306.0
DecoLine,8414.0,-6306.0,8413.0,-6305.0
DecoLine,8413.0,-6305.0,8412.0,-6305.0
DecoLine,8412.0,-6305.0,8412.0,-6305.0
DecoLine,8412.0,-6305.0,8411.0,-6305.0
DecoLine,8411.0,-6305.0,8410.0,-6304.0
DecoLine,8410.0,-6304.0,8409.0,-6304.0
DecoLine,8409.0,-6304.0,8409.0,-6304.0
DecoLine,8409.0,-6304.0,8407.0,-6303.0
DecoLine,8407.0,-6303.0,8406.0,-6302.0
DecoLine,8406.0,-6302.0,8404.0,-6302.0
DecoLine,8404.0,-6302.0,8402.0,-6302.0
DecoLine,8402.0,-6302.0,8402.0,-6301.0
DecoLine,8402.0,-6301.0,8401.0,-6301.0
DecoLine,8401.0,-6301.0,8400.0,-6300.0
DecoLine,8400.0,-6300.0,8399.0,-6299.0
DecoLine,8399.0,-6299.0,8398.0,-6299.0
DecoLine,8398.0,-6299.0,8397.0,-6298.0
DecoLine,8397.0,-6298.0,8396.0,-6297.0
DecoLine,8396.0,-6297.0,8394.0,-6294.0
DecoLine,8394.0,-6294.0,8394.0,-6293.0
DecoLine,8394.0,-6293.0,8393.0,-6292.0
DecoLine,8393.0,-6292.0,8392.0,-6291.0
DecoLine,8392.0,-6291.0,8392.0,-6290.0
DecoLine,8392.0,-6290.0,8391.0,-6288.0
DecoLine,8391.0,-6288.0,8389.0,-6285.0
DecoLine,8389.0,-6285.0,8388.0,-6285.0
DecoLine,8388.0,-6285.0,8387.0,-6282.0
DecoLine,8387.0,-6282.0,8387.0,-6282.0
DecoLine,8387.0,-6282.0,8386.0,-6281.0
DecoLine,8386.0,-6281.0,8386.0,-6281.0
DecoLine,8386.0,-6281.0,8386.0,-6279.0
DecoLine,8386.0,-6279.0,8385.0,-6278.0
DecoLine,8385.0,-6278.0,8385.0,-6276.0
DecoLine,8385.0,-6276.0,8384.0,-6273.0
DecoLine,8384.0,-6273.0,8384.0,-6271.0
DecoLine,8384.0,-6271.0,8384.0,-6271.0
DecoLine,8384.0,-6271.0,8384.0,-6268.0
DecoLine,8384.0,-6268.0,8384.0,-6266.0
DecoLine,8384.0,-6266.0,8384.0,-6263.0
DecoLine,8384.0,-6263.0,8384.0,-6260.0
DecoLine,8384.0,-6260.0,8384.0,-6259.0
DecoLine,8384.0,-6259.0,8384.0,-6258.0
DecoLine,8384.0,-6258.0,8384.0,-6257.0
DecoLine,8384.0,-6257.0,8384.0,-6256.0
DecoLine,8384.0,-6256.0,8385.0,-6254.0
DecoLine,8385.0,-6254.0,8386.0,-6252.0
DecoLine,8386.0,-6252.0,8386.0,-6251.0
DecoLine,8386.0,-6251.0,8386.0,-6251.0
DecoLine,8386.0,-6251.0,8387.0,-6250.0
DecoLine,8387.0,-6250.0,8387.0,-6250.0
DecoLine,8387.0,-6250.0,8388.0,-6249.0
DecoLine,8388.0,-6249.0,8389.0,-6248.0
DecoLine,8389.0,-6248.0,8390.0,-6247.0
DecoLine,8390.0,-6247.0,8391.0,-6246.0
DecoLine,8391.0,-6246.0,8392.0,-6246.0
DecoLine,8392.0,-6246.0,8393.0,-6246.0
DecoLine,8393.0,-6246.0,8393.0,-6245.0
DecoLine,8393.0,-6245.0,8394.0,-6245.0
DecoLine,8394.0,-6245.0,8394.0,-6244.0
DecoLine,8394.0,-6244.0,8395.0,-6244.0
DecoLine,8395.0,-6244.0,8397.0,-6244.0
DecoLine,8397.0,-6244.0,8399.0,-6243.0
DecoLine,8399.0,-6243.0,8401.0,-6242.0
DecoLine,8401.0,-6242.0,8402.0,-6242.0
DecoLine,8402.0,-6242.0,8404.0,-6242.0
DecoLine,8404.0,-6242.0,8406.0,-6242.0
DecoLine,8406.0,-6242.0,8409.0,-6242.0
DecoLine,8409.0,-6242.0,8410.0,-6242.0
DecoLine,8410.0,-6242.0,8411.0,-6242.0
DecoLine,8411.0,-6242.0,8412.0,-6242.0
DecoLine,8412.0,-6242.0,8413.0,-6242.0
DecoLine,8413.0,-6242.0,8415.0,-6242.0
DecoLine,8415.0,-6242.0,8418.0,-6242.0
DecoLine,8418.0,-6242.0,8420.0,-6242.0
DecoLine,8420.0,-6242.0,8422.0,-6242.0
DecoLine,8422.0,-6242.0,8424.0,-6242.0
DecoLine,8424.0,-6242.0,8427.0,-6242.0
DecoLine,8427.0,-6242.0,8427.0,-6242.0
DecoLine,8427.0,-6242.0,8429.0,-6241.0
DecoLine,8429.0,-6241.0,8430.0,-6241.0
DecoLine,8430.0,-6241.0,8432.0,-6241.0
DecoLine,8432.0,-6241.0,8436.0,-6241.0
DecoLine,8436.0,-6241.0,8437.0,-6241.0
DecoLine,8437.0,-6241.0,8438.0,-6241.0
DecoLine,8438.0,-6241.0,8439.0,-6242.0
DecoLine,8439.0,-6242.0,8442.0,-6243.0
DecoLine,8442.0,-6243.0,8444.0,-6244.0
DecoLine,8444.0,-6244.0,8445.0,-6244.0
DecoLine,8445.0,-6244.0,8446.0,-6244.0
DecoLine,8446.0,-6244.0,8447.0,-6244.0
DecoLine,8447.0,-6244.0,8447.0,-6244.0
DecoLine,8447.0,-6244.0,8449.0,-6245.0
DecoLine,8449.0,-6245.0,8450.0,-6245.0
DecoLine,8450.0,-6245.0,8450.0,-6245.0
DecoLine,8450.0,-6245.0,8451.0,-6245.0
DecoLine,8451.0,-6245.0,8451.0,-6245.0
DecoLine,8451.0,-6245.0,8451.0,-6245.0
DecoLine,8451.0,-6245.0,8452.0,-6245.0
DecoLine,8452.0,-6245.0,8453.0,-6246.0
DecoLine,8453.0,-6246.0,8453.0,-6246.0
DecoLine,8453.0,-6246.0,8454.0,-6246.0
DecoLine,8454.0,-6246.0,8454.0,-6247.0
DecoLine,8454.0,-6247.0,8454.0,-6248.0
DecoLine,8454.0,-6248.0,8454.0,-6249.0
DecoLine,8454.0,-6249.0,8454.0,-6250.0
DecoLine,8454.0,-6250.0,8454.0,-6252.0
DecoLine,8454.0,-6252.0,8453.0,-6252.0
DecoLine,8453.0,-6252.0,8453.0,-6252.0
DecoLine,8453.0,-6252.0,8452.0,-6252.0
DecoLine,8452.0,-6252.0,8452.0,-6252.0
DecoLine,8452.0,-6252.0,8451.0,-6252.0
DecoLine,8512.0,-6275.0,8511.0,-6275.0
DecoLine,8511.0,-6275.0,8508.0,-6275.0
DecoLine,8508.0,-6275.0,8507.0,-6275.0
DecoLine,8507.0,-6275.0,8507.0,-6275.0
DecoLine,8507.0,-6275.0,8507.0,-6275.0
DecoLine,8507.0,-6275.0,8505.0,-6275.0
DecoLine,8505.0,-6275.0,8504.0,-6275.0
DecoLine,8504.0,-6275.0,8503.0,-6275.0
DecoLine,8503.0,-6275.0,8502.0,-6275.0
DecoLine,8502.0,-6275.0,8501.0,-6275.0
DecoLine,8501.0,-6275.0,8501.0,-6275.0
DecoLine,8501.0,-6275.0,8501.0,-6275.0
DecoLine,8501.0,-6275.0,8500.0,-6275.0
DecoLine,8500.0,-6275.0,8500.0,-6275.0
DecoLine,8500.0,-6275.0,8498.0,-6274.0
DecoLine,8498.0,-6274.0,8497.0,-6274.0
DecoLine,8497.0,-6274.0,8496.0,-6274.0
DecoLine,8496.0,-6274.0,8495.0,-6274.0
DecoLine,8495.0,-6274.0,8495.0,-6274.0
DecoLine,8495.0,-6274.0,8494.0,-6274.0
DecoLine,8494.0,-6274.0,8493.0,-6274.0
DecoLine,8493.0,-6274.0,8492.0,-6273.0
DecoLine,8492.0,-6273.0,8490.0,-6273.0
DecoLine,8490.0,-6273.0,8489.0,-6273.0
DecoLine,8489.0,-6273.0,8487.0,-6272.0
DecoLine,8487.0,-6272.0,8487.0,-6272.0
DecoLine,8487.0,-6272.0,8484.0,-6271.0
DecoLine,8484.0,-6271.0,8484.0,-6270.0
DecoLine,8484.0,-6270.0,8483.0,-6270.0
DecoLine,8483.0,-6270.0,8483.0,-6270.0
DecoLine,8483.0,-6270.0,8482.0,-6270.0
DecoLine,8482.0,-6270.0,8482.0,-6270.0
DecoLine,8482.0,-6270.0,8482.0,-6270.0
DecoLine,8482.0,-6270.0,8481.0,-6270.0
DecoLine,8481.0,-6270.0,8481.0,-6270.0
DecoLine,8481.0,-6270.0,8480.0,-6270.0
DecoLine,8480.0,-6270.0,8480.0,-6270.0
DecoLine,8480.0,-6270.0,8480.0,-6269.0
DecoLine,8480.0,-6269.0,8480.0,-6268.0
DecoLine,8480.0,-6268.0,8480.0,-6265.0
DecoLine,8480.0,-6265.0,8481.0,-6263.0
DecoLine,8481.0,-6263.0,8482.0,-6262.0
DecoLine,8482.0,-6262.0,8483.0,-6261.0
DecoLine,8483.0,-6261.0,8484.0,-6259.0
DecoLine,8484.0,-6259.0,8484.0,-6258.0
DecoLine,8484.0,-6258.0,8484.0,-6257.0
DecoLine,8484.0,-6257.0,8485.0,-6257.0
DecoLine,8485.0,-6257.0,8485.0,-6256.0
DecoLine,8485.0,-6256.0,8485.0,-6256.0
DecoLine,8485.0,-6256.0,8485.0,-6256.0
DecoLine,8485.0,-6256.0,8485.0,-6255.0
DecoLine,8485.0,-6255.0,8485.0,-6255.0
DecoLine,8485.0,-6255.0,8486.0,-6255.0
DecoLine,8486.0,-6255.0,8487.0,-6256.0
DecoLine,8487.0,-6256.0,8488.0,-6256.0
DecoLine,8488.0,-6256.0,8489.0,-6257.0
DecoLine,8489.0,-6257.0,8489.0,-6257.0
DecoLine,8489.0,-6257.0,8490.0,-6257.0
DecoLine,8490.0,-6257.0,8491.0,-6258.0
DecoLine,8491.0,-6258.0,8492.0,-6258.0
DecoLine,8492.0,-6258.0,8494.0,-6260.0
DecoLine,8494.0,-6260.0,8494.0,-6260.0
DecoLine,8494.0,-6260.0,8495.0,-6260.0
DecoLine,8495.0,-6260.0,8495.0,-6260.0
DecoLine,8495.0,-6260.0,8497.0,-6261.0
DecoLine,8497.0,-6261.0,8497.0,-6261.0
DecoLine,8497.0,-6261.0,8498.0,-6261.0
DecoLine,8498.0,-6261.0,8498.0,-6262.0
DecoLine,8498.0,-6262.0,8498.0,-6262.0
DecoLine,8498.0,-6262.0,8501.0,-6262.0
DecoLine,8501.0,-6262.0,8502.0,-6263.0
DecoLine,8502.0,-6263.0,8503.0,-6263.0
DecoLine,8503.0,-6263.0,8503.0,-6263.0
DecoLine,8503.0,-6263.0,8504.0,-6264.0
DecoLine,8504.0,-6264.0,8506.0,-6264.0
DecoLine,8506.0,-6264.0,8508.0,-6264.0
DecoLine,8508.0,-6264.0,8510.0,-6264.0
DecoLine,8510.0,-6264.0,8511.0,-6264.0
DecoLine,8511.0,-6264.0,8512.0,-6264.0
DecoLine,8512.0,-6264.0,8512.0,-6264.0
DecoLine,8512.0,-6264.0,8513.0,-6264.0
DecoLine,8513.0,-6264.0,8513.0,-6264.0
DecoLine,8513.0,-6264.0,8514.0,-6264.0
DecoLine,8514.0,-6264.0,8514.0,-6264.0
DecoLine,8514.0,-6264.0,8515.0,-6264.0
DecoLine,8515.0,-6264.0,8516.0,-6264.0
DecoLine,8516.0,-6264.0,8520.0,-6264.0
DecoLine,8520.0,-6264.0,8523.0,-6265.0
DecoLine,8523.0,-6265.0,8524.0,-6265.0
DecoLine,8524.0,-6265.0,8526.0,-6266.0
DecoLine,8526.0,-6266.0,8530.0,-6266.0
DecoLine,8530.0,-6266.0,8533.0,-6267.0
DecoLine,8533.0,-6267.0,8536.0,-6267.0
DecoLine,8536.0,-6267.0,8538.0,-6267.0
DecoLine,8538.0,-6267.0,8539.0,-6267.0
DecoLine,8539.0,-6267.0,8540.0,-6267.0
DecoLine,8540.0,-6267.0,8541.0,-6267.0
DecoLine,8541.0,-6267.0,8543.0,-6267.0
DecoLine,8543.0,-6267.0,8545.0,-6267.0
DecoLine,8545.0,-6267.0,8546.0,-6267.0
DecoLine,8546.0,-6267.0,8547.0,-6267.0
DecoLine,8547.0,-6267.0,8548.0,-6267.0
DecoLine,8548.0,-6267.0,8551.0,-6267.0
DecoLine,8551.0,-6267.0,8554.0,-6267.0
DecoLine,8554.0,-6267.0,8558.0,-6268.0
DecoLine,8558.0,-6268.0,8561.0,-6268.0
DecoLine,8561.0,-6268.0,8563.0,-6269.0
DecoLine,8563.0,-6269.0,8564.0,-6269.0
DecoLine,8564.0,-6269.0,8569.0,-6270.0
DecoLine,8569.0,-6270.0,8574.0,-6270.0
DecoLine,8574.0,-6270.0,8577.0,-6270.0
DecoLine,8577.0,-6270.0,8577.0,-6270.0
DecoLine,8577.0,-6270.0,8577.0,-6270.0
DecoLine,8577.0,-6270.0,8577.0,-6271.0
DecoLine,8577.0,-6271.0,8577.0,-6273.0
DecoLine,8577.0,-6273.0,8577.0,-6274.0
DecoLine,8577.0,-6274.0,8577.0,-6277.0
DecoLine,8577.0,-6277.0,8577.0,-6278.0
DecoLine,8577.0,-6278.0,8577.0,-6278.0
DecoLine,8577.0,-6278.0,8577.0,-6279.0
DecoLine,8577.0,-6279.0,8577.0,-6280.0
DecoLine,8577.0,-6280.0,8577.0,-6281.0
DecoLine,8577.0,-6281.0,8577.0,-6281.0
DecoLine,8577.0,-6281.0,8576.0,-6281.0
DecoLine,8576.0,-6281.0,8576.0,-6281.0
DecoLine,8576.0,-6281.0,8576.0,-6281.0
DecoLine,8576.0,-6281.0,8575.0,-6281.0
DecoLine,8575.0,-6281.0,8575.0,-6281.0
DecoLine,8575.0,-6281.0,8574.0,-6281.0
DecoLine,8574.0,-6281.0,8573.0,-6281.0
DecoLine,8573.0,-6281.0,8571.0,-6281.0
DecoLine,8571.0,-6281.0,8569.0,-6281.0
DecoLine,8569.0,-6281.0,8567.0,-6281.0
DecoLine,8567.0,-6281.0,8565.0,-6280.0
DecoLine,8565.0,-6280.0,8564.0,-6280.0
DecoLine,8564.0,-6280.0,8562.0,-6280.0
DecoLine,8562.0,-6280.0,8559.0,-6278.0
DecoLine,8559.0,-6278.0,8557.0,-6278.0
DecoLine,8557.0,-6278.0,8555.0,-6278.0
DecoLine,8555.0,-6278.0,8555.0,-6278.0
DecoLine,8555.0,-6278.0,8554.0,-6278.0
DecoLine,8554.0,-6278.0,8553.0,-6277.0
DecoLine,8553.0,-6277.0,8552.0,-6277.0
DecoLine,8552.0,-6277.0,8551.0,-6277.0
DecoLine,8551.0,-6277.0,8550.0,-6277.0
DecoLine,8550.0,-6277.0,8549.0,-6277.0
DecoLine,8549.0,-6277.0,8548.0,-6277.0
DecoLine,8548.0,-6277.0,8547.0,-6277.0
DecoLine,8547.0,-6277.0,8547.0,-6276.0
DecoLine,8547.0,-6276.0,8546.0,-6276.0
DecoLine,8546.0,-6276.0,8545.0,-6276.0
DecoLine,8545.0,-6276.0,8542.0,-6276.0
DecoLine,8542.0,-6276.0,8540.0,-6276.0
DecoLine,8540.0,-6276.0,8540.0,-6276.0
DecoLine,8540.0,-6276.0,8539.0,-6276.0
DecoLine,8539.0,-6276.0,8538.0,-6276.0
DecoLine,8538.0,-6276.0,8534.0,-6276.0
DecoLine,8534.0,-6276.0,8533.0,-6276.0
DecoLine,8533.0,-6276.0,8533.0,-6276.0
DecoLine,8533.0,-6276.0,8532.0,-6276.0
DecoLine,8532.0,-6276.0,8532.0,-6276.0
DecoLine,8532.0,-6276.0,8531.0,-6276.0
DecoLine,8531.0,-6276.0,8531.0,-6276.0
DecoLine,8531.0,-6276.0,8531.0,-6276.0
DecoLine,8531.0,-6276.0,8530.0,-6276.0
DecoLine,8530.0,-6276.0,8530.0,-6276.0
DecoLine,8530.0,-6276.0,8529.0,-6276.0
DecoLine,8529.0,-6276.0,8529.0,-6276.0
DecoLine,8529.0,-6276.0,8528.0,-6276.0
DecoLine,8528.0,-6276.0,8528.0,-6276.0
DecoLine,8528.0,-6276.0,8527.0,-6276.0
DecoLine,8527.0,-6276.0,8527.0,-6276.0
DecoLine,8527.0,-6276.0,8527.0,-6276.0
DecoLine,8527.0,-6276.0,8527.0,-6277.0
DecoLine,8527.0,-6277.0,8527.0,-6277.0
DecoLine,8527.0,-6277.0,8527.0,-6279.0
DecoLine,8527.0,-6279.0,8527.0,-6280.0
DecoLine,8527.0,-6280.0,8527.0,-6282.0
DecoLine,8527.0,-6282.0,8528.0,-6286.0
DecoLine,8528.0,-6286.0,8529.0,-6288.0
DecoLine,8529.0,-6288.0,8529.0,-6290.0
DecoLine,8529.0,-6290.0,8529.0,-6292.0
DecoLine,8529.0,-6292.0,8530.0,-6295.0
DecoLine,8530.0,-6295.0,8531.0,-6297.0
DecoLine,8531.0,-6297.0,8531.0,-6297.0
DecoLine,8531.0,-6297.0,8531.0,-6298.0
DecoLine,8531.0,-6298.0,8531.0,-6299.0
DecoLine,8531.0,-6299.0,8531.0,-6301.0
DecoLine,8531.0,-6301.0,8530.0,-6302.0
DecoLine,8530.0,-6302.0,8529.0,-6303.0
DecoLine,8529.0,-6303.0,8528.0,-6304.0
DecoLine,8528.0,-6304.0,8528.0,-6306.0
DecoLine,8528.0,-6306.0,8527.0,-6307.0
DecoLine,8527.0,-6307.0,8526.0,-6311.0
DecoLine,8526.0,-6311.0,8525.0,-6314.0
DecoLine,8525.0,-6314.0,8525.0,-6315.0
DecoLine,8525.0,-6315.0,8524.0,-6317.0
DecoLine,8524.0,-6317.0,8524.0,-6318.0
DecoLine,8524.0,-6318.0,8523.0,-6319.0
DecoLine,8523.0,-6319.0,8523.0,-6320.0
DecoLine,8523.0,-6320.0,8523.0,-6320.0
DecoLine,8523.0,-6320.0,8523.0,-6320.0
DecoLine,8523.0,-6320.0,8523.0,-6321.0
DecoLine,8523.0,-6321.0,8522.0,-6321.0
DecoLine,8522.0,-6321.0,8522.0,-6323.0
DecoLine,8522.0,-6323.0,8521.0,-6324.0
DecoLine,8521.0,-6324.0,8521.0,-6325.0
DecoLine,8521.0,-6325.0,8521.0,-6326.0
DecoLine,8521.0,-6326.0,8521.0,-6327.0
DecoLine,8521.0,-6327.0,8520.0,-6329.0
DecoLine,8520.0,-6329.0,8520.0,-6329.0
DecoLine,8520.0,-6329.0,8520.0,-6330.0
DecoLine,8520.0,-6330.0,8520.0,-6331.0
DecoLine,8520.0,-6331.0,8520.0,-6331.0
DecoLine,8520.0,-6331.0,8519.0,-6331.0
DecoLine,8519.0,-6331.0,8519.0,-6332.0
DecoLine,8519.0,-6332.0,8519.0,-6333.0
DecoLine,8519.0,-6333.0,8519.0,-6334.0
DecoLine,8519.0,-6334.0,8519.0,-6335.0
DecoLine,8519.0,-6335.0,8519.0,-6336.0
DecoLine,8519.0,-6336.0,8519.0,-6336.0
DecoLine,8519.0,-6336.0,8518.0,-6336.0
DecoLine,8518.0,-6336.0,8518.0,-6336.0
DecoLine,8518.0,-6336.0,8518.0,-6337.0
DecoLine,8518.0,-6337.0,8518.0,-6337.0
DecoLine,8518.0,-6337.0,8518.0,-6337.0
DecoLine,8518.0,-6337.0,8516.0,-6337.0
DecoLine,8516.0,-6337.0,8516.0,-6337.0
DecoLine,8516.0,-6337.0,8516.0,-6337.0
DecoLine,8516.0,-6337.0,8515.0,-6337.0
DecoLine,8515.0,-6337.0,8514.0,-6337.0
DecoLine,8514.0,-6337.0,8512.0,-6337.0
DecoLine,8512.0,-6337.0,8512.0,-6337.0
DecoLine,8512.0,-6337.0,8511.0,-6337.0
DecoLine,8511.0,-6337.0,8511.0,-6337.0
DecoLine,8511.0,-6337.0,8511.0,-6337.0
DecoLine,8511.0,-6337.0,8510.0,-6337.0
DecoLine,8510.0,-6337.0,8510.0,-6337.0
DecoLine,8510.0,-6337.0,8509.0,-6337.0
DecoLine,8509.0,-6337.0,8509.0,-6337.0
DecoLine,8509.0,-6337.0,8508.0,-6336.0
DecoLine,8508.0,-6336.0,8507.0,-6336.0
DecoLine,8507.0,-6336.0,8506.0,-6336.0
DecoLine,8506.0,-6336.0,8506.0,-6335.0
DecoLine,8506.0,-6335.0,8506.0,-6335.0
DecoLine,8506.0,-6335.0,8506.0,-6335.0
DecoLine,8506.0,-6335.0,8506.0,-6333.0
DecoLine,8506.0,-6333.0,8506.0,-6332.0
DecoLine,8506.0,-6332.0,8506.0,-6330.0
DecoLine,8506.0,-6330.0,8506.0,-6327.0
DecoLine,8506.0,-6327.0,8507.0,-6325.0
DecoLine,8507.0,-6325.0,8507.0,-6323.0
DecoLine,8507.0,-6323.0,8507.0,-6321.0
DecoLine,8507.0,-6321.0,8508.0,-6317.0
DecoLine,8508.0,-6317.0,8508.0,-6314.0
DecoLine,8508.0,-6314.0,8508.0,-6313.0
DecoLine,8508.0,-6313.0,8509.0,-6311.0
DecoLine,8509.0,-6311.0,8510.0,-6309.0
DecoLine,8510.0,-6309.0,8511.0,-6303.0
DecoLine,8511.0,-6303.0,8512.0,-6301.0
DecoLine,8512.0,-6301.0,8512.0,-6298.0
DecoLine,8512.0,-6298.0,8513.0,-6296.0
DecoLine,8513.0,-6296.0,8513.0,-6294.0
DecoLine,8513.0,-6294.0,8513.0,-6293.0
DecoLine,8513.0,-6293.0,8514.0,-6290.0
DecoLine,8514.0,-6290.0,8514.0,-6288.0
DecoLine,8514.0,-6288.0,8514.0,-6286.0
DecoLine,8514.0,-6286.0,8514.0,-6284.0
DecoLine,8514.0,-6284.0,8514.0,-6282.0
DecoLine,8514.0,-6282.0,8514.0,-6282.0
DecoLine,8514.0,-6282.0,8514.0,-6281.0
DecoLine,8514.0,-6281.0,8514.0,-6281.0
DecoLine,8514.0,-6281.0,8514.0,-6280.0
DecoLine,8514.0,-6280.0,8514.0,-6278.0
DecoLine,8514.0,-6278.0,8513.0,-6278.0
DecoLine,8513.0,-6278.0,8513.0,-6277.0
DecoLine,8513.0,-6277.0,8513.0,-6276.0
DecoLine,8513.0,-6276.0,8513.0,-6276.0
DecoLine,8513.0,-6276.0,8513.0,-6276.0
DecoLine,8513.0,-6276.0,8513.0,-6275.0
DecoLine,8642.0,-6352.0,8641.0,-6352.0
DecoLine,8641.0,-6352.0,8641.0,-6352.0
DecoLine,8641.0,-6352.0,8641.0,-6352.0
DecoLine,8641.0,-6352.0,8640.0,-6352.0
DecoLine,8640.0,-6352.0,8639.0,-6352.0
DecoLine,8639.0,-6352.0,8638.0,-6352.0
DecoLine,8638.0,-6352.0,8638.0,-6352.0
DecoLine,8638.0,-6352.0,8636.0,-6352.0
DecoLine,8636.0,-6352.0,8632.0,-6351.0
DecoLine,8632.0,-6351.0,8625.0,-6350.0
DecoLine,8625.0,-6350.0,8624.0,-6350.0
DecoLine,8624.0,-6350.0,8621.0,-6349.0
DecoLine,8621.0,-6349.0,8619.0,-6348.0
DecoLine,8619.0,-6348.0,8617.0,-6348.0
DecoLine,8617.0,-6348.0,8616.0,-6347.0
DecoLine,8616.0,-6347.0,8614.0,-6346.0
DecoLine,8614.0,-6346.0,8612.0,-6344.0
DecoLine,8612.0,-6344.0,8610.0,-6343.0
DecoLine,8610.0,-6343.0,8608.0,-6341.0
DecoLine,8608.0,-6341.0,8606.0,-6339.0
DecoLine,8606.0,-6339.0,8604.0,-6336.0
DecoLine,8604.0,-6336.0,8602.0,-6333.0
DecoLine,8602.0,-6333.0,8600.0,-6331.0
DecoLine,8600.0,-6331.0,8599.0,-6326.0
DecoLine,8599.0,-6326.0,8598.0,-6324.0
DecoLine,8598.0,-6324.0,8597.0,-6322.0
DecoLine,8597.0,-6322.0,8597.0,-6319.0
DecoLine,8597.0,-6319.0,8596.0,-6315.0
DecoLine,8596.0,-6315.0,8595.0,-6311.0
DecoLine,8595.0,-6311.0,8594.0,-6308.0
DecoLine,8594.0,-6308.0,8594.0,-6302.0
DecoLine,8594.0,-6302.0,8594.0,-6300.0
DecoLine,8594.0,-6300.0,8594.0,-6297.0
DecoLine,8594.0,-6297.0,8594.0,-6296.0
DecoLine,8594.0,-6296.0,8594.0,-6293.0
DecoLine,8594.0,-6293.0,8594.0,-6291.0
DecoLine,8594.0,-6291.0,8595.0,-6289.0
DecoLine,8595.0,-6289.0,8596.0,-6286.0
DecoLine,8596.0,-6286.0,8597.0,-6283.0
DecoLine,8597.0,-6283.0,8597.0,-6281.0
DecoLine,8597.0,-6281.0,8598.0,-6278.0
DecoLine,8598.0,-6278.0,8600.0,-6276.0
DecoLine,8600.0,-6276.0,8601.0,-6274.0
DecoLine,8601.0,-6274.0,8605.0,-6271.0
DecoLine,8605.0,-6271.0,8608.0,-6269.0
DecoLine,8608.0,-6269.0,8609.0,-6268.0
DecoLine,8609.0,-6268.0,8610.0,-6268.0
DecoLine,8610.0,-6268.0,8612.0,-6267.0
DecoLine,8612.0,-6267.0,8614.0,-6267.0
DecoLine,8614.0,-6267.0,8617.0,-6268.0
DecoLine,8617.0,-6268.0,8620.0,-6268.0
DecoLine,8620.0,-6268.0,8631.0,-6269.0
DecoLine,8631.0,-6269.0,8633.0,-6269.0
DecoLine,8633.0,-6269.0,8638.0,-6269.0
DecoLine,8638.0,-6269.0,8640.0,-6270.0
DecoLine,8640.0,-6270.0,8643.0,-6271.0
DecoLine,8643.0,-6271.0,8645.0,-6271.0
DecoLine,8645.0,-6271.0,8646.0,-6271.0
DecoLine,8646.0,-6271.0,8648.0,-6272.0
DecoLine,8648.0,-6272.0,8650.0,-6273.0
DecoLine,8650.0,-6273.0,8653.0,-6275.0
DecoLine,8653.0,-6275.0,8657.0,-6278.0
DecoLine,8657.0,-6278.0,8659.0,-6280.0
DecoLine,8659.0,-6280.0,8660.0,-6281.0
DecoLine,8660.0,-6281.0,8661.0,-6281.0
DecoLine,8661.0,-6281.0,8662.0,-6284.0
DecoLine,8662.0,-6284.0,8664.0,-6289.0
DecoLine,8664.0,-6289.0,8666.0,-6295.0
DecoLine,8666.0,-6295.0,8668.0,-6300.0
DecoLine,8668.0,-6300.0,8668.0,-6301.0
DecoLine,8668.0,-6301.0,8669.0,-6302.0
DecoLine,8669.0,-6302.0,8669.0,-6303.0
DecoLine,8669.0,-6303.0,8669.0,-6305.0
DecoLine,8669.0,-6305.0,8669.0,-6307.0
DecoLine,8669.0,-6307.0,8669.0,-6311.0
DecoLine,8669.0,-6311.0,8668.0,-6312.0
DecoLine,8668.0,-6312.0,8668.0,-6313.0
DecoLine,8668.0,-6313.0,8668.0,-6314.0
DecoLine,8668.0,-6314.0,8667.0,-6315.0
DecoLine,8667.0,-6315.0,8666.0,-6316.0
DecoLine,8666.0,-6316.0,8664.0,-6320.0
DecoLine,8664.0,-6320.0,8663.0,-6322.0
DecoLine,8663.0,-6322.0,8662.0,-6324.0
DecoLine,8662.0,-6324.0,8660.0,-6327.0
DecoLine,8660.0,-6327.0,8660.0,-6327.0
DecoLine,8660.0,-6327.0,8658.0,-6330.0
DecoLine,8658.0,-6330.0,8658.0,-6332.0
DecoLine,8658.0,-6332.0,8656.0,-6334.0
DecoLine,8656.0,-6334.0,8656.0,-6335.0
DecoLine,8656.0,-6335.0,8654.0,-6339.0
DecoLine,8654.0,-6339.0,8653.0,-6342.0
DecoLine,8653.0,-6342.0,8653.0,-6342.0
DecoLine,8653.0,-6342.0,8652.0,-6343.0
DecoLine,8652.0,-6343.0,8651.0,-6343.0
DecoLine,8651.0,-6343.0,8651.0,-6344.0
DecoLine,8651.0,-6344.0,8649.0,-6345.0
DecoLine,8649.0,-6345.0,8647.0,-6345.0
DecoLine,8647.0,-6345.0,8646.0,-6346.0
DecoLine,8646.0,-6346.0,8646.0,-6346.0
DecoLine,8646.0,-6346.0,8645.0,-6346.0
DecoLine,8645.0,-6346.0,8644.0,-6346.0
DecoLine,8644.0,-6346.0,8641.0,-6347.0
DecoLine,8641.0,-6347.0,8639.0,-6347.0
DecoLine,8639.0,-6347.0,8638.0,-6348.0
DecoLine,8638.0,-6348.0,8638.0,-6348.0
DecoLine,8638.0,-6348.0,8637.0,-6348.0
DecoLine,8637.0,-6348.0,8637.0,-6348.0
DecoLine,8637.0,-6348.0,8636.0,-6348.0
DecoLine,8636.0,-6348.0,8635.0,-6348.0
DecoLine,8635.0,-6348.0,8635.0,-6348.0
DecoLine,8635.0,-6313.0,8635.0,-6313.0
DecoLine,8635.0,-6313.0,8634.0,-6313.0
DecoLine,8634.0,-6313.0,8634.0,-6314.0
DecoLine,8634.0,-6314.0,8633.0,-6314.0
DecoLine,8633.0,-6314.0,8633.0,-6314.0
DecoLine,8633.0,-6314.0,8631.0,-6315.0
DecoLine,8631.0,-6315.0,8630.0,-6315.0
DecoLine,8630.0,-6315.0,8629.0,-6315.0
DecoLine,8629.0,-6315.0,8627.0,-6315.0
DecoLine,8627.0,-6315.0,8626.0,-6314.0
DecoLine,8626.0,-6314.0,8624.0,-6314.0
DecoLine,8624.0,-6314.0,8624.0,-6314.0
DecoLine,8624.0,-6314.0,8623.0,-6313.0
DecoLine,8623.0,-6313.0,8623.0,-6312.0
DecoLine,8623.0,-6312.0,8622.0,-6310.0
DecoLine,8622.0,-6310.0,8620.0,-6309.0
DecoLine,8620.0,-6309.0,8619.0,-6307.0
DecoLine,8619.0,-6307.0,8619.0,-6307.0
DecoLine,8619.0,-6307.0,8618.0,-6306.0
DecoLine,8618.0,-6306.0,8618.0,-6304.0
DecoLine,8618.0,-6304.0,8618.0,-6303.0
DecoLine,8618.0,-6303.0,8618.0,-6302.0
DecoLine,8618.0,-6302.0,8618.0,-6298.0
DecoLine,8618.0,-6298.0,8618.0,-6296.0
DecoLine,8618.0,-6296.0,8618.0,-6294.0
DecoLine,8618.0,-6294.0,8618.0,-6294.0
DecoLine,8618.0,-6294.0,8619.0,-6292.0
DecoLine,8619.0,-6292.0,8620.0,-6291.0
DecoLine,8620.0,-6291.0,8621.0,-6290.0
DecoLine,8621.0,-6290.0,8621.0,-6289.0
DecoLine,8621.0,-6289.0,8622.0,-6289.0
DecoLine,8622.0,-6289.0,8623.0,-6288.0
DecoLine,8623.0,-6288.0,8625.0,-6288.0
DecoLine,8625.0,-6288.0,8627.0,-6288.0
DecoLine,8627.0,-6288.0,8628.0,-6288.0
DecoLine,8628.0,-6288.0,8629.0,-6289.0
DecoLine,8629.0,-6289.0,8631.0,-6289.0
DecoLine,8631.0,-6289.0,8633.0,-6290.0
DecoLine,8633.0,-6290.0,8634.0,-6292.0
DecoLine,8634.0,-6292.0,8636.0,-6293.0
DecoLine,8636.0,-6293.0,8637.0,-6294.0
DecoLine,8637.0,-6294.0,8638.0,-6295.0
DecoLine,8638.0,-6295.0,8638.0,-6297.0
DecoLine,8638.0,-6297.0,8639.0,-6298.0
DecoLine,8639.0,-6298.0,8639.0,-6300.0
DecoLine,8639.0,-6300.0,8640.0,-6303.0
DecoLine,8640.0,-6303.0,8640.0,-6305.0
DecoLine,8640.0,-6305.0,8640.0,-6305.0
DecoLine,8640.0,-6305.0,8640.0,-6306.0
DecoLine,8640.0,-6306.0,8639.0,-6307.0
DecoLine,8639.0,-6307.0,8639.0,-6307.0
DecoLine,8639.0,-6307.0,8638.0,-6308.0
DecoLine,8638.0,-6308.0,8637.0,-6310.0
DecoLine,8637.0,-6310.0,8636.0,-6310.0
DecoLine,8636.0,-6310.0,8636.0,-6311.0
DecoLine,8636.0,-6311.0,8635.0,-6311.0
DecoLine,8635.0,-6311.0,8635.0,-6311.0
DecoLine,8635.0,-6311.0,8634.0,-6311.0
DecoLine,8634.0,-6311.0,8634.0,-6311.0
DecoLine,8634.0,-6311.0,8633.0,-6312.0
DecoLine,8633.0,-6312.0,8633.0,-6312.0
DecoLine,8633.0,-6312.0,8632.0,-6312.0
DecoLine,8632.0,-6312.0,8632.0,-6313.0
DecoLine,8632.0,-6313.0,8632.0,-6313.0
DecoLine,8632.0,-6313.0,8631.0,-6313.0
DecoLine,8631.0,-6313.0,8631.0,-6313.0
DecoLine,8694.0,-6274.0,8694.0,-6274.0
DecoLine,8694.0,-6274.0,8694.0,-6276.0
DecoLine,8694.0,-6276.0,8694.0,-6278.0
DecoLine,8694.0,-6278.0,8694.0,-6280.0
DecoLine,8694.0,-6280.0,8694.0,-6283.0
DecoLine,8694.0,-6283.0,8693.0,-6293.0
DecoLine,8693.0,-6293.0,8693.0,-6300.0
DecoLine,8693.0,-6300.0,8693.0,-6301.0
DecoLine,8693.0,-6301.0,8694.0,-6302.0
DecoLine,8694.0,-6302.0,8694.0,-6304.0
DecoLine,8694.0,-6304.0,8694.0,-6306.0
DecoLine,8694.0,-6306.0,8693.0,-6309.0
DecoLine,8693.0,-6309.0,8693.0,-6316.0
DecoLine,8693.0,-6316.0,8693.0,-6318.0
DecoLine,8693.0,-6318.0,8693.0,-6319.0
DecoLine,8693.0,-6319.0,8693.0,-6319.0
DecoLine,8693.0,-6319.0,8693.0,-6320.0
DecoLine,8693.0,-6320.0,8693.0,-6322.0
DecoLine,8693.0,-6322.0,8692.0,-6323.0
DecoLine,8692.0,-6323.0,8692.0,-6325.0
DecoLine,8692.0,-6325.0,8692.0,-6329.0
DecoLine,8692.0,-6329.0,8692.0,-6331.0
DecoLine,8692.0,-6331.0,8692.0,-6332.0
DecoLine,8692.0,-6332.0,8692.0,-6332.0
DecoLine,8692.0,-6332.0,8691.0,-6333.0
DecoLine,8691.0,-6333.0,8691.0,-6334.0
DecoLine,8691.0,-6334.0,8690.0,-6335.0
DecoLine,8690.0,-6335.0,8690.0,-6337.0
DecoLine,8690.0,-6337.0,8689.0,-6338.0
DecoLine,8689.0,-6338.0,8689.0,-6338.0
DecoLine,8689.0,-6338.0,8689.0,-6339.0
DecoLine,8689.0,-6339.0,8689.0,-6339.0
DecoLine,8689.0,-6339.0,8688.0,-6339.0
DecoLine,8688.0,-6339.0,8688.0,-6340.0
DecoLine,8688.0,-6340.0,8687.0,-6342.0
DecoLine,8687.0,-6342.0,8687.0,-6343.0
DecoLine,8687.0,-6343.0,8687.0,-6343.0
DecoLine,8687.0,-6343.0,8686.0,-6343.0
DecoLine,8686.0,-6343.0,8686.0,-6343.0
DecoLine,8686.0,-6343.0,8686.0,-6344.0
DecoLine,8686.0,-6344.0,8686.0,-6344.0
DecoLine,8693.0,-6273.0,8693.0,-6273.0
DecoLine,8693.0,-6273.0,8694.0,-6273.0
DecoLine,8694.0,-6273.0,8697.0,-6273.0
DecoLine,8697.0,-6273.0,8697.0,-6273.0
DecoLine,8697.0,-6273.0,8698.0,-6273.0
DecoLine,8698.0,-6273.0,8698.0,-6272.0
DecoLine,8698.0,-6272.0,8699.0,-6272.0
DecoLine,8699.0,-6272.0,8700.0,-6272.0
DecoLine,8700.0,-6272.0,8700.0,-6272.0
DecoLine,8700.0,-6272.0,8701.0,-6272.0
DecoLine,8701.0,-6272.0,8701.0,-6272.0
DecoLine,8701.0,-6272.0,8702.0,-6272.0
DecoLine,8702.0,-6272.0,8702.0,-6272.0
DecoLine,8702.0,-6272.0,8703.0,-6272.0
DecoLine,8703.0,-6272.0,8705.0,-6272.0
DecoLine,8705.0,-6272.0,8708.0,-6272.0
DecoLine,8708.0,-6272.0,8710.0,-6272.0
DecoLine,8710.0,-6272.0,8713.0,-6272.0
DecoLine,8713.0,-6272.0,8713.0,-6272.0
DecoLine,8713.0,-6272.0,8715.0,-6272.0
DecoLine,8715.0,-6272.0,8716.0,-6272.0
DecoLine,8716.0,-6272.0,8717.0,-6272.0
DecoLine,8717.0,-6272.0,8718.0,-6272.0
DecoLine,8718.0,-6272.0,8723.0,-6272.0
DecoLine,8723.0,-6272.0,8725.0,-6272.0
DecoLine,8725.0,-6272.0,8725.0,-6272.0
DecoLine,8725.0,-6272.0,8727.0,-6272.0
DecoLine,8727.0,-6272.0,8727.0,-6272.0
DecoLine,8727.0,-6272.0,8730.0,-6272.0
DecoLine,8730.0,-6272.0,8731.0,-6272.0
DecoLine,8731.0,-6272.0,8734.0,-6272.0
DecoLine,8734.0,-6272.0,8736.0,-6272.0
DecoLine,8736.0,-6272.0,8738.0,-6273.0
DecoLine,8738.0,-6273.0,8740.0,-6274.0
DecoLine,8740.0,-6274.0,8741.0,-6274.0
DecoLine,8741.0,-6274.0,8743.0,-6275.0
DecoLine,8743.0,-6275.0,8745.0,-6275.0
DecoLine,8745.0,-6275.0,8746.0,-6276.0
DecoLine,8746.0,-6276.0,8748.0,-6276.0
DecoLine,8748.0,-6276.0,8749.0,-6277.0
DecoLine,8749.0,-6277.0,8749.0,-6277.0
DecoLine,8749.0,-6277.0,8750.0,-6277.0
DecoLine,8750.0,-6277.0,8751.0,-6278.0
DecoLine,8751.0,-6278.0,8751.0,-6280.0
DecoLine,8751.0,-6280.0,8752.0,-6280.0
DecoLine,8752.0,-6280.0,8752.0,-6281.0
DecoLine,8752.0,-6281.0,8752.0,-6282.0
DecoLine,8752.0,-6282.0,8752.0,-6285.0
DecoLine,8752.0,-6285.0,8752.0,-6286.0
DecoLine,8752.0,-6286.0,8752.0,-6288.0
DecoLine,8752.0,-6288.0,8752.0,-6290.0
DecoLine,8752.0,-6290.0,8752.0,-6290.0
DecoLine,8752.0,-6290.0,8752.0,-6291.0
DecoLine,8752.0,-6291.0,8752.0,-6292.0
DecoLine,8752.0,-6292.0,8752.0,-6294.0
DecoLine,8752.0,-6294.0,8752.0,-6295.0
DecoLine,8752.0,-6295.0,8752.0,-6296.0
DecoLine,8752.0,-6296.0,8752.0,-6296.0
DecoLine,8752.0,-6296.0,8751.0,-6296.0
DecoLine,8751.0,-6296.0,8750.0,-6297.0
DecoLine,8750.0,-6297.0,8750.0,-6298.0
DecoLine,8750.0,-6298.0,8748.0,-6299.0
DecoLine,8748.0,-6299.0,8748.0,-6300.0
DecoLine,8748.0,-6300.0,8747.0,-6300.0
DecoLine,8747.0,-6300.0,8746.0,-6301.0
DecoLine,8746.0,-6301.0,8745.0,-6301.0
DecoLine,8745.0,-6301.0,8743.0,-6301.0
DecoLine,8743.0,-6301.0,8742.0,-6302.0
DecoLine,8742.0,-6302.0,8740.0,-6303.0
DecoLine,8740.0,-6303.0,8740.0,-6304.0
DecoLine,8740.0,-6304.0,8739.0,-6304.0
DecoLine,8739.0,-6304.0,8739.0,-6305.0
DecoLine,8739.0,-6305.0,8738.0,-6305.0
DecoLine,8738.0,-6305.0,8738.0,-6305.0
DecoLine,8738.0,-6305.0,8736.0,-6306.0
DecoLine,8736.0,-6306.0,8735.0,-6307.0
DecoLine,8735.0,-6307.0,8733.0,-6307.0
DecoLine,8733.0,-6307.0,8733.0,-6307.0
DecoLine,8733.0,-6307.0,8731.0,-6307.0
DecoLine,8731.0,-6307.0,8730.0,-6307.0
DecoLine,8730.0,-6307.0,8728.0,-6307.0
DecoLine,8728.0,-6307.0,8726.0,-6307.0
DecoLine,8726.0,-6307.0,8725.0,-6308.0
DecoLine,8725.0,-6308.0,8724.0,-6308.0
DecoLine,8724.0,-6308.0,8721.0,-6308.0
DecoLine,8721.0,-6308.0,8720.0,-6307.0
DecoLine,8720.0,-6307.0,8719.0,-6307.0
DecoLine,8719.0,-6307.0,8718.0,-6307.0
DecoLine,8718.0,-6307.0,8716.0,-6307.0
DecoLine,8716.0,-6307.0,8716.0,-6307.0
DecoLine,8716.0,-6307.0,8716.0,-6307.0
DecoLine,8716.0,-6307.0,8715.0,-6307.0
DecoLine,8715.0,-6307.0,8714.0,-6308.0
DecoLine,8714.0,-6308.0,8713.0,-6308.0
DecoLine,8713.0,-6308.0,8711.0,-6308.0
DecoLine,8711.0,-6308.0,8711.0,-6308.0
DecoLine,8711.0,-6308.0,8710.0,-6308.0
DecoLine,8710.0,-6308.0,8710.0,-6308.0
DecoLine,8710.0,-6308.0,8709.0,-6308.0
DecoLine,8709.0,-6308.0,8708.0,-6308.0
DecoLine,8708.0,-6308.0,8708.0,-6308.0
DecoLine,8708.0,-6308.0,8707.0,-6308.0
DecoLine,8707.0,-6308.0,8707.0,-6308.0
DecoLine,8707.0,-6308.0,8707.0,-6308.0
DecoLine,8707.0,-6308.0,8706.0,-6308.0
DecoLine,8706.0,-6308.0,8706.0,-6309.0
DecoLine,8706.0,-6309.0,8706.0,-6310.0
DecoLine,8706.0,-6310.0,8706.0,-6312.0
DecoLine,8706.0,-6312.0,8706.0,-6312.0
DecoLine,8706.0,-6312.0,8707.0,-6314.0
DecoLine,8707.0,-6314.0,8707.0,-6314.0
DecoLine,8707.0,-6314.0,8707.0,-6316.0
DecoLine,8707.0,-6316.0,8707.0,-6319.0
DecoLine,8707.0,-6319.0,8707.0,-6322.0
DecoLine,8707.0,-6322.0,8707.0,-6323.0
DecoLine,8707.0,-6323.0,8707.0,-6324.0
DecoLine,8707.0,-6324.0,8706.0,-6324.0
DecoLine,8706.0,-6324.0,8706.0,-6325.0
DecoLine,8706.0,-6325.0,8706.0,-6325.0
DecoLine,8706.0,-6325.0,8705.0,-6327.0
DecoLine,8705.0,-6327.0,8704.0,-6329.0
DecoLine,8704.0,-6329.0,8704.0,-6330.0
DecoLine,8704.0,-6330.0,8703.0,-6331.0
DecoLine,8703.0,-6331.0,8703.0,-6332.0
DecoLine,8703.0,-6332.0,8702.0,-6334.0
DecoLine,8702.0,-6334.0,8702.0,-6338.0
DecoLine,8702.0,-6338.0,8702.0,-6340.0
DecoLine,8702.0,-6340.0,8702.0,-6342.0
DecoLine,8702.0,-6342.0,8702.0,-6343.0
DecoLine,8702.0,-6343.0,8702.0,-6343.0
DecoLine,8702.0,-6343.0,8702.0,-6344.0
DecoLine,8702.0,-6344.0,8702.0,-6345.0
DecoLine,8702.0,-6345.0,8702.0,-6346.0
DecoLine,8702.0,-6346.0,8702.0,-6347.0
DecoLine,8702.0,-6347.0,8701.0,-6347.0
DecoLine,8701.0,-6347.0,8700.0,-6347.0
DecoLine,8700.0,-6347.0,8700.0,-6347.0
DecoLine,8700.0,-6347.0,8699.0,-6347.0
DecoLine,8699.0,-6347.0,8698.0,-6347.0
DecoLine,8698.0,-6347.0,8697.0,-6347.0
DecoLine,8697.0,-6347.0,8696.0,-6347.0
DecoLine,8696.0,-6347.0,8695.0,-6347.0
DecoLine,8695.0,-6347.0,8694.0,-6347.0
DecoLine,8694.0,-6347.0,8694.0,-6347.0
DecoLine,8694.0,-6347.0,8694.0,-6347.0
DecoLine,8694.0,-6347.0,8694.0,-6346.0
DecoLine,8694.0,-6346.0,8693.0,-6346.0
DecoLine,8693.0,-6346.0,8693.0,-6346.0
DecoLine,8693.0,-6346.0,8692.0,-6346.0
DecoLine,8692.0,-6346.0,8692.0,-6346.0
DecoLine,8692.0,-6346.0,8691.0,-6346.0
DecoLine,8691.0,-6346.0,8691.0,-6346.0
DecoLine,8691.0,-6346.0,8691.0,-6345.0
DecoLine,8691.0,-6345.0,8690.0,-6345.0
DecoLine,8690.0,-6345.0,8690.0,-6345.0
DecoLine,8690.0,-6345.0,8689.0,-6345.0
DecoLine,8689.0,-6345.0,8689.0,-6345.0
DecoLine,8689.0,-6345.0,8689.0,-6345.0
DecoLine,8689.0,-6345.0,8688.0,-6345.0
DecoLine,8688.0,-6345.0,8688.0,-6344.0
DecoLine,8688.0,-6344.0,8688.0,-6344.0
DecoLine,8688.0,-6344.0,8687.0,-6344.0
DecoLine,8687.0,-6344.0,8687.0,-6344.0
DecoLine,8687.0,-6344.0,8686.0,-6344.0
DecoLine,8686.0,-6344.0,8686.0,-6344.0
DecoLine,8686.0,-6344.0,8686.0,-6344.0
DecoLine,8686.0,-6344.0,8685.0,-6344.0
DecoLine,8685.0,-6344.0,8685.0,-6344.0
DecoLine,8685.0,-6344.0,8685.0,-6344.0
DecoLine,8705.0,-6281.0,8705.0,-6282.0
DecoLine,8705.0,-6282.0,8705.0,-6284.0
DecoLine,8705.0,-6284.0,8706.0,-6289.0
DecoLine,8706.0,-6289.0,8706.0,-6290.0
DecoLine,8706.0,-6290.0,8706.0,-6291.0
DecoLine,8706.0,-6291.0,8706.0,-6293.0
DecoLine,8706.0,-6293.0,8706.0,-6293.0
DecoLine,8706.0,-6293.0,8705.0,-6293.0
DecoLine,8705.0,-6293.0,8705.0,-6294.0
DecoLine,8705.0,-6294.0,8705.0,-6294.0
DecoLine,8705.0,-6294.0,8705.0,-6295.0
DecoLine,8705.0,-6295.0,8705.0,-6295.0
DecoLine,8705.0,-6295.0,8705.0,-6295.0
DecoLine,8705.0,-6295.0,8705.0,-6296.0
DecoLine,8705.0,-6296.0,8705.0,-6296.0
DecoLine,8705.0,-6296.0,8705.0,-6297.0
DecoLine,8705.0,-6297.0,8705.0,-6297.0
DecoLine,8705.0,-6297.0,8705.0,-6297.0
DecoLine,8705.0,-6297.0,8705.0,-6297.0
DecoLine,8705.0,-6297.0,8707.0,-6297.0
DecoLine,8707.0,-6297.0,8708.0,-6297.0
DecoLine,8708.0,-6297.0,8709.0,-6297.0
DecoLine,8709.0,-6297.0,8710.0,-6297.0
DecoLine,8710.0,-6297.0,8711.0,-6297.0
DecoLine,8711.0,-6297.0,8714.0,-6297.0
DecoLine,8714.0,-6297.0,8716.0,-6297.0
DecoLine,8716.0,-6297.0,8716.0,-6296.0
DecoLine,8716.0,-6296.0,8717.0,-6296.0
DecoLine,8717.0,-6296.0,8718.0,-6296.0
DecoLine,8718.0,-6296.0,8718.0,-6296.0
DecoLine,8718.0,-6296.0,8719.0,-6296.0
DecoLine,8719.0,-6296.0,8719.0,-6296.0
DecoLine,8719.0,-6296.0,8720.0,-6296.0
DecoLine,8720.0,-6296.0,8721.0,-6296.0
DecoLine,8721.0,-6296.0,8722.0,-6296.0
DecoLine,8722.0,-6296.0,8722.0,-6296.0
DecoLine,8722.0,-6296.0,8722.0,-6296.0
DecoLine,8722.0,-6296.0,8723.0,-6296.0
DecoLine,8723.0,-6296.0,8724.0,-6296.0
DecoLine,8724.0,-6296.0,8724.0,-6295.0
DecoLine,8724.0,-6295.0,8724.0,-6295.0
DecoLine,8724.0,-6295.0,8725.0,-6295.0
DecoLine,8725.0,-6295.0,8725.0,-6294.0
DecoLine,8725.0,-6294.0,8725.0,-6294.0
DecoLine,8725.0,-6294.0,8726.0,-6293.0
DecoLine,8726.0,-6293.0,8727.0,-6292.0
DecoLine,8727.0,-6292.0,8727.0,-6292.0
DecoLine,8727.0,-6292.0,8727.0,-6291.0
DecoLine,8727.0,-6291.0,8727.0,-6291.0
DecoLine,8727.0,-6291.0,8728.0,-6291.0
DecoLine,8728.0,-6291.0,8728.0,-6290.0
DecoLine,8728.0,-6290.0,8729.0,-6288.0
DecoLine,8729.0,-6288.0,8729.0,-6287.0
DecoLine,8729.0,-6287.0,8729.0,-6287.0
DecoLine,8729.0,-6287.0,8729.0,-6286.0
DecoLine,8729.0,-6286.0,8729.0,-6286.0
DecoLine,8729.0,-6286.0,8729.0,-6285.0
DecoLine,8729.0,-6285.0,8729.0,-6285.0
DecoLine,8729.0,-6285.0,8728.0,-6284.0
DecoLine,8728.0,-6284.0,8728.0,-6284.0
DecoLine,8728.0,-6284.0,8727.0,-6283.0
DecoLine,8727.0,-6283.0,8726.0,-6282.0
DecoLine,8726.0,-6282.0,8725.0,-6282.0
DecoLine,8725.0,-6282.0,8725.0,-6281.0
DecoLine,8725.0,-6281.0,8724.0,-6281.0
DecoLine,8724.0,-6281.0,8723.0,-6281.0
DecoLine,8723.0,-6281.0,8723.0,-6280.0
DecoLine,8723.0,-6280.0,8722.0,-6280.0
DecoLine,8722.0,-6280.0,8721.0,-6280.0
DecoLine,8721.0,-6280.0,8720.0,-6280.0
DecoLine,8720.0,-6280.0,8720.0,-6280.0
DecoLine,8720.0,-6280.0,8719.0,-6280.0
DecoLine,8719.0,-6280.0,8718.0,-6280.0
DecoLine,8718.0,-6280.0,8716.0,-6280.0
DecoLine,8716.0,-6280.0,8716.0,-6280.0
DecoLine,8716.0,-6280.0,8715.0,-6280.0
DecoLine,8715.0,-6280.0,8715.0,-6280.0
DecoLine,8715.0,-6280.0,8713.0,-6280.0
DecoLine,8713.0,-6280.0,8712.0,-6281.0
DecoLine,8712.0,-6281.0,8712.0,-6281.0
DecoLine,8712.0,-6281.0,8711.0,-6281.0
DecoLine,8711.0,-6281.0,8710.0,-6281.0
DecoLine,8710.0,-6281.0,8708.0,-6281.0
DecoLine,8708.0,-6281.0,8706.0,-6282.0
DecoLine,8706.0,-6282.0,8705.0,-6282.0
DecoLine,8705.0,-6282.0,8704.0,-6282.0
DecoLine,8704.0,-6282.0,8704.0,-6282.0
DecoLine,8704.0,-6282.0,8703.0,-6282.0
DecoLine,8703.0,-6282.0,8703.0,-6282.0
PhysicLine,12830.0,-7551.0,12842.0,-7550.0
PhysicLine,12842.0,-7550.0,12881.0,-7547.0
PhysicLine,12881.0,-7547.0,12900.0,-7543.0
PhysicLine,12900.0,-7543.0,12916.0,-7539.0
PhysicLine,12916.0,-7539.0,12931.0,-7536.0
PhysicLine,12931.0,-7536.0,12948.0,-7533.0
PhysicLine,12948.0,-7533.0,12951.0,-7532.0
PhysicLine,12951.0,-7532.0,12955.0,-7530.0
PhysicLine,12955.0,-7530.0,12962.0,-7526.0
PhysicLine,12962.0,-7526.0,12970.0,-7523.0
PhysicLine,12970.0,-7523.0,12977.0,-7519.0
PhysicLine,12977.0,-7519.0,12980.0,-7517.0
PhysicLine,12980.0,-7517.0,12985.0,-7516.0
PhysicLine,12985.0,-7516.0,12986.0,-7515.0
PhysicLine,12986.0,-7515.0,12988.0,-7514.0
PhysicLine,12988.0,-7514.0,12990.0,-7513.0
PhysicLine,12990.0,-7513.0,12992.0,-7513.0
PhysicLine,12992.0,-7513.0,12996.0,-7511.0
PhysicLine,12996.0,-7511.0,12997.0,-7511.0
PhysicLine,12997.0,-7511.0,12998.0,-7511.0
PhysicLine,12998.0,-7511.0,12998.0,-7511.0
PhysicLine,12998.0,-7511.0,12999.0,-7511.0
PhysicLine,12999.0,-7511.0,12999.0,-7511.0
PhysicLine,12999.0,-7511.0,12999.0,-7511.0
PhysicLine,12999.0,-7511.0,12999.0,-7510.0
PhysicLine,12999.0,-7510.0,12999.0,-7510.0
DecoLine,14917.0,-7933.0,14917.0,-7933.0
DecoLine,14917.0,-7933.0,14917.0,-7933.0
DecoLine,14917.0,-7933.0,14917.0,-7933.0
DecoLine,14917.0,-7933.0,14916.0,-7933.0
DecoLine,14916.0,-7933.0,14915.0,-7933.0
DecoLine,14915.0,-7933.0,14913.0,-7933.0
DecoLine,14913.0,-7933.0,14911.0,-7934.0
DecoLine,14911.0,-7934.0,14910.0,-7934.0
DecoLine,14910.0,-7934.0,14908.0,-7934.0
DecoLine,14908.0,-7934.0,14906.0,-7935.0
DecoLine,14906.0,-7935.0,14904.0,-7935.0
DecoLine,14904.0,-7935.0,14900.0,-7935.0
DecoLine,14900.0,-7935.0,14897.0,-7935.0
DecoLine,14897.0,-7935.0,14892.0,-7935.0
DecoLine,14892.0,-7935.0,14891.0,-7935.0
DecoLine,14891.0,-7935.0,14890.0,-7935.0
DecoLine,14890.0,-7935.0,14890.0,-7934.0
DecoLine,14890.0,-7934.0,14889.0,-7934.0
DecoLine,14889.0,-7934.0,14888.0,-7933.0
DecoLine,14888.0,-7933.0,14887.0,-7932.0
DecoLine,14887.0,-7932.0,14884.0,-7930.0
DecoLine,14884.0,-7930.0,14883.0,-7929.0
DecoLine,14883.0,-7929.0,14881.0,-7928.0
DecoLine,14881.0,-7928.0,14880.0,-7926.0
DecoLine,14880.0,-7926.0,14879.0,-7923.0
DecoLine,14879.0,-7923.0,14879.0,-7917.0
DecoLine,14879.0,-7917.0,14879.0,-7915.0
DecoLine,14879.0,-7915.0,14880.0,-7914.0
DecoLine,14880.0,-7914.0,14882.0,-7912.0
DecoLine,14882.0,-7912.0,14885.0,-7908.0
DecoLine,14885.0,-7908.0,14889.0,-7905.0
DecoLine,14889.0,-7905.0,14895.0,-7902.0
DecoLine,14895.0,-7902.0,14899.0,-7902.0
DecoLine,14899.0,-7902.0,14901.0,-7901.0
DecoLine,14901.0,-7901.0,14909.0,-7899.0
DecoLine,14909.0,-7899.0,14912.0,-7899.0
DecoLine,14912.0,-7899.0,14916.0,-7898.0
DecoLine,14916.0,-7898.0,14918.0,-7899.0
DecoLine,14918.0,-7899.0,14921.0,-7901.0
DecoLine,14921.0,-7901.0,14924.0,-7903.0
DecoLine,14924.0,-7903.0,14926.0,-7905.0
DecoLine,14926.0,-7905.0,14927.0,-7907.0
DecoLine,14927.0,-7907.0,14928.0,-7910.0
DecoLine,14928.0,-7910.0,14928.0,-7914.0
DecoLine,14928.0,-7914.0,14928.0,-7918.0
DecoLine,14928.0,-7918.0,14927.0,-7922.0
DecoLine,14927.0,-7922.0,14926.0,-7923.0
DecoLine,14926.0,-7923.0,14925.0,-7925.0
DecoLine,14925.0,-7925.0,14924.0,-7926.0
DecoLine,14924.0,-7926.0,14923.0,-7927.0
DecoLine,14923.0,-7927.0,14921.0,-7928.0
DecoLine,14921.0,-7928.0,14919.0,-7928.0
DecoLine,14919.0,-7928.0,14917.0,-7929.0
DecoLine,14917.0,-7929.0,14916.0,-7929.0
DecoLine,14916.0,-7929.0,14915.0,-7929.0
DecoLine,14915.0,-7929.0,14914.0,-7929.0
DecoLine,14914.0,-7929.0,14914.0,-7929.0
DecoLine,14914.0,-7929.0,14912.0,-7929.0
DecoLine,14912.0,-7929.0,14911.0,-7929.0
DecoLine,14911.0,-7929.0,14911.0,-7929.0
DecoLine,14911.0,-7929.0,14909.0,-7929.0
DecoLine,14909.0,-7929.0,14907.0,-7929.0
DecoLine,14907.0,-7929.0,14906.0,-7929.0
DecoLine,14906.0,-7929.0,14903.0,-7930.0
DecoLine,14903.0,-7930.0,14901.0,-7930.0
DecoLine,14901.0,-7930.0,14900.0,-7930.0
DecoLine,14900.0,-7930.0,14898.0,-7930.0
DecoLine,14898.0,-7930.0,14896.0,-7930.0
DecoLine,14896.0,-7930.0,14894.0,-7930.0
DecoLine,14894.0,-7930.0,14893.0,-7929.0
DecoLine,14893.0,-7929.0,14891.0,-7929.0
DecoLine,14891.0,-7929.0,14889.0,-7926.0
DecoLine,14889.0,-7926.0,14888.0,-7925.0
DecoLine,14888.0,-7925.0,14887.0,-7924.0
DecoLine,14887.0,-7924.0,14886.0,-7921.0
DecoLine,14886.0,-7921.0,14885.0,-7918.0
DecoLine,14885.0,-7918.0,14884.0,-7914.0
DecoLine,14884.0,-7914.0,14884.0,-7910.0
DecoLine,14884.0,-7910.0,14884.0,-7905.0
DecoLine,14884.0,-7905.0,14885.0,-7900.0
DecoLine,14885.0,-7900.0,14886.0,-7895.0
DecoLine,14886.0,-7895.0,14888.0,-7890.0
DecoLine,14888.0,-7890.0,14890.0,-7885.0
DecoLine,14890.0,-7885.0,14892.0,-7882.0
DecoLine,14892.0,-7882.0,14895.0,-7879.0
DecoLine,14895.0,-7879.0,14897.0,-7876.0
DecoLine,14897.0,-7876.0,14899.0,-7874.0
DecoLine,14899.0,-7874.0,14900.0,-7873.0
DecoLine,14900.0,-7873.0,14905.0,-7873.0
DecoLine,14905.0,-7873.0,14909.0,-7873.0
DecoLine,14909.0,-7873.0,14916.0,-7873.0
DecoLine,14916.0,-7873.0,14924.0,-7874.0
DecoLine,14924.0,-7874.0,14928.0,-7876.0
DecoLine,14928.0,-7876.0,14931.0,-7878.0
DecoLine,14931.0,-7878.0,14935.0,-7882.0
DecoLine,14935.0,-7882.0,14946.0,-7896.0
DecoLine,14946.0,-7896.0,14952.0,-7903.0
DecoLine,14952.0,-7903.0,14955.0,-7907.0
DecoLine,14955.0,-7907.0,14956.0,-7909.0
DecoLine,14956.0,-7909.0,14956.0,-7915.0
DecoLine,14956.0,-7915.0,14956.0,-7915.0
DecoLine,14956.0,-7915.0,14955.0,-7919.0
DecoLine,14955.0,-7919.0,14953.0,-7922.0
DecoLine,14953.0,-7922.0,14950.0,-7924.0
DecoLine,14950.0,-7924.0,14948.0,-7927.0
DecoLine,14948.0,-7927.0,14946.0,-7927.0
DecoLine,14946.0,-7927.0,14941.0,-7929.0
DecoLine,14941.0,-7929.0,14936.0,-7930.0
DecoLine,14936.0,-7930.0,14933.0,-7932.0
DecoLine,14933.0,-7932.0,14931.0,-7932.0
DecoLine,14931.0,-7932.0,14923.0,-7935.0
DecoLine,14923.0,-7935.0,14920.0,-7935.0
DecoLine,14920.0,-7935.0,14917.0,-7935.0
DecoLine,14917.0,-7935.0,14915.0,-7935.0
DecoLine,14915.0,-7935.0,14913.0,-7935.0
DecoLine,14913.0,-7935.0,14911.0,-7935.0
DecoLine,14911.0,-7935.0,14907.0,-7934.0
DecoLine,14907.0,-7934.0,14904.0,-7934.0
DecoLine,14904.0,-7934.0,14900.0,-7933.0
DecoLine,14900.0,-7933.0,14899.0,-7933.0
DecoLine,14899.0,-7933.0,14898.0,-7933.0
DecoLine,14898.0,-7933.0,14897.0,-7932.0
DecoLine,14897.0,-7932.0,14895.0,-7932.0
DecoLine,14895.0,-7932.0,14893.0,-7930.0
DecoLine,14893.0,-7930.0,14892.0,-7930.0
DecoLine,14892.0,-7930.0,14891.0,-7929.0
DecoLine,14891.0,-7929.0,14890.0,-7929.0
DecoLine,14890.0,-7929.0,14889.0,-7928.0
DecoLine,14889.0,-7928.0,14889.0,-7926.0
DecoLine,14889.0,-7926.0,14888.0,-7925.0
DecoLine,14888.0,-7925.0,14887.0,-7923.0
DecoLine,14887.0,-7923.0,14887.0,-7920.0
DecoLine,14887.0,-7920.0,14886.0,-7915.0
DecoLine,14886.0,-7915.0,14887.0,-7911.0
DecoLine,14887.0,-7911.0,14889.0,-7908.0
DecoLine,14889.0,-7908.0,14892.0,-7905.0
DecoLine,14892.0,-7905.0,14895.0,-7902.0
DecoLine,14895.0,-7902.0,14899.0,-7897.0
DecoLine,14899.0,-7897.0,14904.0,-7894.0
DecoLine,14904.0,-7894.0,14908.0,-7892.0
DecoLine,14908.0,-7892.0,14911.0,-7891.0
DecoLine,14911.0,-7891.0,14912.0,-7891.0
DecoLine,14912.0,-7891.0,14914.0,-7891.0
DecoLine,14914.0,-7891.0,14921.0,-7892.0
DecoLine,14921.0,-7892.0,14923.0,-7893.0
DecoLine,14923.0,-7893.0,14924.0,-7894.0
DecoLine,14924.0,-7894.0,14927.0,-7897.0
DecoLine,14927.0,-7897.0,14929.0,-7902.0
DecoLine,14929.0,-7902.0,14929.0,-7907.0
DecoLine,14929.0,-7907.0,14928.0,-7914.0
DecoLine,14928.0,-7914.0,14927.0,-7919.0
DecoLine,14927.0,-7919.0,14925.0,-7921.0
DecoLine,14925.0,-7921.0,14919.0,-7929.0
DecoLine,14919.0,-7929.0,14916.0,-7933.0
DecoLine,14916.0,-7933.0,14913.0,-7937.0
DecoLine,14913.0,-7937.0,14911.0,-7939.0
DecoLine,14911.0,-7939.0,14910.0,-7940.0
DecoLine,14910.0,-7940.0,14908.0,-7941.0
DecoLine,14908.0,-7941.0,14906.0,-7943.0
DecoLine,14906.0,-7943.0,14902.0,-7945.0
DecoLine,14902.0,-7945.0,14900.0,-7947.0
DecoLine,14900.0,-7947.0,14898.0,-7947.0
DecoLine,14898.0,-7947.0,14897.0,-7947.0
DecoLine,14897.0,-7947.0,14895.0,-7947.0
DecoLine,14895.0,-7947.0,14893.0,-7946.0
DecoLine,14893.0,-7946.0,14892.0,-7945.0
DecoLine,14892.0,-7945.0,14887.0,-7941.0
DecoLine,14887.0,-7941.0,14882.0,-7937.0
DecoLine,14882.0,-7937.0,14880.0,-7932.0
DecoLine,14880.0,-7932.0,14877.0,-7929.0
DecoLine,14877.0,-7929.0,14875.0,-7926.0
DecoLine,14875.0,-7926.0,14873.0,-7921.0
DecoLine,14873.0,-7921.0,14872.0,-7918.0
DecoLine,14872.0,-7918.0,14871.0,-7915.0
DecoLine,14871.0,-7915.0,14871.0,-7912.0
DecoLine,14871.0,-7912.0,14871.0,-7909.0
DecoLine,14871.0,-7909.0,14871.0,-7902.0
DecoLine,14871.0,-7902.0,14872.0,-7900.0
DecoLine,14872.0,-7900.0,14873.0,-7897.0
DecoLine,14873.0,-7897.0,14876.0,-7894.0
DecoLine,14876.0,-7894.0,14878.0,-7892.0
DecoLine,14878.0,-7892.0,14879.0,-7890.0
DecoLine,14879.0,-7890.0,14882.0,-7889.0
DecoLine,14882.0,-7889.0,14884.0,-7889.0
DecoLine,14884.0,-7889.0,14886.0,-7888.0
DecoLine,14886.0,-7888.0,14888.0,-7887.0
DecoLine,14888.0,-7887.0,14891.0,-7887.0
DecoLine,14891.0,-7887.0,14895.0,-7888.0
DecoLine,14895.0,-7888.0,14900.0,-7889.0
DecoLine,14900.0,-7889.0,14906.0,-7891.0
DecoLine,14906.0,-7891.0,14909.0,-7892.0
DecoLine,14909.0,-7892.0,14912.0,-7893.0
DecoLine,14912.0,-7893.0,14912.0,-7894.0
DecoLine,14912.0,-7894.0,14913.0,-7896.0
DecoLine,14913.0,-7896.0,14914.0,-7898.0
DecoLine,14914.0,-7898.0,14914.0,-7903.0
DecoLine,14914.0,-7903.0,14914.0,-7905.0
DecoLine,14914.0,-7905.0,14913.0,-7909.0
DecoLine,14913.0,-7909.0,14912.0,-7910.0
DecoLine,14912.0,-7910.0,14911.0,-7911.0
DecoLine,14911.0,-7911.0,14909.0,-7911.0
DecoLine,14909.0,-7911.0,14905.0,-7912.0
DecoLine,14905.0,-7912.0,14903.0,-7912.0
DecoLine,14903.0,-7912.0,14900.0,-7913.0
DecoLine,14900.0,-7913.0,14896.0,-7914.0
DecoLine,14896.0,-7914.0,14893.0,-7915.0
DecoLine,14893.0,-7915.0,14893.0,-7915.0
DecoLine,14893.0,-7915.0,14891.0,-7914.0
DecoLine,14891.0,-7914.0,14891.0,-7913.0
DecoLine,14891.0,-7913.0,14890.0,-7910.0
DecoLine,14890.0,-7910.0,14890.0,-7905.0
DecoLine,14890.0,-7905.0,14891.0,-7901.0
DecoLine,14891.0,-7901.0,14889.0,-7887.0
DecoLine,14889.0,-7887.0,14892.0,-7884.0
DecoLine,14892.0,-7884.0,14897.0,-7879.0
DecoLine,14897.0,-7879.0,14900.0,-7876.0
DecoLine,14900.0,-7876.0,14904.0,-7872.0
DecoLine,14904.0,-7872.0,14905.0,-7872.0
DecoLine,14905.0,-7872.0,14907.0,-7872.0
DecoLine,14907.0,-7872.0,14910.0,-7873.0
DecoLine,14910.0,-7873.0,14914.0,-7877.0
DecoLine,14914.0,-7877.0,14916.0,-7879.0
DecoLine,14916.0,-7879.0,14919.0,-7881.0
DecoLine,14919.0,-7881.0,14921.0,-7886.0
DecoLine,14921.0,-7886.0,14923.0,-7890.0
DecoLine,14923.0,-7890.0,14923.0,-7894.0
DecoLine,14923.0,-7894.0,14923.0,-7895.0
DecoLine,14923.0,-7895.0,14923.0,-7896.0
DecoLine,14923.0,-7896.0,14923.0,-7896.0
DecoLine,14923.0,-7896.0,14923.0,-7896.0
DecoLine,14015.0,-7777.0,14014.0,-7777.0
DecoLine,14014.0,-7777.0,14012.0,-7777.0
DecoLine,14012.0,-7777.0,14011.0,-7778.0
DecoLine,14011.0,-7778.0,14009.0,-7778.0
DecoLine,14009.0,-7778.0,14006.0,-7778.0
DecoLine,14006.0,-7778.0,14004.0,-7778.0
DecoLine,14004.0,-7778.0,14001.0,-7778.0
DecoLine,14001.0,-7778.0,13999.0,-7778.0
DecoLine,13999.0,-7778.0,13996.0,-7778.0
DecoLine,13996.0,-7778.0,13995.0,-7778.0
DecoLine,13995.0,-7778.0,13995.0,-7778.0
DecoLine,13995.0,-7778.0,13994.0,-7778.0
DecoLine,13994.0,-7778.0,13993.0,-7776.0
DecoLine,13993.0,-7776.0,13993.0,-7773.0
DecoLine,13993.0,-7773.0,13992.0,-7767.0
DecoLine,13992.0,-7767.0,13992.0,-7765.0
DecoLine,13992.0,-7765.0,13994.0,-7760.0
DecoLine,13994.0,-7760.0,13999.0,-7752.0
DecoLine,13999.0,-7752.0,14001.0,-7745.0
DecoLine,14001.0,-7745.0,14002.0,-7744.0
DecoLine,14002.0,-7744.0,14002.0,-7744.0
DecoLine,14002.0,-7744.0,14003.0,-7744.0
DecoLine,14003.0,-7744.0,14009.0,-7747.0
DecoLine,14009.0,-7747.0,14014.0,-7749.0
DecoLine,14014.0,-7749.0,14017.0,-7752.0
DecoLine,14017.0,-7752.0,14020.0,-7754.0
DecoLine,14020.0,-7754.0,14020.0,-7756.0
DecoLine,14020.0,-7756.0,14020.0,-7759.0
DecoLine,14020.0,-7759.0,14020.0,-7762.0
DecoLine,14020.0,-7762.0,14018.0,-7763.0
DecoLine,14018.0,-7763.0,14014.0,-7768.0
DecoLine,14014.0,-7768.0,14011.0,-7771.0
DecoLine,14011.0,-7771.0,14010.0,-7771.0
DecoLine,14010.0,-7771.0,14009.0,-7772.0
DecoLine,14009.0,-7772.0,14008.0,-7772.0
DecoLine,14008.0,-7772.0,14004.0,-7770.0
DecoLine,14004.0,-7770.0,14001.0,-7768.0
DecoLine,14001.0,-7768.0,13998.0,-7767.0
DecoLine,13998.0,-7767.0,13998.0,-7767.0
DecoLine,13998.0,-7767.0,13997.0,-7765.0
DecoLine,13997.0,-7765.0,13995.0,-7760.0
DecoLine,13995.0,-7760.0,13993.0,-7755.0
DecoLine,13993.0,-7755.0,13992.0,-7751.0
DecoLine,13992.0,-7751.0,13992.0,-7750.0
DecoLine,13992.0,-7750.0,13992.0,-7747.0
DecoLine,13992.0,-7747.0,13993.0,-7745.0
DecoLine,13993.0,-7745.0,13993.0,-7744.0
DecoLine,13993.0,-7744.0,13995.0,-7741.0
DecoLine,13995.0,-7741.0,13999.0,-7737.0
DecoLine,13999.0,-7737.0,14007.0,-7731.0
DecoLine,14007.0,-7731.0,14010.0,-7730.0
DecoLine,14010.0,-7730.0,14012.0,-7730.0
DecoLine,14012.0,-7730.0,14013.0,-7730.0
DecoLine,14013.0,-7730.0,14016.0,-7731.0
DecoLine,14016.0,-7731.0,14017.0,-7732.0
DecoLine,14017.0,-7732.0,14020.0,-7735.0
DecoLine,14020.0,-7735.0,14022.0,-7739.0
DecoLine,14022.0,-7739.0,14027.0,-7746.0
DecoLine,14027.0,-7746.0,14028.0,-7750.0
DecoLine,14028.0,-7750.0,14028.0,-7756.0
DecoLine,14028.0,-7756.0,14026.0,-7763.0
DecoLine,14026.0,-7763.0,14023.0,-7770.0
DecoLine,14023.0,-7770.0,14020.0,-7776.0
DecoLine,14020.0,-7776.0,14016.0,-7779.0
DecoLine,14016.0,-7779.0,14015.0,-7780.0
DecoLine,14015.0,-7780.0,14013.0,-7781.0
DecoLine,14013.0,-7781.0,14011.0,-7781.0
DecoLine,14011.0,-7781.0,14009.0,-7781.0
DecoLine,14009.0,-7781.0,14005.0,-7779.0
DecoLine,14005.0,-7779.0,14001.0,-7776.0
DecoLine,14001.0,-7776.0,13998.0,-7773.0
DecoLine,13998.0,-7773.0,13995.0,-7770.0
DecoLine,13995.0,-7770.0,13993.0,-7767.0
DecoLine,13993.0,-7767.0,13990.0,-7762.0
DecoLine,13990.0,-7762.0,13987.0,-7755.0
DecoLine,13987.0,-7755.0,13984.0,-7745.0
DecoLine,13984.0,-7745.0,13982.0,-7738.0
DecoLine,13982.0,-7738.0,13981.0,-7735.0
DecoLine,13981.0,-7735.0,13981.0,-7732.0
DecoLine,13981.0,-7732.0,13981.0,-7729.0
DecoLine,13981.0,-7729.0,13983.0,-7726.0
DecoLine,13983.0,-7726.0,13985.0,-7723.0
DecoLine,13985.0,-7723.0,13987.0,-7721.0
DecoLine,13987.0,-7721.0,13990.0,-7718.0
DecoLine,13990.0,-7718.0,13992.0,-7715.0
DecoLine,13992.0,-7715.0,13995.0,-7714.0
DecoLine,13995.0,-7714.0,13999.0,-7713.0
DecoLine,13999.0,-7713.0,14007.0,-7712.0
DecoLine,14007.0,-7712.0,14010.0,-7712.0
DecoLine,14010.0,-7712.0,14014.0,-7712.0
DecoLine,14014.0,-7712.0,14018.0,-7712.0
DecoLine,14018.0,-7712.0,14020.0,-7713.0
DecoLine,14020.0,-7713.0,14023.0,-7717.0
DecoLine,14023.0,-7717.0,14025.0,-7721.0
DecoLine,14025.0,-7721.0,14033.0,-7738.0
DecoLine,14033.0,-7738.0,14034.0,-7742.0
DecoLine,14034.0,-7742.0,14035.0,-7747.0
DecoLine,14035.0,-7747.0,14035.0,-7751.0
DecoLine,14035.0,-7751.0,14035.0,-7755.0
DecoLine,14035.0,-7755.0,14031.0,-7766.0
DecoLine,14031.0,-7766.0,14027.0,-7774.0
DecoLine,14027.0,-7774.0,14025.0,-7777.0
DecoLine,14025.0,-7777.0,14022.0,-7779.0
DecoLine,14022.0,-7779.0,14020.0,-7780.0
DecoLine,14020.0,-7780.0,14019.0,-7781.0
DecoLine,14019.0,-7781.0,14018.0,-7781.0
DecoLine,14018.0,-7781.0,14012.0,-7777.0
DecoLine,14012.0,-7777.0,14005.0,-7770.0
DecoLine,14005.0,-7770.0,13999.0,-7763.0
DecoLine,13999.0,-7763.0,13996.0,-7760.0
DecoLine,13996.0,-7760.0,13995.0,-7758.0
DecoLine,13995.0,-7758.0,13995.0,-7756.0
DecoLine,13995.0,-7756.0,13994.0,-7752.0
DecoLine,13994.0,-7752.0,13993.0,-7744.0
DecoLine,13993.0,-7744.0,13992.0,-7739.0
DecoLine,13992.0,-7739.0,13992.0,-7736.0
DecoLine,13992.0,-7736.0,13992.0,-7735.0
DecoLine,13992.0,-7735.0,13994.0,-7733.0
DecoLine,13994.0,-7733.0,13996.0,-7730.0
DecoLine,13996.0,-7730.0,14000.0,-7727.0
DecoLine,14000.0,-7727.0,14005.0,-7725.0
DecoLine,14005.0,-7725.0,14011.0,-7725.0
DecoLine,14011.0,-7725.0,14020.0,-7723.0
DecoLine,14020.0,-7723.0,14025.0,-7722.0
DecoLine,14025.0,-7722.0,14027.0,-7722.0
DecoLine,14027.0,-7722.0,14029.0,-7723.0
DecoLine,14029.0,-7723.0,14031.0,-7725.0
DecoLine,14031.0,-7725.0,14034.0,-7731.0
DecoLine,14034.0,-7731.0,14036.0,-7733.0
DecoLine,14036.0,-7733.0,14037.0,-7735.0
DecoLine,14037.0,-7735.0,14037.0,-7739.0
DecoLine,14037.0,-7739.0,14037.0,-7744.0
DecoLine,14037.0,-7744.0,14036.0,-7749.0
DecoLine,14036.0,-7749.0,14034.0,-7754.0
DecoLine,14034.0,-7754.0,14033.0,-7758.0
DecoLine,14033.0,-7758.0,14033.0,-7760.0
DecoLine,14033.0,-7760.0,14031.0,-7761.0
DecoLine,14031.0,-7761.0,14030.0,-7762.0
DecoLine,14030.0,-7762.0,14029.0,-7763.0
DecoLine,14029.0,-7763.0,14026.0,-7763.0
DecoLine,14026.0,-7763.0,14024.0,-7764.0
DecoLine,14024.0,-7764.0,14019.0,-7764.0
DecoLine,14019.0,-7764.0,14015.0,-7764.0
DecoLine,14015.0,-7764.0,14013.0,-7764.0
DecoLine,14013.0,-7764.0,14012.0,-7764.0
DecoLine,14012.0,-7764.0,14011.0,-7764.0
DecoLine,14011.0,-7764.0,14009.0,-7761.0
DecoLine,14009.0,-7761.0,14008.0,-7760.0
DecoLine,14008.0,-7760.0,14007.0,-7759.0
DecoLine,14007.0,-7759.0,14007.0,-7759.0
DecoLine,14007.0,-7759.0,14007.0,-7758.0
DecoLine,14007.0,-7758.0,14007.0,-7758.0
DecoLine,14007.0,-7758.0,14007.0,-7757.0
DecoLine,14007.0,-7757.0,14007.0,-7757.0
DecoLine,14007.0,-7757.0,14007.0,-7756.0
DecoLine,14007.0,-7756.0,14007.0,-7755.0
DecoLine,16060.0,-7993.0,16058.0,-7993.0
DecoLine,16058.0,-7993.0,16057.0,-7993.0
DecoLine,16057.0,-7993.0,16055.0,-7993.0
DecoLine,16055.0,-7993.0,16052.0,-7993.0
DecoLine,16052.0,-7993.0,16046.0,-7991.0
DecoLine,16046.0,-7991.0,16046.0,-7991.0
DecoLine,16046.0,-7991.0,16045.0,-7991.0
DecoLine,16045.0,-7991.0,16044.0,-7990.0
DecoLine,16044.0,-7990.0,16043.0,-7987.0
DecoLine,16043.0,-7987.0,16041.0,-7984.0
DecoLine,16041.0,-7984.0,16039.0,-7980.0
DecoLine,16039.0,-7980.0,16039.0,-7979.0
DecoLine,16039.0,-7979.0,16039.0,-7977.0
DecoLine,16039.0,-7977.0,16039.0,-7976.0
DecoLine,16039.0,-7976.0,16040.0,-7975.0
DecoLine,16040.0,-7975.0,16043.0,-7973.0
DecoLine,16043.0,-7973.0,16049.0,-7972.0
DecoLine,16049.0,-7972.0,16070.0,-7968.0
DecoLine,16070.0,-7968.0,16079.0,-7967.0
DecoLine,16079.0,-7967.0,16084.0,-7968.0
DecoLine,16084.0,-7968.0,16085.0,-7969.0
DecoLine,16085.0,-7969.0,16086.0,-7973.0
DecoLine,16086.0,-7973.0,16086.0,-7975.0
DecoLine,16086.0,-7975.0,16086.0,-7976.0
DecoLine,16086.0,-7976.0,16086.0,-7977.0
DecoLine,16086.0,-7977.0,16085.0,-7978.0
DecoLine,16085.0,-7978.0,16082.0,-7979.0
DecoLine,16082.0,-7979.0,16078.0,-7980.0
DecoLine,16078.0,-7980.0,16075.0,-7979.0
DecoLine,16075.0,-7979.0,16072.0,-7978.0
DecoLine,16072.0,-7978.0,16068.0,-7977.0
DecoLine,16068.0,-7977.0,16068.0,-7977.0
DecoLine,16068.0,-7977.0,16068.0,-7976.0
DecoLine,16068.0,-7976.0,16067.0,-7975.0
DecoLine,16067.0,-7975.0,16067.0,-7973.0
DecoLine,16067.0,-7973.0,16067.0,-7972.0
DecoLine,16067.0,-7972.0,16067.0,-7970.0
DecoLine,16067.0,-7970.0,16066.0,-7968.0
DecoLine,16066.0,-7968.0,16067.0,-7966.0
DecoLine,16067.0,-7966.0,16069.0,-7959.0
DecoLine,16069.0,-7959.0,16073.0,-7952.0
DecoLine,16073.0,-7952.0,16080.0,-7943.0
DecoLine,16080.0,-7943.0,16083.0,-7941.0
DecoLine,16083.0,-7941.0,16085.0,-7940.0
DecoLine,16085.0,-7940.0,16087.0,-7938.0
DecoLine,16087.0,-7938.0,16089.0,-7938.0
DecoLine,16089.0,-7938.0,16090.0,-7938.0
DecoLine,16090.0,-7938.0,16092.0,-7938.0
DecoLine,16092.0,-7938.0,16095.0,-7942.0
DecoLine,16095.0,-7942.0,16097.0,-7945.0
DecoLine,16097.0,-7945.0,16097.0,-7948.0
DecoLine,16097.0,-7948.0,16097.0,-7951.0
DecoLine,16097.0,-7951.0,16095.0,-7953.0
DecoLine,16095.0,-7953.0,16093.0,-7954.0
DecoLine,16093.0,-7954.0,16092.0,-7954.0
DecoLine,16092.0,-7954.0,16092.0,-7954.0
DecoLine,16092.0,-7954.0,16090.0,-7953.0
DecoLine,16090.0,-7953.0,16086.0,-7948.0
DecoLine,16086.0,-7948.0,16083.0,-7945.0
DecoLine,16083.0,-7945.0,16083.0,-7941.0
DecoLine,16083.0,-7941.0,16083.0,-7939.0
DecoLine,16083.0,-7939.0,16087.0,-7936.0
DecoLine,16087.0,-7936.0,16095.0,-7932.0
DecoLine,16095.0,-7932.0,16101.0,-7930.0
DecoLine,16101.0,-7930.0,16118.0,-7926.0
DecoLine,16118.0,-7926.0,16126.0,-7926.0
DecoLine,16126.0,-7926.0,16137.0,-7925.0
DecoLine,16137.0,-7925.0,16144.0,-7924.0
DecoLine,16144.0,-7924.0,16148.0,-7924.0
DecoLine,16148.0,-7924.0,16149.0,-7924.0
DecoLine,16149.0,-7924.0,16150.0,-7925.0
DecoLine,16150.0,-7925.0,16150.0,-7928.0
DecoLine,16150.0,-7928.0,16150.0,-7929.0
DecoLine,16150.0,-7929.0,16149.0,-7930.0
DecoLine,16149.0,-7930.0,16149.0,-7930.0
DecoLine,16149.0,-7930.0,16148.0,-7930.0
DecoLine,16148.0,-7930.0,16148.0,-7930.0
DecoLine,16148.0,-7930.0,16147.0,-7928.0
DecoLine,16147.0,-7928.0,16146.0,-7924.0
DecoLine,16146.0,-7924.0,16145.0,-7918.0
DecoLine,16145.0,-7918.0,16145.0,-7910.0
DecoLine,16145.0,-7910.0,16147.0,-7906.0
DecoLine,16147.0,-7906.0,16150.0,-7905.0
DecoLine,16150.0,-7905.0,16155.0,-7903.0
DecoLine,16155.0,-7903.0,16158.0,-7903.0
DecoLine,16158.0,-7903.0,16159.0,-7903.0
DecoLine,16159.0,-7903.0,16160.0,-7903.0
DecoLine,16160.0,-7903.0,16160.0,-7903.0
PhysicLine,1052.0,532.0,1052.0,532.0
PhysicLine,2007.0,-1319.0,2052.0,-1260.0
PhysicLine,2045.0,-1271.0,2080.0,-1116.0
PhysicLine,2076.0,-1194.0,2082.0,-987.0
PhysicLine,2625.0,-1741.0,2696.0,-1639.0
PhysicLine,2690.0,-1638.0,2934.0,-1549.0
PhysicLine,2107.0,-1758.0,2011.0,-1652.0
PhysicLine,2017.0,-1651.0,1732.0,-1587.0
PhysicLine,2411.0,-3691.0,2427.0,-3711.0
PhysicLine,2441.0,-3724.0,2469.0,-3729.0
PhysicLine,2378.0,-3423.0,2407.0,-3693.0
PhysicLine,2384.0,-3405.0,2417.0,-3735.0
PhysicLine,2370.0,-3584.0,2445.0,-3748.0
PhysicLine,2387.0,-3649.0,2466.0,-3755.0
PhysicLine,2407.0,-3689.0,2479.0,-3749.0
PhysicLine,2422.0,-3711.0,2534.0,-3753.0
PhysicLine,2708.0,-3537.0,2710.0,-3498.0
PhysicLine,2710.0,-3498.0,2724.0,-3550.0
PhysicLine,2724.0,-3550.0,2728.0,-3516.0
PhysicLine,2728.0,-3516.0,2730.0,-3579.0
PhysicLine,2730.0,-3579.0,2752.0,-3495.0
PhysicLine,2752.0,-3495.0,2753.0,-3562.0
PhysicLine,2753.0,-3562.0,2768.0,-3497.0
PhysicLine,2768.0,-3497.0,2770.0,-3570.0
PhysicLine,2770.0,-3570.0,2787.0,-3507.0
PhysicLine,2787.0,-3507.0,2796.0,-3563.0
PhysicLine,2796.0,-3563.0,2810.0,-3499.0
PhysicLine,2680.0,-3465.0,2687.0,-3554.0
PhysicLine,2687.0,-3554.0,2697.0,-3492.0
PhysicLine,2697.0,-3492.0,2707.0,-3538.0
PhysicLine,4435.0,-4085.0,4999.0,-4650.0
DecoLine,14584.0,-7933.0,14598.0,-7913.0
DecoLine,14598.0,-7913.0,14600.0,-7937.0
DecoLine,14598.0,-7913.0,14601.0,-7894.0
PhysicLine,11820.0,-6674.0,12901.0,-6659.0
PhysicLine,12733.0,-7568.0,12838.0,-7548.0
PhysicLine,16723.0,-8180.0,16735.0,-8680.0
DecoLine,16614.0,-8170.0,16613.0,-8152.0
DecoLine,16613.0,-8152.0,16720.0,-8157.0
DecoLine,16720.0,-8157.0,16721.0,-8180.0
DecoLine,16707.0,-8157.0,16708.0,-8176.0
DecoLine,16693.0,-8156.0,16693.0,-8173.0
DecoLine,16677.0,-8172.0,16677.0,-8155.0
DecoLine,16661.0,-8154.0,16661.0,-8172.0
DecoLine,16645.0,-8169.0,16644.0,-8153.0
DecoLine,16629.0,-8154.0,16630.0,-8172.0
DecoLine,16952.0,-8080.0,16952.0,-8080.0
PhysicLine,16856.0,-8290.0,16936.0,-8195.0
PhysicLine,16936.0,-8195.0,17588.0,-8211.0
PhysicLine,17589.0,-8211.0,17701.0,-8299.0
PhysicLine,16857.0,-8289.0,17700.0,-8304.0
PhysicLine,16877.0,-8289.0,16873.0,-8672.0
PhysicLine,17676.0,-8304.0,17697.0,-8687.0
PhysicLine,16920.0,-8345.0,16920.0,-8378.0
PhysicLine,16920.0,-8378.0,17250.0,-8384.0
PhysicLine,16921.0,-8345.0,17250.0,-8354.0
PhysicLine,17250.0,-8354.0,17251.0,-8381.0
PhysicLine,17283.0,-8354.0,17287.0,-8387.0
PhysicLine,17285.0,-8387.0,17634.0,-8388.0
PhysicLine,17635.0,-8388.0,17632.0,-8356.0
PhysicLine,17632.0,-8356.0,17632.0,-8356.0
PhysicLine,17632.0,-8356.0,17286.0,-8352.0
PhysicLine,16953.0,-8366.0,16982.0,-8350.0
PhysicLine,16991.0,-8378.0,17017.0,-8364.0
PhysicLine,17121.0,-8370.0,17149.0,-8355.0
PhysicLine,17324.0,-8369.0,17350.0,-8357.0
PhysicLine,17396.0,-8380.0,17420.0,-8370.0
PhysicLine,17509.0,-8377.0,17541.0,-8359.0
PhysicLine,17591.0,-8381.0,17608.0,-8372.0
PhysicLine,16969.0,-8198.0,16904.0,-8287.0
DecoLine,17007.0,-8200.0,16948.0,-8284.0
DecoLine,17044.0,-8202.0,16985.0,-8287.0
DecoLine,17070.0,-8201.0,17024.0,-8290.0
DecoLine,17103.0,-8205.0,17064.0,-8283.0
DecoLine,17147.0,-8202.0,17110.0,-8291.0
DecoLine,17183.0,-8205.0,17154.0,-8289.0
DecoLine,17214.0,-8209.0,17188.0,-8287.0
DecoLine,17242.0,-8210.0,17224.0,-8289.0
DecoLine,17275.0,-8211.0,17268.0,-8290.0
DecoLine,17307.0,-8210.0,17303.0,-8288.0
DecoLine,17334.0,-8213.0,17335.0,-8289.0
DecoLine,17355.0,-8215.0,17358.0,-8291.0
DecoLine,17377.0,-8215.0,17389.0,-8289.0
DecoLine,17406.0,-8215.0,17420.0,-8285.0
DecoLine,17432.0,-8215.0,17452.0,-8292.0
DecoLine,17460.0,-8214.0,17481.0,-8289.0
DecoLine,17491.0,-8218.0,17513.0,-8292.0
DecoLine,17525.0,-8220.0,17553.0,-8289.0
DecoLine,17553.0,-8217.0,17590.0,-8291.0
DecoLine,17578.0,-8219.0,17637.0,-8288.0
DecoLine,17637.0,-8288.0,17638.0,-8289.0
DecoLine,16735.0,-8675.0,16876.0,-8675.0
DecoLine,16875.0,-8673.0,17904.0,-8692.0
DecoLine,16920.0,-8415.0,16922.0,-8451.0
DecoLine,16920.0,-8415.0,17248.0,-8417.0
DecoLine,17248.0,-8416.0,17251.0,-8502.0
DecoLine,17251.0,-8502.0,17135.0,-8502.0
DecoLine,17135.0,-8502.0,17134.0,-8453.0
DecoLine,17133.0,-8453.0,16927.0,-8450.0
DecoLine,17284.0,-8419.0,17285.0,-8452.0
DecoLine,17285.0,-8418.0,17633.0,-8418.0
DecoLine,17284.0,-8452.0,17284.0,-8495.0
DecoLine,17283.0,-8496.0,17363.0,-8496.0
DecoLine,17363.0,-8496.0,17362.0,-8456.0
DecoLine,17362.0,-8456.0,17635.0,-8455.0
DecoLine,17633.0,-8422.0,17635.0,-8457.0
DecoLine,17595.0,-8452.0,17605.0,-8443.0
DecoLine,17529.0,-8446.0,17557.0,-8425.0
DecoLine,17309.0,-8447.0,17353.0,-8424.0
DecoLine,17303.0,-8491.0,17404.0,-8432.0
DecoLine,17409.0,-8429.0,17397.0,-8433.0
DecoLine,17451.0,-8447.0,17465.0,-8433.0
DecoLine,17152.0,-8477.0,17204.0,-8441.0
DecoLine,17201.0,-8508.0,17249.0,-8477.0
DecoLine,16984.0,-8439.0,17019.0,-8428.0
DecoLine,17072.0,-8446.0,17109.0,-8425.0
DecoLine,17518.0,-8678.0,17516.0,-8608.0
DecoLine,17516.0,-8608.0,17621.0,-8609.0
DecoLine,17621.0,-8609.0,17622.0,-8677.0
DecoLine,17571.0,-8683.0,17566.0,-8610.0
DecoLine,17558.0,-8650.0,17559.0,-8652.0
DecoLine,17578.0,-8649.0,17578.0,-8653.0
DecoLine,16921.0,-8631.0,16921.0,-8582.0
DecoLine,16921.0,-8582.0,17058.0,-8587.0
DecoLine,17058.0,-8587.0,17059.0,-8635.0
DecoLine,17058.0,-8636.0,16923.0,-8630.0
DecoLine,17182.0,-8586.0,17182.0,-8629.0
DecoLine,17181.0,-8629.0,17327.0,-8632.0
DecoLine,17327.0,-8632.0,17324.0,-8587.0
DecoLine,17324.0,-8587.0,17186.0,-8583.0
DecoLine,17196.0,-8600.0,17215.0,-8584.0
DecoLine,17213.0,-8627.0,17236.0,-8603.0
DecoLine,17285.0,-8624.0,17313.0,-8600.0
DecoLine,16921.0,-8621.0,16960.0,-8589.0
DecoLine,16970.0,-8630.0,17008.0,-8598.0
DecoLine,17057.0,-8597.0,17040.0,-8617.0
DecoLine,17421.0,-8682.0,17429.0,-8662.0
DecoLine,17429.0,-8660.0,17437.0,-8665.0
DecoLine,17437.0,-8666.0,17434.0,-8673.0
DecoLine,17429.0,-8661.0,17430.0,-8643.0
DecoLine,17905.0,-8692.0,17903.0,-8663.0
DecoLine,17903.0,-8663.0,17826.0,-8661.0
DecoLine,17826.0,-8661.0,17826.0,-8686.0
DecoLine,17848.0,-8667.0,17849.0,-8685.0
DecoLine,17868.0,-8668.0,17868.0,-8685.0
DecoLine,17885.0,-8668.0,17885.0,-8684.0
PhysicLine,17906.0,-8692.0,17921.0,-9201.0
PhysicLine,17697.0,-8689.0,17906.0,-8692.0
PhysicLine,17921.0,-9199.0,18050.0,-9589.0
DecoLine,17938.0,-9278.0,17953.0,-9240.0
DecoLine,17953.0,-9240.0,17972.0,-9292.0
DecoLine,17972.0,-9303.0,17987.0,-9287.0
DecoLine,17992.0,-9273.0,18007.0,-9443.0
DecoLine,18009.0,-9442.0,18008.0,-9439.0
DecoLine,18008.0,-9437.0,18015.0,-9338.0
DecoLine,18016.0,-9340.0,18046.0,-9488.0
DecoLine,18036.0,-9491.0,18066.0,-9426.0
DecoLine,18066.0,-9426.0,18091.0,-9611.0
DecoLine,18087.0,-9614.0,18111.0,-9560.0
DecoLine,18112.0,-9557.0,18126.0,-9698.0
DecoLine,17919.0,-9164.0,17919.0,-9164.0
PhysicLine,18049.0,-9581.0,18122.0,-9696.0
PhysicLine,18027.0,-9532.0,18070.0,-9618.0
PhysicLine,18092.0,-9655.0,18256.0,-9769.0
PhysicLine,18196.0,-9754.0,19094.0,-9876.0
PhysicLine,19036.0,-9878.0,19050.0,-9876.0
PhysicLine,19059.0,-9872.0,19563.0,-9892.0
DecoLine,2434.0,-3423.0,2434.0,-3423.0
DecoLine,2434.0,-3423.0,2434.0,-3424.0
DecoLine,2434.0,-3424.0,2436.0,-3429.0
DecoLine,2436.0,-3429.0,2436.0,-3432.0
DecoLine,2436.0,-3432.0,2438.0,-3441.0
DecoLine,2438.0,-3441.0,2440.0,-3448.0
DecoLine,2440.0,-3448.0,2441.0,-3455.0
DecoLine,2441.0,-3455.0,2443.0,-3461.0
DecoLine,2443.0,-3461.0,2445.0,-3466.0
DecoLine,2445.0,-3466.0,2448.0,-3472.0
DecoLine,2448.0,-3472.0,2449.0,-3474.0
DecoLine,2449.0,-3474.0,2451.0,-3479.0
DecoLine,2451.0,-3479.0,2455.0,-3485.0
DecoLine,2455.0,-3485.0,2455.0,-3487.0
DecoLine,2455.0,-3487.0,2457.0,-3490.0
DecoLine,2457.0,-3490.0,2462.0,-3496.0
DecoLine,2462.0,-3496.0,2465.0,-3501.0
DecoLine,2465.0,-3501.0,2469.0,-3506.0
DecoLine,2469.0,-3506.0,2473.0,-3511.0
DecoLine,2473.0,-3511.0,2478.0,-3515.0
DecoLine,2478.0,-3515.0,2481.0,-3518.0
DecoLine,2481.0,-3518.0,2482.0,-3519.0
DecoLine,2482.0,-3519.0,2486.0,-3522.0
DecoLine,2486.0,-3522.0,2488.0,-3522.0
DecoLine,2488.0,-3522.0,2492.0,-3525.0
DecoLine,2492.0,-3525.0,2496.0,-3526.0
DecoLine,2496.0,-3526.0,2500.0,-3528.0
DecoLine,2500.0,-3528.0,2504.0,-3529.0
DecoLine,2504.0,-3529.0,2508.0,-3531.0
DecoLine,2508.0,-3531.0,2511.0,-3532.0
DecoLine,2511.0,-3532.0,2515.0,-3533.0
DecoLine,2515.0,-3533.0,2516.0,-3533.0
DecoLine,2516.0,-3533.0,2519.0,-3533.0
DecoLine,2519.0,-3533.0,2521.0,-3533.0
DecoLine,2521.0,-3533.0,2524.0,-3533.0
DecoLine,2524.0,-3533.0,2527.0,-3533.0
DecoLine,2527.0,-3533.0,2531.0,-3533.0
DecoLine,2531.0,-3533.0,2534.0,-3533.0
DecoLine,2534.0,-3533.0,2537.0,-3532.0
DecoLine,2537.0,-3532.0,2539.0,-3532.0
DecoLine,2539.0,-3532.0,2541.0,-3531.0
DecoLine,2541.0,-3531.0,2544.0,-3530.0
DecoLine,2544.0,-3530.0,2546.0,-3530.0
DecoLine,2546.0,-3530.0,2547.0,-3529.0
DecoLine,2547.0,-3529.0,2552.0,-3528.0
DecoLine,2552.0,-3528.0,2554.0,-3527.0
DecoLine,2554.0,-3527.0,2556.0,-3526.0
DecoLine,2556.0,-3526.0,2558.0,-3526.0
DecoLine,2558.0,-3526.0,2559.0,-3525.0
DecoLine,2559.0,-3525.0,2561.0,-3524.0
DecoLine,2561.0,-3524.0,2562.0,-3523.0
DecoLine,2562.0,-3523.0,2564.0,-3522.0
DecoLine,2564.0,-3522.0,2566.0,-3520.0
DecoLine,2566.0,-3520.0,2567.0,-3520.0
DecoLine,2567.0,-3520.0,2568.0,-3518.0
DecoLine,2568.0,-3518.0,2570.0,-3517.0
DecoLine,2570.0,-3517.0,2573.0,-3515.0
DecoLine,2573.0,-3515.0,2575.0,-3514.0
DecoLine,2575.0,-3514.0,2577.0,-3512.0
DecoLine,2577.0,-3512.0,2579.0,-3511.0
DecoLine,2579.0,-3511.0,2580.0,-3510.0
DecoLine,2580.0,-3510.0,2582.0,-3508.0
DecoLine,2582.0,-3508.0,2583.0,-3508.0
DecoLine,2583.0,-3508.0,2584.0,-3506.0
DecoLine,2584.0,-3506.0,2586.0,-3505.0
DecoLine,2586.0,-3505.0,2586.0,-3505.0
DecoLine,2586.0,-3505.0,2588.0,-3504.0
DecoLine,2588.0,-3504.0,2589.0,-3503.0
DecoLine,2589.0,-3503.0,2590.0,-3502.0
DecoLine,2590.0,-3502.0,2591.0,-3501.0
DecoLine,2591.0,-3501.0,2592.0,-3499.0
DecoLine,2592.0,-3499.0,2594.0,-3498.0
DecoLine,2594.0,-3498.0,2595.0,-3497.0
DecoLine,2595.0,-3497.0,2596.0,-3495.0
DecoLine,2596.0,-3495.0,2597.0,-3495.0
DecoLine,2597.0,-3495.0,2599.0,-3493.0
DecoLine,2599.0,-3493.0,2599.0,-3492.0
DecoLine,2599.0,-3492.0,2601.0,-3491.0
DecoLine,2601.0,-3491.0,2602.0,-3490.0
DecoLine,2602.0,-3490.0,2603.0,-3490.0
DecoLine,2603.0,-3490.0,2603.0,-3489.0
DecoLine,2603.0,-3489.0,2604.0,-3488.0
DecoLine,2604.0,-3488.0,2605.0,-3487.0
DecoLine,2605.0,-3487.0,2605.0,-3487.0
DecoLine,2605.0,-3487.0,2606.0,-3486.0
DecoLine,2606.0,-3486.0,2607.0,-3485.0
DecoLine,2607.0,-3485.0,2607.0,-3484.0
DecoLine,2607.0,-3484.0,2608.0,-3483.0
DecoLine,2608.0,-3483.0,2609.0,-3482.0
DecoLine,2609.0,-3482.0,2609.0,-3482.0
DecoLine,2609.0,-3482.0,2610.0,-3481.0
DecoLine,2610.0,-3481.0,2610.0,-3481.0
DecoLine,2610.0,-3481.0,2610.0,-3480.0
DecoLine,2610.0,-3480.0,2611.0,-3480.0
DecoLine,2611.0,-3480.0,2611.0,-3479.0
DecoLine,2611.0,-3479.0,2611.0,-3478.0
DecoLine,2611.0,-3478.0,2612.0,-3477.0
DecoLine,2612.0,-3477.0,2613.0,-3475.0
DecoLine,2613.0,-3475.0,2613.0,-3475.0
DecoLine,2613.0,-3475.0,2614.0,-3473.0
DecoLine,2614.0,-3473.0,2615.0,-3471.0
DecoLine,2615.0,-3471.0,2616.0,-3470.0
DecoLine,2616.0,-3470.0,2616.0,-3468.0
DecoLine,2616.0,-3468.0,2617.0,-3467.0
DecoLine,2617.0,-3467.0,2618.0,-3466.0
DecoLine,2618.0,-3466.0,2618.0,-3465.0
DecoLine,2618.0,-3465.0,2619.0,-3464.0
DecoLine,2619.0,-3464.0,2619.0,-3463.0
DecoLine,2619.0,-3463.0,2620.0,-3461.0
DecoLine,2620.0,-3461.0,2620.0,-3461.0
DecoLine,2620.0,-3461.0,2621.0,-3460.0
DecoLine,2621.0,-3460.0,2621.0,-3459.0
DecoLine,2621.0,-3459.0,2621.0,-3457.0
DecoLine,2621.0,-3457.0,2622.0,-3456.0
DecoLine,2622.0,-3456.0,2623.0,-3454.0
DecoLine,2623.0,-3454.0,2623.0,-3453.0
DecoLine,2623.0,-3453.0,2624.0,-3452.0
DecoLine,2624.0,-3452.0,2625.0,-3451.0
DecoLine,2625.0,-3451.0,2625.0,-3449.0
DecoLine,2625.0,-3449.0,2626.0,-3448.0
DecoLine,2626.0,-3448.0,2626.0,-3448.0
DecoLine,2626.0,-3448.0,2627.0,-3447.0
DecoLine,2627.0,-3447.0,2627.0,-3447.0
DecoLine,2627.0,-3447.0,2627.0,-3446.0
DecoLine,2627.0,-3446.0,2628.0,-3445.0
DecoLine,2628.0,-3445.0,2628.0,-3444.0
DecoLine,2628.0,-3444.0,2628.0,-3444.0
DecoLine,2628.0,-3444.0,2629.0,-3443.0
DecoLine,2629.0,-3443.0,2629.0,-3442.0
DecoLine,2629.0,-3442.0,2629.0,-3442.0
DecoLine,2629.0,-3442.0,2629.0,-3441.0
DecoLine,2629.0,-3441.0,2629.0,-3441.0
DecoLine,2629.0,-3441.0,2629.0,-3440.0
DecoLine,2629.0,-3440.0,2629.0,-3440.0
DecoLine,2629.0,-3440.0,2629.0,-3440.0
DecoLine,2629.0,-3440.0,2629.0,-3440.0
DecoLine,4425.0,-4078.0,4425.0,-4078.0
DecoLine,4425.0,-4078.0,4424.0,-4078.0
DecoLine,4424.0,-4078.0,4424.0,-4078.0
DecoLine,4424.0,-4078.0,4424.0,-4078.0
DecoLine,4424.0,-4078.0,4423.0,-4078.0
DecoLine,4423.0,-4078.0,4422.0,-4078.0
DecoLine,4422.0,-4078.0,4421.0,-4078.0
DecoLine,4421.0,-4078.0,4421.0,-4078.0
DecoLine,4421.0,-4078.0,4420.0,-4078.0
DecoLine,4420.0,-4078.0,4420.0,-4078.0
DecoLine,4420.0,-4078.0,4420.0,-4078.0
DecoLine,4420.0,-4078.0,4419.0,-4077.0
DecoLine,4419.0,-4077.0,4419.0,-4077.0
DecoLine,4419.0,-4077.0,4419.0,-4077.0
DecoLine,4419.0,-4077.0,4418.0,-4077.0
DecoLine,4418.0,-4077.0,4418.0,-4077.0
DecoLine,4418.0,-4077.0,4418.0,-4077.0
DecoLine,4418.0,-4077.0,4418.0,-4077.0
DecoLine,4418.0,-4077.0,4417.0,-4077.0
DecoLine,4417.0,-4077.0,4417.0,-4077.0
DecoLine,4417.0,-4077.0,4417.0,-4076.0
DecoLine,4417.0,-4076.0,4417.0,-4076.0
DecoLine,4417.0,-4076.0,4417.0,-4076.0
DecoLine,4417.0,-4076.0,4417.0,-4075.0
DecoLine,4417.0,-4075.0,4417.0,-4075.0
DecoLine,4417.0,-4075.0,4417.0,-4075.0
DecoLine,4417.0,-4075.0,4417.0,-4075.0
DecoLine,4417.0,-4075.0,4417.0,-4075.0
DecoLine,4417.0,-4075.0,4417.0,-4075.0
DecoLine,4417.0,-4075.0,4417.0,-4076.0
DecoLine,4417.0,-4076.0,4417.0,-4076.0
DecoLine,4417.0,-4076.0,4417.0,-4076.0
DecoLine,4417.0,-4076.0,4417.0,-4076.0
DecoLine,4417.0,-4076.0,4417.0,-4076.0
DecoLine,4417.0,-4076.0,4417.0,-4076.0
DecoLine,4417.0,-4076.0,4417.0,-4076.0
DecoLine,4425.0,-4079.0,4425.0,-4078.0
DecoLine,4425.0,-4078.0,4425.0,-4076.0
DecoLine,4425.0,-4076.0,4425.0,-4073.0
DecoLine,4425.0,-4073.0,4425.0,-4070.0
DecoLine,4425.0,-4070.0,4425.0,-4067.0
DecoLine,4425.0,-4067.0,4425.0,-4065.0
DecoLine,4425.0,-4065.0,4425.0,-4064.0
DecoLine,4425.0,-4064.0,4425.0,-4062.0
DecoLine,4425.0,-4062.0,4426.0,-4060.0
DecoLine,4426.0,-4060.0,4426.0,-4058.0
DecoLine,4426.0,-4058.0,4427.0,-4056.0
DecoLine,4427.0,-4056.0,4427.0,-4056.0
DecoLine,4427.0,-4056.0,4427.0,-4055.0
DecoLine,4427.0,-4055.0,4427.0,-4055.0
DecoLine,4427.0,-4055.0,4428.0,-4054.0
DecoLine,4428.0,-4054.0,4428.0,-4052.0
DecoLine,4428.0,-4052.0,4429.0,-4049.0
DecoLine,4429.0,-4049.0,4429.0,-4048.0
DecoLine,4429.0,-4048.0,4430.0,-4047.0
DecoLine,4430.0,-4047.0,4430.0,-4047.0
DecoLine,4430.0,-4047.0,4430.0,-4047.0
DecoLine,4430.0,-4047.0,4431.0,-4047.0
DecoLine,4431.0,-4047.0,4431.0,-4047.0
DecoLine,4431.0,-4047.0,4431.0,-4046.0
DecoLine,4431.0,-4046.0,4432.0,-4046.0
DecoLine,4432.0,-4046.0,4432.0,-4046.0
DecoLine,4432.0,-4046.0,4433.0,-4046.0
DecoLine,4433.0,-4046.0,4433.0,-4046.0
DecoLine,4433.0,-4046.0,4434.0,-4046.0
DecoLine,4434.0,-4046.0,4434.0,-4046.0
DecoLine,4434.0,-4046.0,4435.0,-4046.0
DecoLine,4435.0,-4046.0,4435.0,-4046.0
DecoLine,4435.0,-4046.0,4436.0,-4046.0
DecoLine,4436.0,-4046.0,4437.0,-4046.0
DecoLine,4437.0,-4046.0,4438.0,-4046.0
DecoLine,4438.0,-4046.0,4439.0,-4046.0
DecoLine,4439.0,-4046.0,4439.0,-4046.0
DecoLine,4439.0,-4046.0,4440.0,-4046.0
DecoLine,4440.0,-4046.0,4440.0,-4046.0
DecoLine,4440.0,-4046.0,4440.0,-4046.0
DecoLine,4440.0,-4046.0,4441.0,-4046.0
DecoLine,4441.0,-4046.0,4441.0,-4046.0
DecoLine,4441.0,-4046.0,4442.0,-4046.0
DecoLine,4442.0,-4046.0,4442.0,-4047.0
DecoLine,4442.0,-4047.0,4442.0,-4047.0
DecoLine,4442.0,-4047.0,4442.0,-4048.0
DecoLine,4442.0,-4048.0,4442.0,-4048.0
DecoLine,4442.0,-4048.0,4442.0,-4049.0
DecoLine,4442.0,-4049.0,4442.0,-4050.0
DecoLine,4442.0,-4050.0,4442.0,-4051.0
DecoLine,4442.0,-4051.0,4442.0,-4051.0
DecoLine,4442.0,-4051.0,4442.0,-4052.0
DecoLine,4442.0,-4052.0,4442.0,-4053.0
DecoLine,4442.0,-4053.0,4442.0,-4054.0
DecoLine,4442.0,-4054.0,4442.0,-4054.0
DecoLine,4442.0,-4054.0,4442.0,-4055.0
DecoLine,4442.0,-4055.0,4442.0,-4056.0
DecoLine,4442.0,-4056.0,4442.0,-4057.0
DecoLine,4442.0,-4057.0,4442.0,-4058.0
DecoLine,4442.0,-4058.0,4442.0,-4059.0
DecoLine,4442.0,-4059.0,4442.0,-4059.0
DecoLine,4442.0,-4059.0,4442.0,-4060.0
DecoLine,4442.0,-4060.0,4442.0,-4060.0
DecoLine,4442.0,-4060.0,4442.0,-4061.0
DecoLine,4442.0,-4061.0,4442.0,-4061.0
DecoLine,4442.0,-4061.0,4442.0,-4062.0
DecoLine,4442.0,-4062.0,4442.0,-4063.0
DecoLine,4442.0,-4063.0,4442.0,-4063.0
DecoLine,4442.0,-4063.0,4442.0,-4064.0
DecoLine,4442.0,-4064.0,4442.0,-4064.0
DecoLine,4442.0,-4064.0,4442.0,-4065.0
DecoLine,4442.0,-4065.0,4442.0,-4065.0
DecoLine,4442.0,-4065.0,4442.0,-4066.0
DecoLine,4442.0,-4066.0,4442.0,-4067.0
DecoLine,4442.0,-4067.0,4442.0,-4067.0
DecoLine,4442.0,-4067.0,4442.0,-4068.0
DecoLine,4442.0,-4068.0,4442.0,-4068.0
DecoLine,4442.0,-4068.0,4442.0,-4069.0
DecoLine,4442.0,-4069.0,4442.0,-4070.0
DecoLine,4442.0,-4070.0,4442.0,-4071.0
DecoLine,4442.0,-4071.0,4442.0,-4073.0
DecoLine,4442.0,-4073.0,4442.0,-4074.0
DecoLine,4442.0,-4074.0,4442.0,-4075.0
DecoLine,4442.0,-4075.0,4442.0,-4075.0
DecoLine,4442.0,-4075.0,4442.0,-4076.0
DecoLine,4442.0,-4076.0,4442.0,-4078.0
DecoLine,4442.0,-4078.0,4442.0,-4080.0
DecoLine,4442.0,-4080.0,4442.0,-4082.0
DecoLine,4442.0,-4082.0,4442.0,-4084.0
DecoLine,4442.0,-4084.0,4442.0,-4085.0
DecoLine,4442.0,-4085.0,4442.0,-4086.0
DecoLine,4442.0,-4086.0,4442.0,-4086.0
DecoLine,4449.0,-4092.0,4449.0,-4091.0
DecoLine,4449.0,-4091.0,4449.0,-4089.0
DecoLine,4449.0,-4089.0,4449.0,-4087.0
DecoLine,4449.0,-4087.0,4450.0,-4083.0
DecoLine,4450.0,-4083.0,4450.0,-4083.0
DecoLine,4450.0,-4083.0,4450.0,-4081.0
DecoLine,4450.0,-4081.0,4450.0,-4081.0
DecoLine,4450.0,-4081.0,4450.0,-4081.0
DecoLine,4450.0,-4081.0,4450.0,-4080.0
DecoLine,4450.0,-4080.0,4450.0,-4080.0
DecoLine,4450.0,-4080.0,4450.0,-4080.0
DecoLine,4450.0,-4080.0,4451.0,-4080.0
DecoLine,4451.0,-4080.0,4451.0,-4079.0
DecoLine,4451.0,-4079.0,4451.0,-4078.0
DecoLine,4451.0,-4078.0,4451.0,-4077.0
DecoLine,4451.0,-4077.0,4451.0,-4077.0
DecoLine,4451.0,-4077.0,4451.0,-4075.0
DecoLine,4451.0,-4075.0,4451.0,-4074.0
DecoLine,4451.0,-4074.0,4451.0,-4073.0
DecoLine,4451.0,-4073.0,4451.0,-4072.0
DecoLine,4451.0,-4072.0,4451.0,-4072.0
DecoLine,4451.0,-4072.0,4451.0,-4072.0
DecoLine,4451.0,-4072.0,4451.0,-4072.0
DecoLine,4451.0,-4072.0,4451.0,-4071.0
DecoLine,4451.0,-4071.0,4451.0,-4071.0
DecoLine,4451.0,-4071.0,4451.0,-4071.0
DecoLine,4451.0,-4071.0,4451.0,-4070.0
DecoLine,4451.0,-4070.0,4451.0,-4069.0
DecoLine,4451.0,-4069.0,4451.0,-4066.0
DecoLine,4451.0,-4066.0,4451.0,-4064.0
DecoLine,4451.0,-4064.0,4451.0,-4062.0
DecoLine,4451.0,-4062.0,4451.0,-4061.0
DecoLine,4451.0,-4061.0,4451.0,-4060.0
DecoLine,4451.0,-4060.0,4451.0,-4060.0
DecoLine,4451.0,-4060.0,4451.0,-4060.0
DecoLine,4451.0,-4060.0,4451.0,-4060.0
DecoLine,4451.0,-4060.0,4451.0,-4059.0
DecoLine,4451.0,-4059.0,4451.0,-4059.0
DecoLine,4451.0,-4059.0,4451.0,-4056.0
DecoLine,4451.0,-4056.0,4450.0,-4052.0
DecoLine,4450.0,-4052.0,4450.0,-4050.0
DecoLine,4450.0,-4050.0,4450.0,-4049.0
DecoLine,4450.0,-4049.0,4450.0,-4048.0
DecoLine,4450.0,-4048.0,4450.0,-4048.0
DecoLine,4450.0,-4048.0,4450.0,-4048.0
DecoLine,4450.0,-4048.0,4449.0,-4048.0
DecoLine,4449.0,-4048.0,4449.0,-4047.0
DecoLine,4449.0,-4047.0,4449.0,-4047.0
DecoLine,4449.0,-4047.0,4449.0,-4047.0
DecoLine,4449.0,-4047.0,4448.0,-4047.0
DecoLine,4448.0,-4047.0,4448.0,-4047.0
DecoLine,4448.0,-4047.0,4448.0,-4047.0
DecoLine,4448.0,-4047.0,4448.0,-4046.0
DecoLine,4448.0,-4046.0,4447.0,-4046.0
DecoLine,4447.0,-4046.0,4446.0,-4044.0
DecoLine,4446.0,-4044.0,4446.0,-4044.0
DecoLine,4446.0,-4044.0,4446.0,-4043.0
DecoLine,4446.0,-4043.0,4446.0,-4043.0
DecoLine,4446.0,-4043.0,4446.0,-4043.0
DecoLine,4446.0,-4043.0,4446.0,-4042.0
DecoLine,4446.0,-4042.0,4446.0,-4042.0
DecoLine,4446.0,-4042.0,4446.0,-4042.0
DecoLine,4446.0,-4042.0,4446.0,-4042.0
DecoLine,4446.0,-4042.0,4446.0,-4042.0
DecoLine,4446.0,-4042.0,4446.0,-4041.0
DecoLine,4446.0,-4041.0,4445.0,-4041.0
DecoLine,4445.0,-4041.0,4445.0,-4041.0
DecoLine,4445.0,-4041.0,4445.0,-4041.0
DecoLine,4445.0,-4041.0,4444.0,-4040.0
DecoLine,4444.0,-4040.0,4443.0,-4038.0
DecoLine,4443.0,-4038.0,4442.0,-4037.0
DecoLine,4442.0,-4037.0,4441.0,-4036.0
DecoLine,4441.0,-4036.0,4440.0,-4035.0
DecoLine,4440.0,-4035.0,4440.0,-4034.0
DecoLine,4440.0,-4034.0,4439.0,-4034.0
DecoLine,4439.0,-4034.0,4439.0,-4034.0
DecoLine,4439.0,-4034.0,4439.0,-4034.0
DecoLine,4439.0,-4034.0,4439.0,-4034.0
DecoLine,4439.0,-4034.0,4438.0,-4034.0
DecoLine,4438.0,-4034.0,4438.0,-4034.0
DecoLine,4438.0,-4034.0,4438.0,-4034.0
DecoLine,4438.0,-4034.0,4437.0,-4034.0
DecoLine,4437.0,-4034.0,4436.0,-4033.0
DecoLine,4436.0,-4033.0,4436.0,-4033.0
DecoLine,4436.0,-4033.0,4435.0,-4033.0
DecoLine,4435.0,-4033.0,4435.0,-4033.0
DecoLine,4435.0,-4033.0,4435.0,-4032.0
DecoLine,4435.0,-4032.0,4435.0,-4032.0
DecoLine,4435.0,-4032.0,4435.0,-4032.0
DecoLine,4435.0,-4032.0,4434.0,-4032.0
DecoLine,4434.0,-4032.0,4434.0,-4031.0
DecoLine,4434.0,-4031.0,4433.0,-4031.0
DecoLine,4433.0,-4031.0,4432.0,-4031.0
DecoLine,4432.0,-4031.0,4432.0,-4031.0
DecoLine,4432.0,-4031.0,4432.0,-4031.0
DecoLine,4432.0,-4031.0,4431.0,-4030.0
DecoLine,4431.0,-4030.0,4430.0,-4030.0
DecoLine,4430.0,-4030.0,4430.0,-4029.0
DecoLine,4430.0,-4029.0,4429.0,-4029.0
DecoLine,4429.0,-4029.0,4429.0,-4029.0
DecoLine,4429.0,-4029.0,4429.0,-4029.0
DecoLine,4429.0,-4029.0,4429.0,-4029.0
DecoLine,4429.0,-4029.0,4428.0,-4029.0
DecoLine,4428.0,-4029.0,4428.0,-4029.0
DecoLine,4428.0,-4029.0,4428.0,-4029.0
DecoLine,4428.0,-4029.0,4427.0,-4029.0
DecoLine,4427.0,-4029.0,4427.0,-4029.0
DecoLine,4427.0,-4029.0,4427.0,-4029.0
DecoLine,4427.0,-4029.0,4427.0,-4029.0
DecoLine,4427.0,-4029.0,4427.0,-4030.0
DecoLine,4427.0,-4030.0,4426.0,-4030.0
DecoLine,4426.0,-4030.0,4426.0,-4030.0
DecoLine,4426.0,-4030.0,4426.0,-4030.0
DecoLine,4426.0,-4030.0,4426.0,-4030.0
DecoLine,4426.0,-4030.0,4425.0,-4031.0
DecoLine,4425.0,-4031.0,4425.0,-4031.0
DecoLine,4425.0,-4031.0,4425.0,-4031.0
DecoLine,4425.0,-4031.0,4425.0,-4031.0
DecoLine,4425.0,-4031.0,4425.0,-4032.0
DecoLine,4425.0,-4032.0,4425.0,-4032.0
DecoLine,4425.0,-4032.0,4424.0,-4032.0
DecoLine,4424.0,-4032.0,4424.0,-4032.0
DecoLine,4424.0,-4032.0,4424.0,-4033.0
DecoLine,4424.0,-4033.0,4424.0,-4033.0
DecoLine,4424.0,-4033.0,4423.0,-4033.0
DecoLine,4423.0,-4033.0,4423.0,-4034.0
DecoLine,4423.0,-4034.0,4423.0,-4034.0
DecoLine,4423.0,-4034.0,4423.0,-4034.0
DecoLine,4423.0,-4034.0,4423.0,-4035.0
DecoLine,4423.0,-4035.0,4423.0,-4035.0
DecoLine,4423.0,-4035.0,4422.0,-4036.0
DecoLine,4422.0,-4036.0,4422.0,-4036.0
DecoLine,4422.0,-4036.0,4422.0,-4036.0
DecoLine,4422.0,-4036.0,4422.0,-4037.0
DecoLine,4422.0,-4037.0,4422.0,-4037.0
DecoLine,4422.0,-4037.0,4422.0,-4037.0
DecoLine,4422.0,-4037.0,4421.0,-4038.0
DecoLine,4421.0,-4038.0,4421.0,-4038.0
DecoLine,4421.0,-4038.0,4421.0,-4038.0
DecoLine,4421.0,-4038.0,4421.0,-4039.0
DecoLine,4421.0,-4039.0,4421.0,-4039.0
DecoLine,4421.0,-4039.0,4421.0,-4040.0
DecoLine,4421.0,-4040.0,4421.0,-4040.0
DecoLine,4421.0,-4040.0,4421.0,-4040.0
DecoLine,4421.0,-4040.0,4421.0,-4041.0
DecoLine,4421.0,-4041.0,4421.0,-4041.0
DecoLine,4421.0,-4041.0,4421.0,-4042.0
DecoLine,4421.0,-4042.0,4421.0,-4042.0
DecoLine,4421.0,-4042.0,4421.0,-4042.0
DecoLine,4421.0,-4042.0,4421.0,-4043.0
DecoLine,4421.0,-4043.0,4421.0,-4043.0
DecoLine,4421.0,-4043.0,4421.0,-4044.0
DecoLine,4421.0,-4044.0,4421.0,-4044.0
DecoLine,4421.0,-4044.0,4421.0,-4044.0
DecoLine,4421.0,-4044.0,4421.0,-4045.0
DecoLine,4421.0,-4045.0,4421.0,-4045.0
DecoLine,4421.0,-4045.0,4421.0,-4046.0
DecoLine,4421.0,-4046.0,4420.0,-4047.0
DecoLine,4420.0,-4047.0,4420.0,-4047.0
DecoLine,4420.0,-4047.0,4420.0,-4047.0
DecoLine,4420.0,-4047.0,4420.0,-4047.0
DecoLine,4420.0,-4047.0,4420.0,-4048.0
DecoLine,4420.0,-4048.0,4420.0,-4048.0
DecoLine,4420.0,-4048.0,4420.0,-4048.0
DecoLine,4420.0,-4048.0,4420.0,-4049.0
DecoLine,4420.0,-4049.0,4420.0,-4049.0
DecoLine,4420.0,-4049.0,4420.0,-4049.0
DecoLine,4420.0,-4049.0,4420.0,-4049.0
DecoLine,4420.0,-4049.0,4419.0,-4049.0
DecoLine,4419.0,-4049.0,4419.0,-4050.0
DecoLine,4419.0,-4050.0,4419.0,-4050.0
DecoLine,4419.0,-4050.0,4419.0,-4051.0
DecoLine,4419.0,-4051.0,4419.0,-4051.0
DecoLine,4419.0,-4051.0,4419.0,-4051.0
DecoLine,4419.0,-4051.0,4419.0,-4052.0
DecoLine,4419.0,-4052.0,4419.0,-4052.0
DecoLine,4419.0,-4052.0,4419.0,-4052.0
DecoLine,4419.0,-4052.0,4419.0,-4053.0
DecoLine,4419.0,-4053.0,4419.0,-4053.0
DecoLine,4419.0,-4053.0,4419.0,-4053.0
DecoLine,4419.0,-4053.0,4419.0,-4053.0
DecoLine,4419.0,-4053.0,4419.0,-4054.0
DecoLine,4419.0,-4054.0,4419.0,-4054.0
DecoLine,4419.0,-4054.0,4419.0,-4054.0
DecoLine,4419.0,-4054.0,4419.0,-4054.0
DecoLine,4419.0,-4054.0,4419.0,-4055.0
DecoLine,4419.0,-4055.0,4419.0,-4055.0
DecoLine,4419.0,-4055.0,4419.0,-4056.0
DecoLine,4419.0,-4056.0,4419.0,-4056.0
DecoLine,4419.0,-4056.0,4419.0,-4057.0
DecoLine,4419.0,-4057.0,4419.0,-4058.0
DecoLine,4419.0,-4058.0,4419.0,-4059.0
DecoLine,4419.0,-4059.0,4419.0,-4060.0
DecoLine,4419.0,-4060.0,4418.0,-4061.0
DecoLine,4418.0,-4061.0,4418.0,-4062.0
DecoLine,4418.0,-4062.0,4418.0,-4062.0
DecoLine,4418.0,-4062.0,4418.0,-4062.0
DecoLine,4418.0,-4062.0,4418.0,-4063.0
DecoLine,4418.0,-4063.0,4418.0,-4063.0
DecoLine,4418.0,-4063.0,4417.0,-4063.0
DecoLine,4417.0,-4063.0,4417.0,-4064.0
DecoLine,4417.0,-4064.0,4417.0,-4064.0
DecoLine,4417.0,-4064.0,4417.0,-4064.0
DecoLine,4417.0,-4064.0,4417.0,-4064.0
DecoLine,4417.0,-4064.0,4417.0,-4065.0
DecoLine,4417.0,-4065.0,4417.0,-4065.0
DecoLine,4417.0,-4065.0,4417.0,-4065.0
DecoLine,4417.0,-4065.0,4417.0,-4065.0
DecoLine,4417.0,-4065.0,4417.0,-4066.0
DecoLine,4417.0,-4066.0,4417.0,-4066.0
DecoLine,4417.0,-4066.0,4417.0,-4066.0
DecoLine,4417.0,-4066.0,4417.0,-4067.0
DecoLine,4417.0,-4067.0,4417.0,-4068.0
DecoLine,4417.0,-4068.0,4417.0,-4069.0
DecoLine,4417.0,-4069.0,4417.0,-4070.0
DecoLine,4417.0,-4070.0,4417.0,-4070.0
DecoLine,4417.0,-4070.0,4417.0,-4070.0
DecoLine,4417.0,-4070.0,4417.0,-4071.0
DecoLine,4417.0,-4071.0,4417.0,-4071.0
DecoLine,4417.0,-4071.0,4417.0,-4071.0
DecoLine,4417.0,-4071.0,4417.0,-4072.0
DecoLine,4417.0,-4072.0,4417.0,-4072.0
DecoLine,4417.0,-4072.0,4417.0,-4072.0
DecoLine,4417.0,-4072.0,4417.0,-4072.0
DecoLine,4417.0,-4072.0,4417.0,-4073.0
DecoLine,4417.0,-4073.0,4417.0,-4073.0
DecoLine,4417.0,-4073.0,4417.0,-4073.0
DecoLine,4417.0,-4073.0,4417.0,-4073.0
DecoLine,4417.0,-4073.0,4417.0,-4073.0
DecoLine,4417.0,-4073.0,4417.0,-4074.0
DecoLine,4417.0,-4074.0,4417.0,-4074.0
DecoLine,4417.0,-4074.0,4417.0,-4074.0
DecoLine,4417.0,-4074.0,4417.0,-4074.0
DecoLine,4417.0,-4074.0,4417.0,-4074.0
DecoLine,4417.0,-4074.0,4417.0,-4074.0
PhysicLine,8985.0,-6299.0,8985.0,-6299.0
PhysicLine,8974.0,-6309.0,8974.0,-6309.0
PhysicLine,8974.0,-6310.0,8974.0,-6310.0
PhysicLine,8974.0,-6311.0,8974.0,-6311.0
PhysicLine,8975.0,-6312.0,8975.0,-6312.0
PhysicLine,8976.0,-6313.0,8976.0,-6313.0
PhysicLine,8977.0,-6314.0,8977.0,-6314.0
PhysicLine,8977.0,-6314.0,8977.0,-6314.0
PhysicLine,8978.0,-6315.0,8978.0,-6315.0
PhysicLine,8978.0,-6315.0,8978.0,-6315.0
PhysicLine,8978.0,-6315.0,8978.0,-6315.0
DecoLine,9247.0,-6310.0,9247.0,-6310.0
DecoLine,9247.0,-6310.0,9247.0,-6310.0
DecoLine,9247.0,-6310.0,9245.0,-6310.0
DecoLine,9245.0,-6310.0,9241.0,-6310.0
DecoLine,9241.0,-6310.0,9236.0,-6310.0
DecoLine,9236.0,-6310.0,9230.0,-6310.0
DecoLine,9230.0,-6310.0,9225.0,-6310.0
DecoLine,9225.0,-6310.0,9217.0,-6310.0
DecoLine,9217.0,-6310.0,9210.0,-6310.0
DecoLine,9210.0,-6310.0,9199.0,-6310.0
DecoLine,9199.0,-6310.0,9191.0,-6310.0
DecoLine,9191.0,-6310.0,9183.0,-6310.0
DecoLine,9183.0,-6310.0,9173.0,-6310.0
DecoLine,9173.0,-6310.0,9170.0,-6311.0
DecoLine,9170.0,-6311.0,9158.0,-6312.0
DecoLine,9158.0,-6312.0,9151.0,-6313.0
DecoLine,9151.0,-6313.0,9142.0,-6314.0
DecoLine,9142.0,-6314.0,9133.0,-6316.0
DecoLine,9133.0,-6316.0,9125.0,-6318.0
DecoLine,9125.0,-6318.0,9118.0,-6320.0
DecoLine,9118.0,-6320.0,9113.0,-6322.0
DecoLine,9113.0,-6322.0,9106.0,-6324.0
DecoLine,9106.0,-6324.0,9100.0,-6326.0
DecoLine,9100.0,-6326.0,9092.0,-6329.0
DecoLine,9092.0,-6329.0,9086.0,-6333.0
DecoLine,9086.0,-6333.0,9083.0,-6335.0
DecoLine,9083.0,-6335.0,9081.0,-6337.0
DecoLine,9081.0,-6337.0,9079.0,-6340.0
DecoLine,9079.0,-6340.0,9077.0,-6342.0
DecoLine,9077.0,-6342.0,9076.0,-6344.0
DecoLine,9076.0,-6344.0,9075.0,-6345.0
DecoLine,9075.0,-6345.0,9074.0,-6347.0
DecoLine,9074.0,-6347.0,9074.0,-6349.0
DecoLine,9074.0,-6349.0,9072.0,-6351.0
DecoLine,9072.0,-6351.0,9070.0,-6355.0
DecoLine,9070.0,-6355.0,9070.0,-6356.0
DecoLine,9070.0,-6356.0,9070.0,-6357.0
DecoLine,9070.0,-6357.0,9070.0,-6357.0
DecoLine,9070.0,-6357.0,9070.0,-6357.0
DecoLine,9070.0,-6357.0,9071.0,-6357.0
DecoLine,9071.0,-6357.0,9074.0,-6357.0
DecoLine,9074.0,-6357.0,9076.0,-6358.0
DecoLine,9076.0,-6358.0,9079.0,-6359.0
DecoLine,9079.0,-6359.0,9081.0,-6359.0
DecoLine,9081.0,-6359.0,9086.0,-6361.0
DecoLine,9086.0,-6361.0,9091.0,-6362.0
DecoLine,9091.0,-6362.0,9096.0,-6362.0
DecoLine,9096.0,-6362.0,9103.0,-6363.0
DecoLine,9103.0,-6363.0,9109.0,-6363.0
DecoLine,9109.0,-6363.0,9117.0,-6363.0
DecoLine,9117.0,-6363.0,9122.0,-6363.0
DecoLine,9122.0,-6363.0,9125.0,-6363.0
DecoLine,9125.0,-6363.0,9130.0,-6363.0
DecoLine,9130.0,-6363.0,9136.0,-6363.0
DecoLine,9136.0,-6363.0,9142.0,-6363.0
DecoLine,9142.0,-6363.0,9150.0,-6362.0
DecoLine,9150.0,-6362.0,9156.0,-6362.0
DecoLine,9156.0,-6362.0,9163.0,-6361.0
DecoLine,9163.0,-6361.0,9168.0,-6361.0
DecoLine,9168.0,-6361.0,9174.0,-6360.0
DecoLine,9174.0,-6360.0,9180.0,-6360.0
DecoLine,9180.0,-6360.0,9186.0,-6360.0
DecoLine,9186.0,-6360.0,9188.0,-6360.0
DecoLine,9188.0,-6360.0,9194.0,-6360.0
DecoLine,9194.0,-6360.0,9202.0,-6360.0
DecoLine,9202.0,-6360.0,9207.0,-6360.0
DecoLine,9207.0,-6360.0,9212.0,-6360.0
DecoLine,9212.0,-6360.0,9216.0,-6361.0
DecoLine,9216.0,-6361.0,9221.0,-6362.0
DecoLine,9221.0,-6362.0,9226.0,-6364.0
DecoLine,9226.0,-6364.0,9229.0,-6366.0
DecoLine,9229.0,-6366.0,9232.0,-6367.0
DecoLine,9232.0,-6367.0,9235.0,-6369.0
DecoLine,9235.0,-6369.0,9237.0,-6371.0
DecoLine,9237.0,-6371.0,9239.0,-6373.0
DecoLine,9239.0,-6373.0,9240.0,-6375.0
DecoLine,9240.0,-6375.0,9240.0,-6376.0
DecoLine,9240.0,-6376.0,9241.0,-6377.0
DecoLine,9241.0,-6377.0,9241.0,-6379.0
DecoLine,9241.0,-6379.0,9241.0,-6381.0
DecoLine,9241.0,-6381.0,9242.0,-6384.0
DecoLine,9242.0,-6384.0,9243.0,-6387.0
DecoLine,9243.0,-6387.0,9243.0,-6388.0
DecoLine,9243.0,-6388.0,9243.0,-6390.0
DecoLine,9243.0,-6390.0,9243.0,-6390.0
DecoLine,9243.0,-6390.0,9243.0,-6391.0
DecoLine,9243.0,-6391.0,9243.0,-6391.0
DecoLine,9243.0,-6391.0,9242.0,-6392.0
DecoLine,9242.0,-6392.0,9242.0,-6393.0
DecoLine,9242.0,-6393.0,9241.0,-6394.0
DecoLine,9241.0,-6394.0,9240.0,-6394.0
DecoLine,9240.0,-6394.0,9239.0,-6395.0
DecoLine,9239.0,-6395.0,9238.0,-6396.0
DecoLine,9238.0,-6396.0,9237.0,-6396.0
DecoLine,9237.0,-6396.0,9236.0,-6396.0
DecoLine,9236.0,-6396.0,9234.0,-6397.0
DecoLine,9234.0,-6397.0,9232.0,-6397.0
DecoLine,9232.0,-6397.0,9229.0,-6397.0
DecoLine,9229.0,-6397.0,9228.0,-6397.0
DecoLine,9228.0,-6397.0,9226.0,-6398.0
DecoLine,9226.0,-6398.0,9223.0,-6398.0
DecoLine,9223.0,-6398.0,9219.0,-6400.0
DecoLine,9219.0,-6400.0,9215.0,-6401.0
DecoLine,9215.0,-6401.0,9207.0,-6404.0
DecoLine,9207.0,-6404.0,9201.0,-6406.0
DecoLine,9201.0,-6406.0,9197.0,-6407.0
DecoLine,9197.0,-6407.0,9189.0,-6408.0
DecoLine,9189.0,-6408.0,9185.0,-6409.0
DecoLine,9185.0,-6409.0,9182.0,-6410.0
DecoLine,9182.0,-6410.0,9177.0,-6410.0
DecoLine,9177.0,-6410.0,9172.0,-6411.0
DecoLine,9172.0,-6411.0,9167.0,-6412.0
DecoLine,9167.0,-6412.0,9162.0,-6412.0
DecoLine,9162.0,-6412.0,9158.0,-6412.0
DecoLine,9158.0,-6412.0,9154.0,-6412.0
DecoLine,9154.0,-6412.0,9148.0,-6413.0
DecoLine,9148.0,-6413.0,9141.0,-6414.0
DecoLine,9141.0,-6414.0,9132.0,-6415.0
DecoLine,9132.0,-6415.0,9127.0,-6416.0
DecoLine,9127.0,-6416.0,9121.0,-6417.0
DecoLine,9121.0,-6417.0,9115.0,-6418.0
DecoLine,9115.0,-6418.0,9110.0,-6419.0
DecoLine,9110.0,-6419.0,9106.0,-6420.0
DecoLine,9106.0,-6420.0,9101.0,-6420.0
DecoLine,9101.0,-6420.0,9095.0,-6421.0
DecoLine,9095.0,-6421.0,9090.0,-6422.0
DecoLine,9090.0,-6422.0,9089.0,-6422.0
DecoLine,9089.0,-6422.0,9083.0,-6423.0
DecoLine,9083.0,-6423.0,9081.0,-6423.0
DecoLine,9081.0,-6423.0,9078.0,-6423.0
DecoLine,9078.0,-6423.0,9074.0,-6423.0
DecoLine,9074.0,-6423.0,9070.0,-6424.0
DecoLine,9070.0,-6424.0,9066.0,-6424.0
DecoLine,9066.0,-6424.0,9062.0,-6425.0
DecoLine,9062.0,-6425.0,9060.0,-6425.0
DecoLine,9060.0,-6425.0,9059.0,-6425.0
DecoLine,9059.0,-6425.0,9058.0,-6425.0
DecoLine,9058.0,-6425.0,9057.0,-6425.0
DecoLine,9057.0,-6425.0,9055.0,-6425.0
DecoLine,9055.0,-6425.0,9054.0,-6424.0
DecoLine,9054.0,-6424.0,9054.0,-6424.0
DecoLine,9054.0,-6424.0,9053.0,-6424.0
DecoLine,9053.0,-6424.0,9052.0,-6423.0
DecoLine,9052.0,-6423.0,9052.0,-6423.0
DecoLine,9052.0,-6423.0,9051.0,-6423.0
DecoLine,9051.0,-6423.0,9051.0,-6423.0
DecoLine,9051.0,-6423.0,9050.0,-6422.0
DecoLine,9050.0,-6422.0,9050.0,-6422.0
DecoLine,9050.0,-6422.0,9050.0,-6422.0
DecoLine,9050.0,-6422.0,9049.0,-6422.0
DecoLine,9049.0,-6422.0,9049.0,-6422.0
DecoLine,9049.0,-6422.0,9049.0,-6422.0
DecoLine,9049.0,-6422.0,9048.0,-6421.0
DecoLine,9048.0,-6421.0,9048.0,-6421.0
DecoLine,9048.0,-6421.0,9048.0,-6421.0
DecoLine,9048.0,-6421.0,9048.0,-6421.0
DecoLine,9048.0,-6421.0,9048.0,-6421.0
DecoLine,9048.0,-6421.0,9048.0,-6420.0
DecoLine,9048.0,-6420.0,9048.0,-6420.0
DecoLine,9048.0,-6420.0,9048.0,-6419.0
DecoLine,9048.0,-6419.0,9049.0,-6418.0
DecoLine,9049.0,-6418.0,9049.0,-6417.0
DecoLine,9049.0,-6417.0,9050.0,-6415.0
DecoLine,9050.0,-6415.0,9050.0,-6413.0
DecoLine,9050.0,-6413.0,9050.0,-6412.0
DecoLine,9050.0,-6412.0,9050.0,-6410.0
DecoLine,9050.0,-6410.0,9050.0,-6410.0
DecoLine,9050.0,-6410.0,9050.0,-6408.0
DecoLine,9050.0,-6408.0,9050.0,-6407.0
DecoLine,9050.0,-6407.0,9050.0,-6407.0
DecoLine,9050.0,-6407.0,9050.0,-6406.0
DecoLine,9050.0,-6406.0,9051.0,-6406.0
DecoLine,9051.0,-6406.0,9051.0,-6405.0
DecoLine,9051.0,-6405.0,9051.0,-6405.0
DecoLine,9051.0,-6405.0,9051.0,-6404.0
DecoLine,9051.0,-6404.0,9052.0,-6404.0
DecoLine,9052.0,-6404.0,9053.0,-6404.0
DecoLine,9053.0,-6404.0,9054.0,-6404.0
DecoLine,9054.0,-6404.0,9055.0,-6404.0
DecoLine,9055.0,-6404.0,9057.0,-6404.0
DecoLine,9057.0,-6404.0,9058.0,-6404.0
DecoLine,9058.0,-6404.0,9060.0,-6404.0
DecoLine,9060.0,-6404.0,9062.0,-6405.0
DecoLine,9062.0,-6405.0,9065.0,-6405.0
DecoLine,9065.0,-6405.0,9069.0,-6405.0
DecoLine,9069.0,-6405.0,9072.0,-6405.0
DecoLine,9072.0,-6405.0,9074.0,-6405.0
DecoLine,9074.0,-6405.0,9078.0,-6405.0
DecoLine,9078.0,-6405.0,9082.0,-6405.0
DecoLine,9082.0,-6405.0,9085.0,-6405.0
DecoLine,9085.0,-6405.0,9087.0,-6405.0
DecoLine,9087.0,-6405.0,9091.0,-6404.0
DecoLine,9091.0,-6404.0,9095.0,-6404.0
DecoLine,9095.0,-6404.0,9101.0,-6403.0
DecoLine,9101.0,-6403.0,9104.0,-6403.0
DecoLine,9104.0,-6403.0,9107.0,-6402.0
DecoLine,9107.0,-6402.0,9109.0,-6402.0
DecoLine,9109.0,-6402.0,9111.0,-6402.0
DecoLine,9111.0,-6402.0,9114.0,-6402.0
DecoLine,9114.0,-6402.0,9116.0,-6402.0
DecoLine,9116.0,-6402.0,9119.0,-6402.0
DecoLine,9119.0,-6402.0,9121.0,-6402.0
DecoLine,9121.0,-6402.0,9123.0,-6401.0
DecoLine,9123.0,-6401.0,9126.0,-6401.0
DecoLine,9126.0,-6401.0,9129.0,-6401.0
DecoLine,9129.0,-6401.0,9132.0,-6401.0
DecoLine,9132.0,-6401.0,9135.0,-6401.0
DecoLine,9135.0,-6401.0,9138.0,-6400.0
DecoLine,9138.0,-6400.0,9142.0,-6400.0
DecoLine,9142.0,-6400.0,9147.0,-6400.0
DecoLine,9147.0,-6400.0,9151.0,-6399.0
DecoLine,9151.0,-6399.0,9157.0,-6399.0
DecoLine,9157.0,-6399.0,9161.0,-6399.0
DecoLine,9161.0,-6399.0,9166.0,-6398.0
DecoLine,9166.0,-6398.0,9169.0,-6398.0
DecoLine,9169.0,-6398.0,9173.0,-6398.0
DecoLine,9173.0,-6398.0,9174.0,-6397.0
DecoLine,9174.0,-6397.0,9175.0,-6397.0
DecoLine,9175.0,-6397.0,9179.0,-6397.0
DecoLine,9179.0,-6397.0,9184.0,-6395.0
DecoLine,9184.0,-6395.0,9187.0,-6395.0
DecoLine,9187.0,-6395.0,9190.0,-6394.0
DecoLine,9190.0,-6394.0,9192.0,-6393.0
DecoLine,9192.0,-6393.0,9194.0,-6392.0
DecoLine,9194.0,-6392.0,9195.0,-6392.0
DecoLine,9195.0,-6392.0,9198.0,-6390.0
DecoLine,9198.0,-6390.0,9199.0,-6389.0
DecoLine,9199.0,-6389.0,9200.0,-6388.0
DecoLine,9200.0,-6388.0,9201.0,-6387.0
DecoLine,9201.0,-6387.0,9202.0,-6386.0
DecoLine,9202.0,-6386.0,9202.0,-6386.0
DecoLine,9202.0,-6386.0,9202.0,-6386.0
DecoLine,9202.0,-6386.0,9202.0,-6385.0
DecoLine,9202.0,-6385.0,9202.0,-6384.0
DecoLine,9202.0,-6384.0,9202.0,-6383.0
DecoLine,9202.0,-6383.0,9202.0,-6381.0
DecoLine,9202.0,-6381.0,9201.0,-6381.0
DecoLine,9201.0,-6381.0,9201.0,-6380.0
DecoLine,9201.0,-6380.0,9200.0,-6380.0
DecoLine,9200.0,-6380.0,9198.0,-6379.0
DecoLine,9198.0,-6379.0,9197.0,-6379.0
DecoLine,9197.0,-6379.0,9197.0,-6379.0
DecoLine,9197.0,-6379.0,9196.0,-6379.0
DecoLine,9196.0,-6379.0,9195.0,-6378.0
DecoLine,9195.0,-6378.0,9194.0,-6378.0
DecoLine,9194.0,-6378.0,9192.0,-6378.0
DecoLine,9192.0,-6378.0,9190.0,-6378.0
DecoLine,9190.0,-6378.0,9188.0,-6378.0
DecoLine,9188.0,-6378.0,9186.0,-6377.0
DecoLine,9186.0,-6377.0,9183.0,-6377.0
DecoLine,9183.0,-6377.0,9181.0,-6376.0
DecoLine,9181.0,-6376.0,9180.0,-6376.0
DecoLine,9180.0,-6376.0,9177.0,-6376.0
DecoLine,9177.0,-6376.0,9174.0,-6376.0
DecoLine,9174.0,-6376.0,9171.0,-6376.0
DecoLine,9171.0,-6376.0,9167.0,-6376.0
DecoLine,9167.0,-6376.0,9162.0,-6376.0
DecoLine,9162.0,-6376.0,9158.0,-6375.0
DecoLine,9158.0,-6375.0,9154.0,-6375.0
DecoLine,9154.0,-6375.0,9150.0,-6375.0
DecoLine,9150.0,-6375.0,9144.0,-6375.0
DecoLine,9144.0,-6375.0,9138.0,-6375.0
DecoLine,9138.0,-6375.0,9125.0,-6375.0
DecoLine,9125.0,-6375.0,9120.0,-6375.0
DecoLine,9120.0,-6375.0,9115.0,-6375.0
DecoLine,9115.0,-6375.0,9110.0,-6375.0
DecoLine,9110.0,-6375.0,9106.0,-6376.0
DecoLine,9106.0,-6376.0,9101.0,-6376.0
DecoLine,9101.0,-6376.0,9094.0,-6376.0
DecoLine,9094.0,-6376.0,9089.0,-6376.0
DecoLine,9089.0,-6376.0,9085.0,-6376.0
DecoLine,9085.0,-6376.0,9081.0,-6375.0
DecoLine,9081.0,-6375.0,9077.0,-6375.0
DecoLine,9077.0,-6375.0,9074.0,-6375.0
DecoLine,9074.0,-6375.0,9071.0,-6375.0
DecoLine,9071.0,-6375.0,9067.0,-6374.0
DecoLine,9067.0,-6374.0,9064.0,-6374.0
DecoLine,9064.0,-6374.0,9061.0,-6373.0
DecoLine,9061.0,-6373.0,9057.0,-6372.0
DecoLine,9057.0,-6372.0,9054.0,-6371.0
DecoLine,9054.0,-6371.0,9052.0,-6370.0
DecoLine,9052.0,-6370.0,9050.0,-6369.0
DecoLine,9050.0,-6369.0,9049.0,-6369.0
DecoLine,9049.0,-6369.0,9048.0,-6368.0
DecoLine,9048.0,-6368.0,9047.0,-6367.0
DecoLine,9047.0,-6367.0,9046.0,-6366.0
DecoLine,9046.0,-6366.0,9045.0,-6364.0
DecoLine,9045.0,-6364.0,9044.0,-6363.0
DecoLine,9044.0,-6363.0,9044.0,-6361.0
DecoLine,9044.0,-6361.0,9044.0,-6361.0
DecoLine,9044.0,-6361.0,9043.0,-6359.0
DecoLine,9043.0,-6359.0,9043.0,-6359.0
DecoLine,9043.0,-6359.0,9043.0,-6358.0
DecoLine,9043.0,-6358.0,9043.0,-6357.0
DecoLine,9043.0,-6357.0,9043.0,-6356.0
DecoLine,9043.0,-6356.0,9043.0,-6355.0
DecoLine,9043.0,-6355.0,9043.0,-6354.0
DecoLine,9043.0,-6354.0,9043.0,-6353.0
DecoLine,9043.0,-6353.0,9044.0,-6353.0
DecoLine,9044.0,-6353.0,9044.0,-6352.0
DecoLine,9044.0,-6352.0,9044.0,-6351.0
DecoLine,9044.0,-6351.0,9045.0,-6351.0
DecoLine,9045.0,-6351.0,9045.0,-6350.0
DecoLine,9045.0,-6350.0,9045.0,-6349.0
DecoLine,9045.0,-6349.0,9046.0,-6349.0
DecoLine,9046.0,-6349.0,9046.0,-6349.0
DecoLine,9046.0,-6349.0,9046.0,-6348.0
DecoLine,9046.0,-6348.0,9046.0,-6348.0
DecoLine,9046.0,-6348.0,9047.0,-6348.0
DecoLine,9047.0,-6348.0,9047.0,-6347.0
DecoLine,9047.0,-6347.0,9048.0,-6347.0
DecoLine,9048.0,-6347.0,9048.0,-6346.0
DecoLine,9048.0,-6346.0,9048.0,-6346.0
DecoLine,9048.0,-6346.0,9049.0,-6345.0
DecoLine,9049.0,-6345.0,9049.0,-6343.0
DecoLine,9049.0,-6343.0,9050.0,-6342.0
DecoLine,9050.0,-6342.0,9050.0,-6342.0
DecoLine,9050.0,-6342.0,9050.0,-6341.0
DecoLine,9050.0,-6341.0,9051.0,-6341.0
DecoLine,9051.0,-6341.0,9051.0,-6340.0
DecoLine,9051.0,-6340.0,9051.0,-6339.0
DecoLine,9051.0,-6339.0,9052.0,-6336.0
DecoLine,9052.0,-6336.0,9053.0,-6336.0
DecoLine,9053.0,-6336.0,9053.0,-6335.0
DecoLine,9053.0,-6335.0,9053.0,-6335.0
DecoLine,9053.0,-6335.0,9054.0,-6335.0
DecoLine,9054.0,-6335.0,9054.0,-6335.0
DecoLine,9054.0,-6335.0,9055.0,-6335.0
DecoLine,9055.0,-6335.0,9055.0,-6334.0
DecoLine,9055.0,-6334.0,9056.0,-6334.0
DecoLine,9056.0,-6334.0,9057.0,-6334.0
DecoLine,9057.0,-6334.0,9057.0,-6333.0
DecoLine,9057.0,-6333.0,9058.0,-6333.0
DecoLine,9058.0,-6333.0,9058.0,-6333.0
DecoLine,9058.0,-6333.0,9059.0,-6333.0
DecoLine,9059.0,-6333.0,9059.0,-6332.0
DecoLine,9059.0,-6332.0,9059.0,-6332.0
DecoLine,9059.0,-6332.0,9060.0,-6332.0
DecoLine,9060.0,-6332.0,9060.0,-6331.0
DecoLine,9060.0,-6331.0,9061.0,-6330.0
DecoLine,9061.0,-6330.0,9062.0,-6330.0
DecoLine,9062.0,-6330.0,9062.0,-6330.0
DecoLine,9062.0,-6330.0,9063.0,-6329.0
DecoLine,9063.0,-6329.0,9063.0,-6329.0
DecoLine,9063.0,-6329.0,9063.0,-6329.0
DecoLine,9063.0,-6329.0,9064.0,-6328.0
DecoLine,9064.0,-6328.0,9064.0,-6328.0
DecoLine,9064.0,-6328.0,9064.0,-6327.0
DecoLine,9064.0,-6327.0,9065.0,-6327.0
DecoLine,9065.0,-6327.0,9065.0,-6327.0
DecoLine,9065.0,-6327.0,9066.0,-6326.0
DecoLine,9066.0,-6326.0,9066.0,-6325.0
DecoLine,9066.0,-6325.0,9068.0,-6324.0
DecoLine,9068.0,-6324.0,9068.0,-6323.0
DecoLine,9068.0,-6323.0,9069.0,-6322.0
DecoLine,9069.0,-6322.0,9071.0,-6321.0
DecoLine,9071.0,-6321.0,9071.0,-6321.0
DecoLine,9071.0,-6321.0,9072.0,-6320.0
DecoLine,9072.0,-6320.0,9073.0,-6319.0
DecoLine,9073.0,-6319.0,9075.0,-6318.0
DecoLine,9075.0,-6318.0,9076.0,-6318.0
DecoLine,9076.0,-6318.0,9077.0,-6317.0
DecoLine,9077.0,-6317.0,9078.0,-6317.0
DecoLine,9078.0,-6317.0,9080.0,-6316.0
DecoLine,9080.0,-6316.0,9080.0,-6316.0
DecoLine,9080.0,-6316.0,9081.0,-6315.0
DecoLine,9081.0,-6315.0,9081.0,-6315.0
DecoLine,9081.0,-6315.0,9082.0,-6315.0
DecoLine,9082.0,-6315.0,9082.0,-6314.0
DecoLine,9082.0,-6314.0,9083.0,-6314.0
DecoLine,9083.0,-6314.0,9085.0,-6313.0
DecoLine,9085.0,-6313.0,9087.0,-6312.0
DecoLine,9087.0,-6312.0,9088.0,-6311.0
DecoLine,9088.0,-6311.0,9090.0,-6311.0
DecoLine,9090.0,-6311.0,9091.0,-6310.0
DecoLine,9091.0,-6310.0,9093.0,-6309.0
DecoLine,9093.0,-6309.0,9094.0,-6309.0
DecoLine,9094.0,-6309.0,9096.0,-6308.0
DecoLine,9096.0,-6308.0,9097.0,-6308.0
DecoLine,9097.0,-6308.0,9099.0,-6307.0
DecoLine,9099.0,-6307.0,9100.0,-6307.0
DecoLine,9100.0,-6307.0,9102.0,-6306.0
DecoLine,9102.0,-6306.0,9104.0,-6306.0
DecoLine,9104.0,-6306.0,9106.0,-6305.0
DecoLine,9106.0,-6305.0,9109.0,-6304.0
DecoLine,9109.0,-6304.0,9111.0,-6303.0
DecoLine,9111.0,-6303.0,9114.0,-6302.0
DecoLine,9114.0,-6302.0,9117.0,-6300.0
DecoLine,9117.0,-6300.0,9120.0,-6299.0
DecoLine,9120.0,-6299.0,9123.0,-6298.0
DecoLine,9123.0,-6298.0,9125.0,-6297.0
DecoLine,9125.0,-6297.0,9128.0,-6297.0
DecoLine,9128.0,-6297.0,9130.0,-6296.0
DecoLine,9130.0,-6296.0,9133.0,-6296.0
DecoLine,9133.0,-6296.0,9135.0,-6295.0
DecoLine,9135.0,-6295.0,9138.0,-6294.0
DecoLine,9138.0,-6294.0,9140.0,-6293.0
DecoLine,9140.0,-6293.0,9142.0,-6292.0
DecoLine,9142.0,-6292.0,9143.0,-6292.0
DecoLine,9143.0,-6292.0,9144.0,-6292.0
DecoLine,9144.0,-6292.0,9147.0,-6291.0
DecoLine,9147.0,-6291.0,9151.0,-6291.0
DecoLine,9151.0,-6291.0,9155.0,-6290.0
DecoLine,9155.0,-6290.0,9159.0,-6290.0
DecoLine,9159.0,-6290.0,9163.0,-6290.0
DecoLine,9163.0,-6290.0,9168.0,-6290.0
DecoLine,9168.0,-6290.0,9170.0,-6290.0
DecoLine,9170.0,-6290.0,9173.0,-6290.0
DecoLine,9173.0,-6290.0,9177.0,-6290.0
DecoLine,9177.0,-6290.0,9181.0,-6290.0
DecoLine,9181.0,-6290.0,9186.0,-6290.0
DecoLine,9186.0,-6290.0,9189.0,-6290.0
DecoLine,9189.0,-6290.0,9194.0,-6290.0
DecoLine,9194.0,-6290.0,9198.0,-6290.0
DecoLine,9198.0,-6290.0,9202.0,-6290.0
DecoLine,9202.0,-6290.0,9205.0,-6290.0
DecoLine,9205.0,-6290.0,9208.0,-6290.0
DecoLine,9208.0,-6290.0,9210.0,-6291.0
DecoLine,9210.0,-6291.0,9212.0,-6291.0
DecoLine,9212.0,-6291.0,9214.0,-6291.0
DecoLine,9214.0,-6291.0,9215.0,-6291.0
DecoLine,9215.0,-6291.0,9216.0,-6291.0
DecoLine,9216.0,-6291.0,9217.0,-6291.0
DecoLine,9217.0,-6291.0,9218.0,-6291.0
DecoLine,9218.0,-6291.0,9219.0,-6291.0
DecoLine,9219.0,-6291.0,9220.0,-6291.0
DecoLine,9220.0,-6291.0,9223.0,-6291.0
DecoLine,9223.0,-6291.0,9225.0,-6291.0
DecoLine,9225.0,-6291.0,9227.0,-6291.0
DecoLine,9227.0,-6291.0,9229.0,-6291.0
DecoLine,9229.0,-6291.0,9232.0,-6291.0
DecoLine,9232.0,-6291.0,9235.0,-6291.0
DecoLine,9235.0,-6291.0,9237.0,-6291.0
DecoLine,9237.0,-6291.0,9239.0,-6291.0
DecoLine,9239.0,-6291.0,9240.0,-6292.0
DecoLine,9240.0,-6292.0,9242.0,-6292.0
DecoLine,9242.0,-6292.0,9245.0,-6292.0
DecoLine,9245.0,-6292.0,9248.0,-6292.0
DecoLine,9248.0,-6292.0,9251.0,-6292.0
DecoLine,9251.0,-6292.0,9253.0,-6292.0
DecoLine,9253.0,-6292.0,9253.0,-6292.0
DecoLine,9253.0,-6292.0,9254.0,-6292.0
DecoLine,9254.0,-6292.0,9254.0,-6292.0
DecoLine,9254.0,-6292.0,9254.0,-6293.0
DecoLine,9254.0,-6293.0,9254.0,-6293.0
DecoLine,9254.0,-6293.0,9254.0,-6293.0
DecoLine,9254.0,-6293.0,9254.0,-6294.0
DecoLine,9254.0,-6294.0,9253.0,-6294.0
DecoLine,9253.0,-6294.0,9252.0,-6295.0
DecoLine,9252.0,-6295.0,9252.0,-6295.0
DecoLine,9252.0,-6295.0,9251.0,-6296.0
DecoLine,9251.0,-6296.0,9251.0,-6297.0
DecoLine,9251.0,-6297.0,9251.0,-6298.0
DecoLine,9251.0,-6298.0,9250.0,-6299.0
DecoLine,9250.0,-6299.0,9249.0,-6300.0
DecoLine,9249.0,-6300.0,9248.0,-6301.0
DecoLine,9248.0,-6301.0,9248.0,-6302.0
DecoLine,9248.0,-6302.0,9248.0,-6302.0
DecoLine,9248.0,-6302.0,9248.0,-6302.0
DecoLine,9248.0,-6302.0,9247.0,-6302.0
DecoLine,9247.0,-6302.0,9247.0,-6302.0
DecoLine,9247.0,-6302.0,9247.0,-6302.0
DecoLine,9247.0,-6302.0,9247.0,-6303.0
DecoLine,9247.0,-6303.0,9246.0,-6303.0
DecoLine,9246.0,-6303.0,9246.0,-6303.0
DecoLine,9246.0,-6303.0,9246.0,-6304.0
DecoLine,9246.0,-6304.0,9246.0,-6304.0
DecoLine,9246.0,-6304.0,9246.0,-6304.0
DecoLine,9246.0,-6304.0,9246.0,-6305.0
DecoLine,9246.0,-6305.0,9246.0,-6305.0
DecoLine,9246.0,-6305.0,9246.0,-6306.0
DecoLine,9246.0,-6306.0,9246.0,-6306.0
DecoLine,9246.0,-6306.0,9246.0,-6307.0
DecoLine,9246.0,-6307.0,9246.0,-6308.0
DecoLine,9246.0,-6308.0,9246.0,-6308.0
DecoLine,9246.0,-6308.0,9246.0,-6308.0
DecoLine,9246.0,-6308.0,9245.0,-6307.0
DecoLine,9313.0,-6293.0,9314.0,-6293.0
DecoLine,9314.0,-6293.0,9316.0,-6293.0
DecoLine,9316.0,-6293.0,9320.0,-6293.0
DecoLine,9320.0,-6293.0,9325.0,-6293.0
DecoLine,9325.0,-6293.0,9333.0,-6293.0
DecoLine,9333.0,-6293.0,9339.0,-6293.0
DecoLine,9339.0,-6293.0,9345.0,-6293.0
DecoLine,9345.0,-6293.0,9352.0,-6293.0
DecoLine,9352.0,-6293.0,9360.0,-6293.0
DecoLine,9360.0,-6293.0,9366.0,-6293.0
DecoLine,9366.0,-6293.0,9371.0,-6293.0
DecoLine,9371.0,-6293.0,9376.0,-6293.0
DecoLine,9376.0,-6293.0,9384.0,-6293.0
DecoLine,9384.0,-6293.0,9389.0,-6293.0
DecoLine,9389.0,-6293.0,9396.0,-6294.0
DecoLine,9396.0,-6294.0,9402.0,-6294.0
DecoLine,9402.0,-6294.0,9409.0,-6294.0
DecoLine,9409.0,-6294.0,9417.0,-6295.0
DecoLine,9417.0,-6295.0,9423.0,-6295.0
DecoLine,9423.0,-6295.0,9430.0,-6295.0
DecoLine,9430.0,-6295.0,9437.0,-6295.0
DecoLine,9437.0,-6295.0,9444.0,-6295.0
DecoLine,9444.0,-6295.0,9453.0,-6295.0
DecoLine,9453.0,-6295.0,9463.0,-6295.0
DecoLine,9463.0,-6295.0,9473.0,-6295.0
DecoLine,9473.0,-6295.0,9485.0,-6295.0
DecoLine,9485.0,-6295.0,9492.0,-6295.0
DecoLine,9492.0,-6295.0,9499.0,-6295.0
DecoLine,9499.0,-6295.0,9507.0,-6295.0
DecoLine,9507.0,-6295.0,9514.0,-6295.0
DecoLine,9514.0,-6295.0,9521.0,-6295.0
DecoLine,9521.0,-6295.0,9527.0,-6295.0
DecoLine,9527.0,-6295.0,9534.0,-6295.0
DecoLine,9534.0,-6295.0,9542.0,-6295.0
DecoLine,9542.0,-6295.0,9550.0,-6295.0
DecoLine,9550.0,-6295.0,9559.0,-6295.0
DecoLine,9559.0,-6295.0,9568.0,-6294.0
DecoLine,9568.0,-6294.0,9575.0,-6294.0
DecoLine,9575.0,-6294.0,9582.0,-6294.0
DecoLine,9582.0,-6294.0,9588.0,-6294.0
DecoLine,9588.0,-6294.0,9593.0,-6293.0
DecoLine,9593.0,-6293.0,9596.0,-6293.0
DecoLine,9596.0,-6293.0,9598.0,-6293.0
DecoLine,9598.0,-6293.0,9599.0,-6293.0
DecoLine,9599.0,-6293.0,9600.0,-6293.0
DecoLine,9600.0,-6293.0,9600.0,-6293.0
DecoLine,9600.0,-6293.0,9601.0,-6293.0
DecoLine,9601.0,-6293.0,9602.0,-6293.0
DecoLine,9602.0,-6293.0,9602.0,-6293.0
DecoLine,9602.0,-6293.0,9603.0,-6293.0
DecoLine,9603.0,-6293.0,9606.0,-6293.0
DecoLine,9606.0,-6293.0,9607.0,-6293.0
DecoLine,9607.0,-6293.0,9612.0,-6292.0
DecoLine,9612.0,-6292.0,9616.0,-6292.0
DecoLine,9616.0,-6292.0,9619.0,-6292.0
DecoLine,9619.0,-6292.0,9622.0,-6291.0
DecoLine,9622.0,-6291.0,9623.0,-6291.0
DecoLine,9623.0,-6291.0,9624.0,-6291.0
DecoLine,9624.0,-6291.0,9624.0,-6291.0
DecoLine,9624.0,-6291.0,9623.0,-6291.0
DecoLine,9318.0,-6296.0,9317.0,-6296.0
DecoLine,9317.0,-6296.0,9317.0,-6296.0
DecoLine,9317.0,-6296.0,9317.0,-6297.0
DecoLine,9317.0,-6297.0,9317.0,-6298.0
DecoLine,9317.0,-6298.0,9317.0,-6300.0
DecoLine,9317.0,-6300.0,9317.0,-6301.0
DecoLine,9317.0,-6301.0,9317.0,-6302.0
DecoLine,9317.0,-6302.0,9317.0,-6303.0
DecoLine,9317.0,-6303.0,9317.0,-6304.0
DecoLine,9317.0,-6304.0,9316.0,-6304.0
DecoLine,9316.0,-6304.0,9316.0,-6304.0
DecoLine,9316.0,-6304.0,9316.0,-6305.0
DecoLine,9316.0,-6305.0,9316.0,-6305.0
DecoLine,9316.0,-6305.0,9316.0,-6306.0
DecoLine,9316.0,-6306.0,9316.0,-6306.0
DecoLine,9316.0,-6306.0,9316.0,-6306.0
DecoLine,9316.0,-6306.0,9316.0,-6307.0
DecoLine,9316.0,-6307.0,9316.0,-6307.0
DecoLine,9316.0,-6307.0,9316.0,-6308.0
DecoLine,9316.0,-6308.0,9316.0,-6308.0
DecoLine,9316.0,-6308.0,9316.0,-6309.0
DecoLine,9316.0,-6309.0,9316.0,-6309.0
DecoLine,9316.0,-6309.0,9316.0,-6309.0
DecoLine,9316.0,-6309.0,9316.0,-6310.0
DecoLine,9316.0,-6310.0,9316.0,-6310.0
DecoLine,9316.0,-6310.0,9316.0,-6310.0
DecoLine,9316.0,-6310.0,9316.0,-6311.0
DecoLine,9316.0,-6311.0,9316.0,-6311.0
DecoLine,9316.0,-6311.0,9316.0,-6311.0
DecoLine,9316.0,-6311.0,9316.0,-6311.0
DecoLine,9316.0,-6311.0,9317.0,-6311.0
DecoLine,9317.0,-6311.0,9317.0,-6311.0
DecoLine,9317.0,-6311.0,9318.0,-6310.0
DecoLine,9318.0,-6310.0,9319.0,-6309.0
DecoLine,9319.0,-6309.0,9321.0,-6308.0
DecoLine,9321.0,-6308.0,9324.0,-6308.0
DecoLine,9324.0,-6308.0,9328.0,-6308.0
DecoLine,9328.0,-6308.0,9332.0,-6308.0
DecoLine,9332.0,-6308.0,9337.0,-6308.0
DecoLine,9337.0,-6308.0,9343.0,-6309.0
DecoLine,9343.0,-6309.0,9351.0,-6310.0
DecoLine,9351.0,-6310.0,9356.0,-6310.0
DecoLine,9356.0,-6310.0,9364.0,-6312.0
DecoLine,9364.0,-6312.0,9368.0,-6312.0
DecoLine,9368.0,-6312.0,9373.0,-6313.0
DecoLine,9373.0,-6313.0,9376.0,-6314.0
DecoLine,9376.0,-6314.0,9380.0,-6315.0
DecoLine,9380.0,-6315.0,9383.0,-6315.0
DecoLine,9383.0,-6315.0,9386.0,-6316.0
DecoLine,9386.0,-6316.0,9390.0,-6316.0
DecoLine,9390.0,-6316.0,9395.0,-6317.0
DecoLine,9395.0,-6317.0,9400.0,-6317.0
DecoLine,9400.0,-6317.0,9405.0,-6318.0
DecoLine,9405.0,-6318.0,9412.0,-6318.0
DecoLine,9412.0,-6318.0,9417.0,-6319.0
DecoLine,9417.0,-6319.0,9421.0,-6319.0
DecoLine,9421.0,-6319.0,9425.0,-6319.0
DecoLine,9425.0,-6319.0,9429.0,-6319.0
DecoLine,9429.0,-6319.0,9432.0,-6320.0
DecoLine,9432.0,-6320.0,9434.0,-6320.0
DecoLine,9434.0,-6320.0,9436.0,-6321.0
DecoLine,9436.0,-6321.0,9438.0,-6321.0
DecoLine,9438.0,-6321.0,9440.0,-6321.0
DecoLine,9440.0,-6321.0,9442.0,-6321.0
DecoLine,9442.0,-6321.0,9443.0,-6321.0
DecoLine,9443.0,-6321.0,9444.0,-6321.0
DecoLine,9444.0,-6321.0,9445.0,-6321.0
DecoLine,9445.0,-6321.0,9446.0,-6321.0
DecoLine,9446.0,-6321.0,9448.0,-6321.0
DecoLine,9448.0,-6321.0,9450.0,-6321.0
DecoLine,9450.0,-6321.0,9452.0,-6321.0
DecoLine,9452.0,-6321.0,9454.0,-6321.0
DecoLine,9454.0,-6321.0,9455.0,-6321.0
DecoLine,9455.0,-6321.0,9457.0,-6321.0
DecoLine,9457.0,-6321.0,9459.0,-6320.0
DecoLine,9459.0,-6320.0,9460.0,-6320.0
DecoLine,9460.0,-6320.0,9460.0,-6320.0
DecoLine,9460.0,-6320.0,9461.0,-6320.0
DecoLine,9461.0,-6320.0,9461.0,-6320.0
DecoLine,9461.0,-6320.0,9461.0,-6322.0
DecoLine,9461.0,-6322.0,9460.0,-6323.0
DecoLine,9460.0,-6323.0,9460.0,-6324.0
DecoLine,9460.0,-6324.0,9458.0,-6326.0
DecoLine,9458.0,-6326.0,9457.0,-6328.0
DecoLine,9457.0,-6328.0,9456.0,-6330.0
DecoLine,9456.0,-6330.0,9456.0,-6333.0
DecoLine,9456.0,-6333.0,9455.0,-6336.0
DecoLine,9455.0,-6336.0,9455.0,-6340.0
DecoLine,9455.0,-6340.0,9455.0,-6345.0
DecoLine,9455.0,-6345.0,9454.0,-6350.0
DecoLine,9454.0,-6350.0,9454.0,-6358.0
DecoLine,9454.0,-6358.0,9454.0,-6363.0
DecoLine,9454.0,-6363.0,9454.0,-6369.0
DecoLine,9454.0,-6369.0,9453.0,-6373.0
DecoLine,9453.0,-6373.0,9453.0,-6380.0
DecoLine,9453.0,-6380.0,9452.0,-6385.0
DecoLine,9452.0,-6385.0,9452.0,-6389.0
DecoLine,9452.0,-6389.0,9452.0,-6393.0
DecoLine,9452.0,-6393.0,9452.0,-6396.0
DecoLine,9452.0,-6396.0,9452.0,-6399.0
DecoLine,9452.0,-6399.0,9452.0,-6401.0
DecoLine,9452.0,-6401.0,9452.0,-6406.0
DecoLine,9452.0,-6406.0,9451.0,-6411.0
DecoLine,9451.0,-6411.0,9451.0,-6415.0
DecoLine,9451.0,-6415.0,9451.0,-6419.0
DecoLine,9451.0,-6419.0,9450.0,-6423.0
DecoLine,9450.0,-6423.0,9450.0,-6425.0
DecoLine,9450.0,-6425.0,9450.0,-6427.0
DecoLine,9450.0,-6427.0,9450.0,-6428.0
DecoLine,9450.0,-6428.0,9450.0,-6429.0
DecoLine,9450.0,-6429.0,9450.0,-6430.0
DecoLine,9450.0,-6430.0,9450.0,-6431.0
DecoLine,9450.0,-6431.0,9451.0,-6431.0
DecoLine,9451.0,-6431.0,9451.0,-6431.0
DecoLine,9451.0,-6431.0,9452.0,-6430.0
DecoLine,9452.0,-6430.0,9452.0,-6430.0
DecoLine,9452.0,-6430.0,9454.0,-6429.0
DecoLine,9454.0,-6429.0,9455.0,-6428.0
DecoLine,9455.0,-6428.0,9456.0,-6427.0
DecoLine,9456.0,-6427.0,9459.0,-6426.0
DecoLine,9459.0,-6426.0,9461.0,-6426.0
DecoLine,9461.0,-6426.0,9464.0,-6426.0
DecoLine,9464.0,-6426.0,9467.0,-6426.0
DecoLine,9467.0,-6426.0,9470.0,-6426.0
DecoLine,9470.0,-6426.0,9473.0,-6426.0
DecoLine,9473.0,-6426.0,9475.0,-6426.0
DecoLine,9475.0,-6426.0,9477.0,-6426.0
DecoLine,9477.0,-6426.0,9478.0,-6426.0
DecoLine,9478.0,-6426.0,9479.0,-6426.0
DecoLine,9479.0,-6426.0,9479.0,-6426.0
DecoLine,9479.0,-6426.0,9480.0,-6426.0
DecoLine,9480.0,-6426.0,9480.0,-6426.0
DecoLine,9480.0,-6426.0,9480.0,-6426.0
DecoLine,9480.0,-6426.0,9481.0,-6426.0
DecoLine,9481.0,-6426.0,9481.0,-6426.0
DecoLine,9481.0,-6426.0,9481.0,-6426.0
DecoLine,9481.0,-6426.0,9481.0,-6425.0
DecoLine,9481.0,-6425.0,9481.0,-6424.0
DecoLine,9481.0,-6424.0,9481.0,-6422.0
DecoLine,9481.0,-6422.0,9481.0,-6420.0
DecoLine,9481.0,-6420.0,9481.0,-6417.0
DecoLine,9481.0,-6417.0,9481.0,-6415.0
DecoLine,9481.0,-6415.0,9482.0,-6409.0
DecoLine,9482.0,-6409.0,9484.0,-6401.0
DecoLine,9484.0,-6401.0,9485.0,-6395.0
DecoLine,9485.0,-6395.0,9486.0,-6389.0
DecoLine,9486.0,-6389.0,9486.0,-6386.0
DecoLine,9486.0,-6386.0,9486.0,-6384.0
DecoLine,9486.0,-6384.0,9486.0,-6382.0
DecoLine,9486.0,-6382.0,9486.0,-6380.0
DecoLine,9486.0,-6380.0,9487.0,-6375.0
DecoLine,9487.0,-6375.0,9488.0,-6372.0
DecoLine,9488.0,-6372.0,9488.0,-6369.0
DecoLine,9488.0,-6369.0,9488.0,-6367.0
DecoLine,9488.0,-6367.0,9488.0,-6366.0
DecoLine,9488.0,-6366.0,9488.0,-6365.0
DecoLine,9488.0,-6365.0,9488.0,-6364.0
DecoLine,9488.0,-6364.0,9487.0,-6363.0
DecoLine,9487.0,-6363.0,9487.0,-6363.0
DecoLine,9487.0,-6363.0,9487.0,-6362.0
DecoLine,9487.0,-6362.0,9487.0,-6361.0
DecoLine,9487.0,-6361.0,9487.0,-6360.0
DecoLine,9487.0,-6360.0,9487.0,-6357.0
DecoLine,9487.0,-6357.0,9487.0,-6355.0
DecoLine,9487.0,-6355.0,9486.0,-6353.0
DecoLine,9486.0,-6353.0,9486.0,-6351.0
DecoLine,9486.0,-6351.0,9486.0,-6351.0
DecoLine,9486.0,-6351.0,9486.0,-6351.0
DecoLine,9486.0,-6351.0,9485.0,-6350.0
DecoLine,9485.0,-6350.0,9485.0,-6349.0
DecoLine,9485.0,-6349.0,9485.0,-6347.0
DecoLine,9485.0,-6347.0,9484.0,-6344.0
DecoLine,9484.0,-6344.0,9484.0,-6341.0
DecoLine,9484.0,-6341.0,9483.0,-6340.0
DecoLine,9483.0,-6340.0,9483.0,-6339.0
DecoLine,9483.0,-6339.0,9482.0,-6338.0
DecoLine,9482.0,-6338.0,9482.0,-6336.0
DecoLine,9482.0,-6336.0,9482.0,-6334.0
DecoLine,9482.0,-6334.0,9482.0,-6333.0
DecoLine,9482.0,-6333.0,9481.0,-6331.0
DecoLine,9481.0,-6331.0,9481.0,-6330.0
DecoLine,9481.0,-6330.0,9481.0,-6330.0
DecoLine,9481.0,-6330.0,9481.0,-6327.0
DecoLine,9481.0,-6327.0,9481.0,-6325.0
DecoLine,9481.0,-6325.0,9481.0,-6323.0
DecoLine,9481.0,-6323.0,9481.0,-6321.0
DecoLine,9481.0,-6321.0,9481.0,-6320.0
DecoLine,9481.0,-6320.0,9480.0,-6320.0
DecoLine,9480.0,-6320.0,9480.0,-6320.0
DecoLine,9480.0,-6320.0,9480.0,-6319.0
DecoLine,9480.0,-6319.0,9480.0,-6319.0
DecoLine,9480.0,-6319.0,9480.0,-6319.0
DecoLine,9480.0,-6319.0,9480.0,-6319.0
DecoLine,9480.0,-6319.0,9480.0,-6318.0
DecoLine,9480.0,-6318.0,9480.0,-6318.0
DecoLine,9480.0,-6318.0,9481.0,-6318.0
DecoLine,9481.0,-6318.0,9483.0,-6318.0
DecoLine,9483.0,-6318.0,9485.0,-6318.0
DecoLine,9485.0,-6318.0,9487.0,-6319.0
DecoLine,9487.0,-6319.0,9489.0,-6320.0
DecoLine,9489.0,-6320.0,9491.0,-6320.0
DecoLine,9491.0,-6320.0,9494.0,-6321.0
DecoLine,9494.0,-6321.0,9497.0,-6321.0
DecoLine,9497.0,-6321.0,9501.0,-6322.0
DecoLine,9501.0,-6322.0,9504.0,-6322.0
DecoLine,9504.0,-6322.0,9511.0,-6322.0
DecoLine,9511.0,-6322.0,9517.0,-6321.0
DecoLine,9517.0,-6321.0,9525.0,-6320.0
DecoLine,9525.0,-6320.0,9533.0,-6319.0
DecoLine,9533.0,-6319.0,9538.0,-6319.0
DecoLine,9538.0,-6319.0,9543.0,-6319.0
DecoLine,9543.0,-6319.0,9549.0,-6318.0
DecoLine,9549.0,-6318.0,9554.0,-6318.0
DecoLine,9554.0,-6318.0,9559.0,-6318.0
DecoLine,9559.0,-6318.0,9566.0,-6318.0
DecoLine,9566.0,-6318.0,9570.0,-6317.0
DecoLine,9570.0,-6317.0,9574.0,-6317.0
DecoLine,9574.0,-6317.0,9577.0,-6317.0
DecoLine,9577.0,-6317.0,9578.0,-6316.0
DecoLine,9578.0,-6316.0,9579.0,-6316.0
DecoLine,9579.0,-6316.0,9580.0,-6316.0
DecoLine,9580.0,-6316.0,9582.0,-6316.0
DecoLine,9582.0,-6316.0,9583.0,-6316.0
DecoLine,9583.0,-6316.0,9585.0,-6315.0
DecoLine,9585.0,-6315.0,9589.0,-6315.0
DecoLine,9589.0,-6315.0,9593.0,-6315.0
DecoLine,9593.0,-6315.0,9596.0,-6315.0
DecoLine,9596.0,-6315.0,9598.0,-6315.0
DecoLine,9598.0,-6315.0,9600.0,-6315.0
DecoLine,9600.0,-6315.0,9602.0,-6315.0
DecoLine,9602.0,-6315.0,9603.0,-6315.0
DecoLine,9603.0,-6315.0,9605.0,-6315.0
DecoLine,9605.0,-6315.0,9607.0,-6314.0
DecoLine,9607.0,-6314.0,9609.0,-6314.0
DecoLine,9609.0,-6314.0,9611.0,-6314.0
DecoLine,9611.0,-6314.0,9613.0,-6314.0
DecoLine,9613.0,-6314.0,9614.0,-6314.0
DecoLine,9614.0,-6314.0,9616.0,-6314.0
DecoLine,9616.0,-6314.0,9617.0,-6314.0
DecoLine,9617.0,-6314.0,9619.0,-6313.0
DecoLine,9619.0,-6313.0,9621.0,-6313.0
DecoLine,9621.0,-6313.0,9622.0,-6313.0
DecoLine,9622.0,-6313.0,9623.0,-6313.0
DecoLine,9623.0,-6313.0,9624.0,-6313.0
DecoLine,9624.0,-6313.0,9624.0,-6312.0
DecoLine,9624.0,-6312.0,9624.0,-6312.0
DecoLine,9624.0,-6312.0,9624.0,-6312.0
DecoLine,9624.0,-6312.0,9624.0,-6311.0
DecoLine,9624.0,-6311.0,9624.0,-6311.0
DecoLine,9624.0,-6311.0,9624.0,-6310.0
DecoLine,9624.0,-6310.0,9624.0,-6309.0
DecoLine,9624.0,-6309.0,9624.0,-6308.0
DecoLine,9624.0,-6308.0,9624.0,-6306.0
DecoLine,9624.0,-6306.0,9624.0,-6304.0
DecoLine,9624.0,-6304.0,9624.0,-6301.0
DecoLine,9624.0,-6301.0,9624.0,-6299.0
DecoLine,9624.0,-6299.0,9624.0,-6297.0
DecoLine,9624.0,-6297.0,9624.0,-6296.0
DecoLine,9624.0,-6296.0,9624.0,-6296.0
DecoLine,9624.0,-6296.0,9624.0,-6295.0
DecoLine,9624.0,-6295.0,9624.0,-6294.0
DecoLine,9624.0,-6294.0,9624.0,-6293.0
DecoLine,9624.0,-6293.0,9624.0,-6292.0
DecoLine,9624.0,-6292.0,9624.0,-6291.0
DecoLine,9624.0,-6291.0,9624.0,-6291.0
DecoLine,9624.0,-6291.0,9623.0,-6291.0
DecoLine,9623.0,-6291.0,9623.0,-6290.0
DecoLine,9623.0,-6290.0,9623.0,-6290.0
DecoLine,9623.0,-6290.0,9622.0,-6290.0
DecoLine,9622.0,-6290.0,9622.0,-6289.0
DecoLine,9622.0,-6289.0,9622.0,-6289.0
DecoLine,9699.0,-6327.0,9699.0,-6327.0
DecoLine,9699.0,-6327.0,9699.0,-6327.0
DecoLine,9699.0,-6327.0,9702.0,-6327.0
DecoLine,9702.0,-6327.0,9705.0,-6327.0
DecoLine,9705.0,-6327.0,9710.0,-6327.0
DecoLine,9710.0,-6327.0,9717.0,-6327.0
DecoLine,9717.0,-6327.0,9722.0,-6327.0
DecoLine,9722.0,-6327.0,9728.0,-6327.0
DecoLine,9728.0,-6327.0,9736.0,-6326.0
DecoLine,9736.0,-6326.0,9744.0,-6325.0
DecoLine,9744.0,-6325.0,9753.0,-6324.0
DecoLine,9753.0,-6324.0,9759.0,-6323.0
DecoLine,9759.0,-6323.0,9768.0,-6322.0
DecoLine,9768.0,-6322.0,9776.0,-6321.0
DecoLine,9776.0,-6321.0,9782.0,-6320.0
DecoLine,9782.0,-6320.0,9789.0,-6320.0
DecoLine,9789.0,-6320.0,9795.0,-6319.0
DecoLine,9795.0,-6319.0,9799.0,-6319.0
DecoLine,9799.0,-6319.0,9803.0,-6319.0
DecoLine,9803.0,-6319.0,9806.0,-6319.0
DecoLine,9806.0,-6319.0,9811.0,-6318.0
DecoLine,9811.0,-6318.0,9814.0,-6318.0
DecoLine,9814.0,-6318.0,9818.0,-6318.0
DecoLine,9818.0,-6318.0,9822.0,-6318.0
DecoLine,9822.0,-6318.0,9826.0,-6318.0
DecoLine,9826.0,-6318.0,9830.0,-6318.0
DecoLine,9830.0,-6318.0,9836.0,-6319.0
DecoLine,9836.0,-6319.0,9840.0,-6319.0
DecoLine,9840.0,-6319.0,9845.0,-6321.0
DecoLine,9845.0,-6321.0,9850.0,-6322.0
DecoLine,9850.0,-6322.0,9855.0,-6324.0
DecoLine,9855.0,-6324.0,9860.0,-6326.0
DecoLine,9860.0,-6326.0,9863.0,-6328.0
DecoLine,9863.0,-6328.0,9867.0,-6330.0
DecoLine,9867.0,-6330.0,9871.0,-6332.0
DecoLine,9871.0,-6332.0,9874.0,-6334.0
DecoLine,9874.0,-6334.0,9877.0,-6336.0
DecoLine,9877.0,-6336.0,9880.0,-6339.0
DecoLine,9880.0,-6339.0,9881.0,-6340.0
DecoLine,9881.0,-6340.0,9882.0,-6342.0
DecoLine,9882.0,-6342.0,9883.0,-6344.0
DecoLine,9883.0,-6344.0,9883.0,-6346.0
DecoLine,9883.0,-6346.0,9883.0,-6347.0
DecoLine,9883.0,-6347.0,9884.0,-6348.0
DecoLine,9884.0,-6348.0,9884.0,-6349.0
DecoLine,9884.0,-6349.0,9884.0,-6350.0
DecoLine,9884.0,-6350.0,9884.0,-6351.0
DecoLine,9884.0,-6351.0,9884.0,-6353.0
DecoLine,9884.0,-6353.0,9884.0,-6354.0
DecoLine,9884.0,-6354.0,9884.0,-6356.0
DecoLine,9884.0,-6356.0,9884.0,-6358.0
DecoLine,9884.0,-6358.0,9884.0,-6359.0
DecoLine,9884.0,-6359.0,9884.0,-6360.0
DecoLine,9884.0,-6360.0,9884.0,-6361.0
DecoLine,9884.0,-6361.0,9883.0,-6362.0
DecoLine,9883.0,-6362.0,9882.0,-6363.0
DecoLine,9882.0,-6363.0,9881.0,-6365.0
DecoLine,9881.0,-6365.0,9880.0,-6366.0
DecoLine,9880.0,-6366.0,9878.0,-6367.0
DecoLine,9878.0,-6367.0,9877.0,-6368.0
DecoLine,9877.0,-6368.0,9875.0,-6370.0
DecoLine,9875.0,-6370.0,9873.0,-6371.0
DecoLine,9873.0,-6371.0,9870.0,-6372.0
DecoLine,9870.0,-6372.0,9865.0,-6374.0
DecoLine,9865.0,-6374.0,9860.0,-6377.0
DecoLine,9860.0,-6377.0,9857.0,-6379.0
DecoLine,9857.0,-6379.0,9848.0,-6383.0
DecoLine,9848.0,-6383.0,9837.0,-6387.0
DecoLine,9837.0,-6387.0,9832.0,-6389.0
DecoLine,9832.0,-6389.0,9825.0,-6391.0
DecoLine,9825.0,-6391.0,9818.0,-6393.0
DecoLine,9818.0,-6393.0,9813.0,-6395.0
DecoLine,9813.0,-6395.0,9808.0,-6396.0
DecoLine,9808.0,-6396.0,9798.0,-6399.0
DecoLine,9798.0,-6399.0,9794.0,-6399.0
DecoLine,9794.0,-6399.0,9788.0,-6400.0
DecoLine,9788.0,-6400.0,9782.0,-6400.0
DecoLine,9782.0,-6400.0,9773.0,-6401.0
DecoLine,9773.0,-6401.0,9767.0,-6401.0
DecoLine,9767.0,-6401.0,9758.0,-6401.0
DecoLine,9758.0,-6401.0,9753.0,-6401.0
DecoLine,9753.0,-6401.0,9748.0,-6400.0
DecoLine,9748.0,-6400.0,9742.0,-6399.0
DecoLine,9742.0,-6399.0,9736.0,-6397.0
DecoLine,9736.0,-6397.0,9730.0,-6395.0
DecoLine,9730.0,-6395.0,9726.0,-6394.0
DecoLine,9726.0,-6394.0,9721.0,-6392.0
DecoLine,9721.0,-6392.0,9717.0,-6389.0
DecoLine,9717.0,-6389.0,9714.0,-6386.0
DecoLine,9714.0,-6386.0,9711.0,-6383.0
DecoLine,9711.0,-6383.0,9708.0,-6379.0
DecoLine,9708.0,-6379.0,9707.0,-6376.0
DecoLine,9707.0,-6376.0,9705.0,-6373.0
DecoLine,9705.0,-6373.0,9704.0,-6371.0
DecoLine,9704.0,-6371.0,9703.0,-6369.0
DecoLine,9703.0,-6369.0,9702.0,-6367.0
DecoLine,9702.0,-6367.0,9701.0,-6365.0
DecoLine,9701.0,-6365.0,9700.0,-6361.0
DecoLine,9700.0,-6361.0,9699.0,-6358.0
DecoLine,9699.0,-6358.0,9698.0,-6355.0
DecoLine,9698.0,-6355.0,9698.0,-6352.0
DecoLine,9698.0,-6352.0,9698.0,-6351.0
DecoLine,9698.0,-6351.0,9698.0,-6350.0
DecoLine,9698.0,-6350.0,9698.0,-6349.0
DecoLine,9698.0,-6349.0,9698.0,-6349.0
DecoLine,9698.0,-6349.0,9699.0,-6348.0
DecoLine,9699.0,-6348.0,9699.0,-6347.0
DecoLine,9699.0,-6347.0,9700.0,-6345.0
DecoLine,9700.0,-6345.0,9701.0,-6344.0
DecoLine,9701.0,-6344.0,9701.0,-6342.0
DecoLine,9701.0,-6342.0,9702.0,-6340.0
DecoLine,9702.0,-6340.0,9703.0,-6339.0
DecoLine,9703.0,-6339.0,9703.0,-6338.0
DecoLine,9703.0,-6338.0,9704.0,-6337.0
DecoLine,9704.0,-6337.0,9704.0,-6336.0
DecoLine,9704.0,-6336.0,9704.0,-6336.0
DecoLine,9704.0,-6336.0,9704.0,-6335.0
DecoLine,9704.0,-6335.0,9705.0,-6335.0
DecoLine,9705.0,-6335.0,9705.0,-6335.0
DecoLine,9705.0,-6335.0,9705.0,-6335.0
DecoLine,9705.0,-6335.0,9706.0,-6334.0
DecoLine,9706.0,-6334.0,9706.0,-6334.0
DecoLine,9706.0,-6334.0,9706.0,-6333.0
DecoLine,9706.0,-6333.0,9706.0,-6333.0
DecoLine,9706.0,-6333.0,9707.0,-6333.0
DecoLine,9707.0,-6333.0,9707.0,-6332.0
DecoLine,9707.0,-6332.0,9707.0,-6332.0
DecoLine,9707.0,-6332.0,9707.0,-6332.0
DecoLine,9707.0,-6332.0,9707.0,-6332.0
DecoLine,9707.0,-6332.0,9708.0,-6332.0
DecoLine,9708.0,-6332.0,9708.0,-6332.0
DecoLine,9708.0,-6332.0,9708.0,-6332.0
DecoLine,9708.0,-6332.0,9708.0,-6331.0
DecoLine,9708.0,-6331.0,9708.0,-6331.0
DecoLine,9708.0,-6331.0,9708.0,-6331.0
DecoLine,9708.0,-6331.0,9708.0,-6331.0
DecoLine,9708.0,-6331.0,9708.0,-6331.0
DecoLine,9650.0,-6348.0,9650.0,-6348.0
DecoLine,9650.0,-6348.0,9650.0,-6347.0
DecoLine,9650.0,-6347.0,9651.0,-6345.0
DecoLine,9651.0,-6345.0,9652.0,-6344.0
DecoLine,9652.0,-6344.0,9654.0,-6342.0
DecoLine,9654.0,-6342.0,9655.0,-6341.0
DecoLine,9655.0,-6341.0,9658.0,-6338.0
DecoLine,9658.0,-6338.0,9660.0,-6336.0
DecoLine,9660.0,-6336.0,9663.0,-6334.0
DecoLine,9663.0,-6334.0,9667.0,-6331.0
DecoLine,9667.0,-6331.0,9670.0,-6329.0
DecoLine,9670.0,-6329.0,9673.0,-6328.0
DecoLine,9673.0,-6328.0,9677.0,-6325.0
DecoLine,9677.0,-6325.0,9681.0,-6322.0
DecoLine,9681.0,-6322.0,9684.0,-6320.0
DecoLine,9684.0,-6320.0,9687.0,-6318.0
DecoLine,9687.0,-6318.0,9692.0,-6316.0
DecoLine,9692.0,-6316.0,9696.0,-6314.0
DecoLine,9696.0,-6314.0,9700.0,-6312.0
DecoLine,9700.0,-6312.0,9703.0,-6310.0
DecoLine,9703.0,-6310.0,9707.0,-6307.0
DecoLine,9707.0,-6307.0,9710.0,-6306.0
DecoLine,9710.0,-6306.0,9715.0,-6304.0
DecoLine,9715.0,-6304.0,9719.0,-6301.0
DecoLine,9719.0,-6301.0,9723.0,-6300.0
DecoLine,9723.0,-6300.0,9726.0,-6299.0
DecoLine,9726.0,-6299.0,9730.0,-6297.0
DecoLine,9730.0,-6297.0,9733.0,-6295.0
DecoLine,9733.0,-6295.0,9737.0,-6294.0
DecoLine,9737.0,-6294.0,9741.0,-6293.0
DecoLine,9741.0,-6293.0,9747.0,-6291.0
DecoLine,9747.0,-6291.0,9750.0,-6290.0
DecoLine,9750.0,-6290.0,9753.0,-6290.0
DecoLine,9753.0,-6290.0,9757.0,-6289.0
DecoLine,9757.0,-6289.0,9761.0,-6288.0
DecoLine,9761.0,-6288.0,9765.0,-6287.0
DecoLine,9765.0,-6287.0,9769.0,-6286.0
DecoLine,9769.0,-6286.0,9774.0,-6286.0
DecoLine,9774.0,-6286.0,9779.0,-6285.0
DecoLine,9779.0,-6285.0,9785.0,-6285.0
DecoLine,9785.0,-6285.0,9790.0,-6284.0
DecoLine,9790.0,-6284.0,9798.0,-6284.0
DecoLine,9798.0,-6284.0,9804.0,-6283.0
DecoLine,9804.0,-6283.0,9810.0,-6283.0
DecoLine,9810.0,-6283.0,9817.0,-6282.0
DecoLine,9817.0,-6282.0,9824.0,-6281.0
DecoLine,9824.0,-6281.0,9830.0,-6280.0
DecoLine,9830.0,-6280.0,9836.0,-6279.0
DecoLine,9836.0,-6279.0,9843.0,-6279.0
DecoLine,9843.0,-6279.0,9849.0,-6278.0
DecoLine,9849.0,-6278.0,9855.0,-6278.0
DecoLine,9855.0,-6278.0,9863.0,-6278.0
DecoLine,9863.0,-6278.0,9867.0,-6278.0
DecoLine,9867.0,-6278.0,9873.0,-6279.0
DecoLine,9873.0,-6279.0,9877.0,-6280.0
DecoLine,9877.0,-6280.0,9881.0,-6282.0
DecoLine,9881.0,-6282.0,9885.0,-6284.0
DecoLine,9885.0,-6284.0,9888.0,-6286.0
DecoLine,9888.0,-6286.0,9892.0,-6288.0
DecoLine,9892.0,-6288.0,9895.0,-6290.0
DecoLine,9895.0,-6290.0,9898.0,-6292.0
DecoLine,9898.0,-6292.0,9901.0,-6295.0
DecoLine,9901.0,-6295.0,9906.0,-6299.0
DecoLine,9906.0,-6299.0,9909.0,-6301.0
DecoLine,9909.0,-6301.0,9912.0,-6304.0
DecoLine,9912.0,-6304.0,9914.0,-6306.0
DecoLine,9914.0,-6306.0,9917.0,-6309.0
DecoLine,9917.0,-6309.0,9918.0,-6311.0
DecoLine,9918.0,-6311.0,9920.0,-6313.0
DecoLine,9920.0,-6313.0,9922.0,-6316.0
DecoLine,9922.0,-6316.0,9923.0,-6319.0
DecoLine,9923.0,-6319.0,9924.0,-6322.0
DecoLine,9924.0,-6322.0,9925.0,-6326.0
DecoLine,9925.0,-6326.0,9926.0,-6329.0
DecoLine,9926.0,-6329.0,9926.0,-6332.0
DecoLine,9926.0,-6332.0,9927.0,-6335.0
DecoLine,9927.0,-6335.0,9927.0,-6339.0
DecoLine,9927.0,-6339.0,9927.0,-6342.0
DecoLine,9927.0,-6342.0,9927.0,-6345.0
DecoLine,9927.0,-6345.0,9927.0,-6348.0
DecoLine,9927.0,-6348.0,9927.0,-6352.0
DecoLine,9927.0,-6352.0,9927.0,-6356.0
DecoLine,9927.0,-6356.0,9927.0,-6360.0
DecoLine,9927.0,-6360.0,9926.0,-6364.0
DecoLine,9926.0,-6364.0,9925.0,-6369.0
DecoLine,9925.0,-6369.0,9924.0,-6375.0
DecoLine,9924.0,-6375.0,9923.0,-6380.0
DecoLine,9923.0,-6380.0,9921.0,-6386.0
DecoLine,9921.0,-6386.0,9920.0,-6391.0
DecoLine,9920.0,-6391.0,9918.0,-6395.0
DecoLine,9918.0,-6395.0,9916.0,-6398.0
DecoLine,9916.0,-6398.0,9913.0,-6401.0
DecoLine,9913.0,-6401.0,9910.0,-6404.0
DecoLine,9910.0,-6404.0,9904.0,-6407.0
DecoLine,9904.0,-6407.0,9897.0,-6411.0
DecoLine,9897.0,-6411.0,9886.0,-6418.0
DecoLine,9886.0,-6418.0,9882.0,-6420.0
DecoLine,9882.0,-6420.0,9878.0,-6422.0
DecoLine,9878.0,-6422.0,9875.0,-6423.0
DecoLine,9875.0,-6423.0,9867.0,-6424.0
DecoLine,9867.0,-6424.0,9861.0,-6424.0
DecoLine,9861.0,-6424.0,9856.0,-6424.0
DecoLine,9856.0,-6424.0,9845.0,-6424.0
DecoLine,9845.0,-6424.0,9839.0,-6425.0
DecoLine,9839.0,-6425.0,9829.0,-6426.0
DecoLine,9829.0,-6426.0,9823.0,-6426.0
DecoLine,9823.0,-6426.0,9810.0,-6427.0
DecoLine,9810.0,-6427.0,9801.0,-6427.0
DecoLine,9801.0,-6427.0,9791.0,-6427.0
DecoLine,9791.0,-6427.0,9782.0,-6427.0
DecoLine,9782.0,-6427.0,9776.0,-6427.0
DecoLine,9776.0,-6427.0,9768.0,-6427.0
DecoLine,9768.0,-6427.0,9761.0,-6426.0
DecoLine,9761.0,-6426.0,9754.0,-6424.0
DecoLine,9754.0,-6424.0,9749.0,-6423.0
DecoLine,9749.0,-6423.0,9742.0,-6420.0
DecoLine,9742.0,-6420.0,9739.0,-6419.0
DecoLine,9739.0,-6419.0,9735.0,-6419.0
DecoLine,9735.0,-6419.0,9730.0,-6418.0
DecoLine,9730.0,-6418.0,9725.0,-6418.0
DecoLine,9725.0,-6418.0,9721.0,-6418.0
DecoLine,9721.0,-6418.0,9717.0,-6417.0
DecoLine,9717.0,-6417.0,9713.0,-6416.0
DecoLine,9713.0,-6416.0,9709.0,-6415.0
DecoLine,9709.0,-6415.0,9706.0,-6414.0
DecoLine,9706.0,-6414.0,9700.0,-6412.0
DecoLine,9700.0,-6412.0,9696.0,-6410.0
DecoLine,9696.0,-6410.0,9691.0,-6408.0
DecoLine,9691.0,-6408.0,9686.0,-6406.0
DecoLine,9686.0,-6406.0,9682.0,-6405.0
DecoLine,9682.0,-6405.0,9679.0,-6404.0
DecoLine,9679.0,-6404.0,9677.0,-6403.0
DecoLine,9677.0,-6403.0,9675.0,-6401.0
DecoLine,9675.0,-6401.0,9673.0,-6398.0
DecoLine,9673.0,-6398.0,9671.0,-6395.0
DecoLine,9671.0,-6395.0,9670.0,-6392.0
DecoLine,9670.0,-6392.0,9669.0,-6389.0
DecoLine,9669.0,-6389.0,9669.0,-6388.0
DecoLine,9669.0,-6388.0,9668.0,-6387.0
DecoLine,9668.0,-6387.0,9667.0,-6386.0
DecoLine,9667.0,-6386.0,9666.0,-6385.0
DecoLine,9666.0,-6385.0,9665.0,-6383.0
DecoLine,9665.0,-6383.0,9664.0,-6381.0
DecoLine,9664.0,-6381.0,9663.0,-6379.0
DecoLine,9663.0,-6379.0,9662.0,-6378.0
DecoLine,9662.0,-6378.0,9661.0,-6377.0
DecoLine,9661.0,-6377.0,9660.0,-6377.0
DecoLine,9660.0,-6377.0,9660.0,-6375.0
DecoLine,9660.0,-6375.0,9659.0,-6374.0
DecoLine,9659.0,-6374.0,9659.0,-6373.0
DecoLine,9659.0,-6373.0,9658.0,-6371.0
DecoLine,9658.0,-6371.0,9658.0,-6370.0
DecoLine,9658.0,-6370.0,9658.0,-6369.0
DecoLine,9658.0,-6369.0,9657.0,-6368.0
DecoLine,9657.0,-6368.0,9657.0,-6367.0
DecoLine,9657.0,-6367.0,9656.0,-6366.0
DecoLine,9656.0,-6366.0,9656.0,-6365.0
DecoLine,9656.0,-6365.0,9656.0,-6364.0
DecoLine,9656.0,-6364.0,9655.0,-6362.0
DecoLine,9655.0,-6362.0,9654.0,-6361.0
DecoLine,9654.0,-6361.0,9654.0,-6359.0
DecoLine,9654.0,-6359.0,9653.0,-6357.0
DecoLine,9653.0,-6357.0,9653.0,-6356.0
DecoLine,9653.0,-6356.0,9652.0,-6355.0
DecoLine,9652.0,-6355.0,9652.0,-6354.0
DecoLine,9652.0,-6354.0,9652.0,-6352.0
DecoLine,9652.0,-6352.0,9652.0,-6351.0
DecoLine,9652.0,-6351.0,9652.0,-6350.0
DecoLine,9652.0,-6350.0,9652.0,-6349.0
DecoLine,9652.0,-6349.0,9651.0,-6348.0
DecoLine,9651.0,-6348.0,9651.0,-6348.0
DecoLine,9651.0,-6348.0,9651.0,-6347.0
DecoLine,9651.0,-6347.0,9650.0,-6346.0
DecoLine,9650.0,-6346.0,9650.0,-6346.0
DecoLine,9650.0,-6346.0,9649.0,-6346.0
DecoLine,9649.0,-6346.0,9649.0,-6346.0
DecoLine,10031.0,-6302.0,10031.0,-6302.0
DecoLine,10031.0,-6302.0,10031.0,-6302.0
DecoLine,10031.0,-6302.0,10031.0,-6303.0
DecoLine,10031.0,-6303.0,10031.0,-6304.0
DecoLine,10031.0,-6304.0,10031.0,-6309.0
DecoLine,10031.0,-6309.0,10031.0,-6315.0
DecoLine,10031.0,-6315.0,10031.0,-6324.0
DecoLine,10031.0,-6324.0,10031.0,-6333.0
DecoLine,10031.0,-6333.0,10031.0,-6338.0
DecoLine,10031.0,-6338.0,10031.0,-6345.0
DecoLine,10031.0,-6345.0,10031.0,-6350.0
DecoLine,10031.0,-6350.0,10031.0,-6357.0
DecoLine,10031.0,-6357.0,10031.0,-6362.0
DecoLine,10031.0,-6362.0,10031.0,-6368.0
DecoLine,10031.0,-6368.0,10030.0,-6374.0
DecoLine,10030.0,-6374.0,10030.0,-6381.0
DecoLine,10030.0,-6381.0,10030.0,-6387.0
DecoLine,10030.0,-6387.0,10030.0,-6392.0
DecoLine,10030.0,-6392.0,10030.0,-6397.0
DecoLine,10030.0,-6397.0,10030.0,-6403.0
DecoLine,10030.0,-6403.0,10030.0,-6406.0
DecoLine,10030.0,-6406.0,10029.0,-6411.0
DecoLine,10029.0,-6411.0,10029.0,-6415.0
DecoLine,10029.0,-6415.0,10028.0,-6419.0
DecoLine,10028.0,-6419.0,10028.0,-6423.0
DecoLine,10028.0,-6423.0,10027.0,-6428.0
DecoLine,10027.0,-6428.0,10026.0,-6430.0
DecoLine,10026.0,-6430.0,10026.0,-6431.0
DecoLine,10026.0,-6431.0,10026.0,-6432.0
DecoLine,10026.0,-6432.0,10026.0,-6433.0
DecoLine,10026.0,-6433.0,10026.0,-6434.0
DecoLine,10026.0,-6434.0,10026.0,-6434.0
DecoLine,10026.0,-6434.0,10025.0,-6435.0
DecoLine,10025.0,-6435.0,10026.0,-6435.0
DecoLine,10026.0,-6435.0,10026.0,-6434.0
DecoLine,10026.0,-6434.0,10028.0,-6433.0
DecoLine,10028.0,-6433.0,10030.0,-6432.0
DecoLine,10030.0,-6432.0,10032.0,-6431.0
DecoLine,10032.0,-6431.0,10034.0,-6431.0
DecoLine,10034.0,-6431.0,10038.0,-6431.0
DecoLine,10038.0,-6431.0,10041.0,-6431.0
DecoLine,10041.0,-6431.0,10045.0,-6431.0
DecoLine,10045.0,-6431.0,10049.0,-6431.0
DecoLine,10049.0,-6431.0,10054.0,-6431.0
DecoLine,10054.0,-6431.0,10057.0,-6431.0
DecoLine,10057.0,-6431.0,10060.0,-6431.0
DecoLine,10060.0,-6431.0,10063.0,-6431.0
DecoLine,10063.0,-6431.0,10065.0,-6431.0
DecoLine,10065.0,-6431.0,10068.0,-6431.0
DecoLine,10068.0,-6431.0,10071.0,-6431.0
DecoLine,10071.0,-6431.0,10074.0,-6431.0
DecoLine,10074.0,-6431.0,10078.0,-6431.0
DecoLine,10078.0,-6431.0,10082.0,-6431.0
DecoLine,10082.0,-6431.0,10085.0,-6431.0
DecoLine,10085.0,-6431.0,10088.0,-6432.0
DecoLine,10088.0,-6432.0,10090.0,-6432.0
DecoLine,10090.0,-6432.0,10092.0,-6432.0
DecoLine,10092.0,-6432.0,10094.0,-6432.0
DecoLine,10094.0,-6432.0,10095.0,-6433.0
DecoLine,10095.0,-6433.0,10096.0,-6433.0
DecoLine,10096.0,-6433.0,10097.0,-6433.0
DecoLine,10097.0,-6433.0,10097.0,-6433.0
DecoLine,10097.0,-6433.0,10098.0,-6433.0
DecoLine,10098.0,-6433.0,10098.0,-6433.0
DecoLine,10098.0,-6433.0,10098.0,-6433.0
DecoLine,10098.0,-6433.0,10099.0,-6433.0
DecoLine,10099.0,-6433.0,10099.0,-6433.0
DecoLine,10099.0,-6433.0,10099.0,-6433.0
DecoLine,10099.0,-6433.0,10099.0,-6433.0
DecoLine,10099.0,-6433.0,10100.0,-6432.0
DecoLine,10100.0,-6432.0,10100.0,-6431.0
DecoLine,10100.0,-6431.0,10100.0,-6430.0
DecoLine,10100.0,-6430.0,10100.0,-6429.0
DecoLine,10100.0,-6429.0,10101.0,-6426.0
DecoLine,10101.0,-6426.0,10104.0,-6422.0
DecoLine,10104.0,-6422.0,10107.0,-6414.0
DecoLine,10107.0,-6414.0,10109.0,-6408.0
DecoLine,10109.0,-6408.0,10111.0,-6404.0
DecoLine,10111.0,-6404.0,10112.0,-6400.0
DecoLine,10112.0,-6400.0,10112.0,-6396.0
DecoLine,10112.0,-6396.0,10114.0,-6393.0
DecoLine,10114.0,-6393.0,10114.0,-6390.0
DecoLine,10114.0,-6390.0,10115.0,-6386.0
DecoLine,10115.0,-6386.0,10115.0,-6382.0
DecoLine,10115.0,-6382.0,10115.0,-6381.0
DecoLine,10115.0,-6381.0,10115.0,-6379.0
DecoLine,10115.0,-6379.0,10115.0,-6375.0
DecoLine,10115.0,-6375.0,10115.0,-6372.0
DecoLine,10115.0,-6372.0,10115.0,-6369.0
DecoLine,10115.0,-6369.0,10115.0,-6367.0
DecoLine,10115.0,-6367.0,10115.0,-6365.0
DecoLine,10115.0,-6365.0,10115.0,-6364.0
DecoLine,10115.0,-6364.0,10115.0,-6363.0
DecoLine,10115.0,-6363.0,10114.0,-6362.0
DecoLine,10114.0,-6362.0,10113.0,-6361.0
DecoLine,10113.0,-6361.0,10113.0,-6360.0
DecoLine,10113.0,-6360.0,10112.0,-6359.0
DecoLine,10112.0,-6359.0,10112.0,-6359.0
DecoLine,10112.0,-6359.0,10111.0,-6358.0
DecoLine,10111.0,-6358.0,10111.0,-6358.0
DecoLine,10035.0,-6296.0,10035.0,-6296.0
DecoLine,10035.0,-6296.0,10036.0,-6296.0
DecoLine,10036.0,-6296.0,10038.0,-6296.0
DecoLine,10038.0,-6296.0,10041.0,-6296.0
DecoLine,10041.0,-6296.0,10044.0,-6296.0
DecoLine,10044.0,-6296.0,10050.0,-6296.0
DecoLine,10050.0,-6296.0,10057.0,-6296.0
DecoLine,10057.0,-6296.0,10070.0,-6296.0
DecoLine,10070.0,-6296.0,10083.0,-6296.0
DecoLine,10083.0,-6296.0,10096.0,-6295.0
DecoLine,10096.0,-6295.0,10108.0,-6294.0
DecoLine,10108.0,-6294.0,10119.0,-6292.0
DecoLine,10119.0,-6292.0,10128.0,-6290.0
DecoLine,10128.0,-6290.0,10137.0,-6289.0
DecoLine,10137.0,-6289.0,10148.0,-6288.0
DecoLine,10148.0,-6288.0,10156.0,-6287.0
DecoLine,10156.0,-6287.0,10162.0,-6286.0
DecoLine,10162.0,-6286.0,10170.0,-6286.0
DecoLine,10170.0,-6286.0,10175.0,-6285.0
DecoLine,10175.0,-6285.0,10180.0,-6285.0
DecoLine,10180.0,-6285.0,10186.0,-6285.0
DecoLine,10186.0,-6285.0,10190.0,-6284.0
DecoLine,10190.0,-6284.0,10197.0,-6284.0
DecoLine,10197.0,-6284.0,10201.0,-6283.0
DecoLine,10201.0,-6283.0,10208.0,-6283.0
DecoLine,10208.0,-6283.0,10218.0,-6283.0
DecoLine,10218.0,-6283.0,10229.0,-6283.0
DecoLine,10229.0,-6283.0,10240.0,-6283.0
DecoLine,10240.0,-6283.0,10255.0,-6283.0
DecoLine,10255.0,-6283.0,10265.0,-6284.0
DecoLine,10265.0,-6284.0,10278.0,-6286.0
DecoLine,10278.0,-6286.0,10290.0,-6288.0
DecoLine,10290.0,-6288.0,10302.0,-6290.0
DecoLine,10302.0,-6290.0,10308.0,-6292.0
DecoLine,10308.0,-6292.0,10313.0,-6294.0
DecoLine,10313.0,-6294.0,10318.0,-6296.0
DecoLine,10318.0,-6296.0,10322.0,-6298.0
DecoLine,10322.0,-6298.0,10325.0,-6301.0
DecoLine,10325.0,-6301.0,10329.0,-6304.0
DecoLine,10329.0,-6304.0,10331.0,-6307.0
DecoLine,10331.0,-6307.0,10332.0,-6310.0
DecoLine,10332.0,-6310.0,10333.0,-6312.0
DecoLine,10333.0,-6312.0,10334.0,-6315.0
DecoLine,10334.0,-6315.0,10334.0,-6318.0
DecoLine,10334.0,-6318.0,10334.0,-6320.0
DecoLine,10334.0,-6320.0,10335.0,-6324.0
DecoLine,10335.0,-6324.0,10335.0,-6327.0
DecoLine,10335.0,-6327.0,10335.0,-6329.0
DecoLine,10335.0,-6329.0,10335.0,-6330.0
DecoLine,10335.0,-6330.0,10334.0,-6332.0
DecoLine,10334.0,-6332.0,10334.0,-6333.0
DecoLine,10334.0,-6333.0,10333.0,-6334.0
DecoLine,10333.0,-6334.0,10332.0,-6335.0
DecoLine,10332.0,-6335.0,10332.0,-6336.0
DecoLine,10332.0,-6336.0,10331.0,-6337.0
DecoLine,10331.0,-6337.0,10330.0,-6337.0
DecoLine,10330.0,-6337.0,10330.0,-6338.0
DecoLine,10330.0,-6338.0,10329.0,-6338.0
DecoLine,10329.0,-6338.0,10328.0,-6339.0
DecoLine,10328.0,-6339.0,10327.0,-6340.0
DecoLine,10327.0,-6340.0,10325.0,-6341.0
DecoLine,10325.0,-6341.0,10324.0,-6342.0
DecoLine,10324.0,-6342.0,10322.0,-6343.0
DecoLine,10322.0,-6343.0,10319.0,-6344.0
DecoLine,10319.0,-6344.0,10315.0,-6345.0
DecoLine,10315.0,-6345.0,10310.0,-6347.0
DecoLine,10310.0,-6347.0,10305.0,-6348.0
DecoLine,10305.0,-6348.0,10298.0,-6351.0
DecoLine,10298.0,-6351.0,10291.0,-6353.0
DecoLine,10291.0,-6353.0,10285.0,-6355.0
DecoLine,10285.0,-6355.0,10279.0,-6357.0
DecoLine,10279.0,-6357.0,10272.0,-6358.0
DecoLine,10272.0,-6358.0,10267.0,-6358.0
DecoLine,10267.0,-6358.0,10262.0,-6358.0
DecoLine,10262.0,-6358.0,10258.0,-6358.0
DecoLine,10258.0,-6358.0,10253.0,-6358.0
DecoLine,10253.0,-6358.0,10249.0,-6358.0
DecoLine,10249.0,-6358.0,10242.0,-6358.0
DecoLine,10242.0,-6358.0,10236.0,-6358.0
DecoLine,10236.0,-6358.0,10230.0,-6358.0
DecoLine,10230.0,-6358.0,10224.0,-6358.0
DecoLine,10224.0,-6358.0,10216.0,-6358.0
DecoLine,10216.0,-6358.0,10209.0,-6358.0
DecoLine,10209.0,-6358.0,10203.0,-6358.0
DecoLine,10203.0,-6358.0,10197.0,-6358.0
DecoLine,10197.0,-6358.0,10191.0,-6358.0
DecoLine,10191.0,-6358.0,10187.0,-6357.0
DecoLine,10187.0,-6357.0,10181.0,-6357.0
DecoLine,10181.0,-6357.0,10175.0,-6356.0
DecoLine,10175.0,-6356.0,10169.0,-6356.0
DecoLine,10169.0,-6356.0,10164.0,-6355.0
DecoLine,10164.0,-6355.0,10158.0,-6355.0
DecoLine,10158.0,-6355.0,10154.0,-6355.0
DecoLine,10154.0,-6355.0,10150.0,-6355.0
DecoLine,10150.0,-6355.0,10146.0,-6355.0
DecoLine,10146.0,-6355.0,10142.0,-6355.0
DecoLine,10142.0,-6355.0,10138.0,-6355.0
DecoLine,10138.0,-6355.0,10135.0,-6355.0
DecoLine,10135.0,-6355.0,10132.0,-6355.0
DecoLine,10132.0,-6355.0,10129.0,-6355.0
DecoLine,10129.0,-6355.0,10127.0,-6355.0
DecoLine,10127.0,-6355.0,10124.0,-6355.0
DecoLine,10124.0,-6355.0,10121.0,-6355.0
DecoLine,10121.0,-6355.0,10120.0,-6355.0
DecoLine,10120.0,-6355.0,10118.0,-6355.0
DecoLine,10118.0,-6355.0,10118.0,-6355.0
DecoLine,10118.0,-6355.0,10117.0,-6355.0
DecoLine,10117.0,-6355.0,10117.0,-6355.0
DecoLine,10117.0,-6355.0,10117.0,-6355.0
DecoLine,10117.0,-6355.0,10117.0,-6354.0
DecoLine,10117.0,-6354.0,10117.0,-6354.0
DecoLine,10104.0,-6312.0,10104.0,-6312.0
DecoLine,10104.0,-6312.0,10104.0,-6313.0
DecoLine,10104.0,-6313.0,10104.0,-6315.0
DecoLine,10104.0,-6315.0,10104.0,-6318.0
DecoLine,10104.0,-6318.0,10104.0,-6321.0
DecoLine,10104.0,-6321.0,10104.0,-6324.0
DecoLine,10104.0,-6324.0,10104.0,-6328.0
DecoLine,10104.0,-6328.0,10104.0,-6330.0
DecoLine,10104.0,-6330.0,10104.0,-6332.0
DecoLine,10104.0,-6332.0,10104.0,-6333.0
DecoLine,10104.0,-6333.0,10104.0,-6333.0
DecoLine,10104.0,-6333.0,10105.0,-6333.0
DecoLine,10105.0,-6333.0,10105.0,-6334.0
DecoLine,10105.0,-6334.0,10105.0,-6334.0
DecoLine,10105.0,-6334.0,10105.0,-6334.0
DecoLine,10105.0,-6334.0,10106.0,-6335.0
DecoLine,10106.0,-6335.0,10107.0,-6335.0
DecoLine,10107.0,-6335.0,10108.0,-6335.0
DecoLine,10108.0,-6335.0,10109.0,-6335.0
DecoLine,10109.0,-6335.0,10110.0,-6335.0
DecoLine,10110.0,-6335.0,10112.0,-6335.0
DecoLine,10112.0,-6335.0,10115.0,-6335.0
DecoLine,10115.0,-6335.0,10117.0,-6335.0
DecoLine,10117.0,-6335.0,10121.0,-6335.0
DecoLine,10121.0,-6335.0,10125.0,-6335.0
DecoLine,10125.0,-6335.0,10129.0,-6335.0
DecoLine,10129.0,-6335.0,10134.0,-6335.0
DecoLine,10134.0,-6335.0,10142.0,-6335.0
DecoLine,10142.0,-6335.0,10148.0,-6335.0
DecoLine,10148.0,-6335.0,10155.0,-6335.0
DecoLine,10155.0,-6335.0,10163.0,-6335.0
DecoLine,10163.0,-6335.0,10170.0,-6336.0
DecoLine,10170.0,-6336.0,10178.0,-6336.0
DecoLine,10178.0,-6336.0,10185.0,-6336.0
DecoLine,10185.0,-6336.0,10193.0,-6336.0
DecoLine,10193.0,-6336.0,10199.0,-6336.0
DecoLine,10199.0,-6336.0,10206.0,-6336.0
DecoLine,10206.0,-6336.0,10213.0,-6336.0
DecoLine,10213.0,-6336.0,10216.0,-6336.0
DecoLine,10216.0,-6336.0,10219.0,-6335.0
DecoLine,10219.0,-6335.0,10221.0,-6334.0
DecoLine,10221.0,-6334.0,10223.0,-6334.0
DecoLine,10223.0,-6334.0,10225.0,-6333.0
DecoLine,10225.0,-6333.0,10228.0,-6333.0
DecoLine,10228.0,-6333.0,10231.0,-6333.0
DecoLine,10231.0,-6333.0,10234.0,-6332.0
DecoLine,10234.0,-6332.0,10237.0,-6332.0
DecoLine,10237.0,-6332.0,10239.0,-6332.0
DecoLine,10239.0,-6332.0,10243.0,-6332.0
DecoLine,10243.0,-6332.0,10246.0,-6331.0
DecoLine,10246.0,-6331.0,10249.0,-6330.0
DecoLine,10249.0,-6330.0,10252.0,-6330.0
DecoLine,10252.0,-6330.0,10255.0,-6329.0
DecoLine,10255.0,-6329.0,10256.0,-6329.0
DecoLine,10256.0,-6329.0,10258.0,-6329.0
DecoLine,10258.0,-6329.0,10260.0,-6328.0
DecoLine,10260.0,-6328.0,10262.0,-6328.0
DecoLine,10262.0,-6328.0,10264.0,-6327.0
DecoLine,10264.0,-6327.0,10267.0,-6325.0
DecoLine,10267.0,-6325.0,10269.0,-6323.0
DecoLine,10269.0,-6323.0,10272.0,-6321.0
DecoLine,10272.0,-6321.0,10273.0,-6320.0
DecoLine,10273.0,-6320.0,10274.0,-6319.0
DecoLine,10274.0,-6319.0,10274.0,-6318.0
DecoLine,10274.0,-6318.0,10274.0,-6318.0
DecoLine,10274.0,-6318.0,10274.0,-6317.0
DecoLine,10274.0,-6317.0,10274.0,-6315.0
DecoLine,10274.0,-6315.0,10274.0,-6314.0
DecoLine,10274.0,-6314.0,10274.0,-6313.0
DecoLine,10274.0,-6313.0,10274.0,-6311.0
DecoLine,10274.0,-6311.0,10273.0,-6311.0
DecoLine,10273.0,-6311.0,10273.0,-6310.0
DecoLine,10273.0,-6310.0,10272.0,-6310.0
DecoLine,10272.0,-6310.0,10270.0,-6309.0
DecoLine,10270.0,-6309.0,10268.0,-6308.0
DecoLine,10268.0,-6308.0,10267.0,-6307.0
DecoLine,10267.0,-6307.0,10265.0,-6306.0
DecoLine,10265.0,-6306.0,10262.0,-6305.0
DecoLine,10262.0,-6305.0,10259.0,-6304.0
DecoLine,10259.0,-6304.0,10255.0,-6303.0
DecoLine,10255.0,-6303.0,10251.0,-6302.0
DecoLine,10251.0,-6302.0,10248.0,-6302.0
DecoLine,10248.0,-6302.0,10244.0,-6301.0
DecoLine,10244.0,-6301.0,10239.0,-6300.0
DecoLine,10239.0,-6300.0,10234.0,-6299.0
DecoLine,10234.0,-6299.0,10230.0,-6298.0
DecoLine,10230.0,-6298.0,10226.0,-6298.0
DecoLine,10226.0,-6298.0,10220.0,-6298.0
DecoLine,10220.0,-6298.0,10215.0,-6298.0
DecoLine,10215.0,-6298.0,10210.0,-6298.0
DecoLine,10210.0,-6298.0,10202.0,-6299.0
DecoLine,10202.0,-6299.0,10196.0,-6300.0
DecoLine,10196.0,-6300.0,10190.0,-6302.0
DecoLine,10190.0,-6302.0,10185.0,-6303.0
DecoLine,10185.0,-6303.0,10181.0,-6304.0
DecoLine,10181.0,-6304.0,10177.0,-6305.0
DecoLine,10177.0,-6305.0,10175.0,-6305.0
DecoLine,10175.0,-6305.0,10173.0,-6305.0
DecoLine,10173.0,-6305.0,10170.0,-6306.0
DecoLine,10170.0,-6306.0,10167.0,-6306.0
DecoLine,10167.0,-6306.0,10163.0,-6307.0
DecoLine,10163.0,-6307.0,10159.0,-6307.0
DecoLine,10159.0,-6307.0,10156.0,-6308.0
DecoLine,10156.0,-6308.0,10152.0,-6308.0
DecoLine,10152.0,-6308.0,10148.0,-6309.0
DecoLine,10148.0,-6309.0,10145.0,-6309.0
DecoLine,10145.0,-6309.0,10143.0,-6309.0
DecoLine,10143.0,-6309.0,10140.0,-6309.0
DecoLine,10140.0,-6309.0,10138.0,-6309.0
DecoLine,10138.0,-6309.0,10135.0,-6309.0
DecoLine,10135.0,-6309.0,10131.0,-6309.0
DecoLine,10131.0,-6309.0,10128.0,-6309.0
DecoLine,10128.0,-6309.0,10125.0,-6309.0
DecoLine,10125.0,-6309.0,10123.0,-6309.0
DecoLine,10123.0,-6309.0,10122.0,-6309.0
DecoLine,10122.0,-6309.0,10120.0,-6309.0
DecoLine,10120.0,-6309.0,10119.0,-6309.0
DecoLine,10119.0,-6309.0,10118.0,-6309.0
DecoLine,10118.0,-6309.0,10117.0,-6309.0
DecoLine,10117.0,-6309.0,10117.0,-6309.0
DecoLine,10117.0,-6309.0,10116.0,-6309.0
DecoLine,10116.0,-6309.0,10115.0,-6309.0
DecoLine,10115.0,-6309.0,10114.0,-6309.0
DecoLine,10114.0,-6309.0,10114.0,-6308.0
DecoLine,10114.0,-6308.0,10114.0,-6308.0
DecoLine,10114.0,-6308.0,10114.0,-6308.0
DecoLine,10114.0,-6308.0,10113.0,-6307.0
DecoLine,10113.0,-6307.0,10113.0,-6307.0
DecoLine,10113.0,-6307.0,10113.0,-6307.0
DecoLine,10113.0,-6307.0,10112.0,-6307.0
DecoLine,10112.0,-6307.0,10112.0,-6307.0
DecoLine,10112.0,-6307.0,10111.0,-6307.0
DecoLine,10111.0,-6307.0,10111.0,-6307.0
DecoLine,10111.0,-6307.0,10111.0,-6307.0
DecoLine,10111.0,-6307.0,10110.0,-6307.0
DecoLine,10110.0,-6307.0,10110.0,-6307.0
DecoLine,10110.0,-6307.0,10108.0,-6307.0
DecoLine,10108.0,-6307.0,10107.0,-6307.0
DecoLine,10107.0,-6307.0,10107.0,-6307.0
DecoLine,10107.0,-6307.0,10106.0,-6307.0
DecoLine,10106.0,-6307.0,10106.0,-6307.0
DecoLine,10106.0,-6307.0,10105.0,-6307.0
DecoLine,10105.0,-6307.0,10104.0,-6308.0
DecoLine,9240.0,-6299.0,9240.0,-6299.0
DecoLine,9240.0,-6299.0,9240.0,-6299.0
DecoLine,9240.0,-6299.0,9240.0,-6298.0
DecoLine,9240.0,-6298.0,9240.0,-6295.0
DecoLine,9240.0,-6295.0,9241.0,-6293.0
DecoLine,9241.0,-6293.0,9242.0,-6291.0
DecoLine,9242.0,-6291.0,9242.0,-6289.0
DecoLine,9242.0,-6289.0,9243.0,-6287.0
DecoLine,9243.0,-6287.0,9244.0,-6286.0
DecoLine,9244.0,-6286.0,9244.0,-6286.0
DecoLine,9244.0,-6286.0,9244.0,-6287.0
DecoLine,9244.0,-6287.0,9243.0,-6289.0
DecoLine,9243.0,-6289.0,9241.0,-6290.0
DecoLine,9241.0,-6290.0,9240.0,-6292.0
DecoLine,9240.0,-6292.0,9238.0,-6294.0
DecoLine,9238.0,-6294.0,9236.0,-6295.0
DecoLine,9236.0,-6295.0,9234.0,-6297.0
DecoLine,9234.0,-6297.0,9232.0,-6298.0
DecoLine,9232.0,-6298.0,9231.0,-6298.0
DecoLine,9231.0,-6298.0,9230.0,-6299.0
DecoLine,9230.0,-6299.0,9229.0,-6299.0
DecoLine,9229.0,-6299.0,9228.0,-6300.0
DecoLine,9228.0,-6300.0,9227.0,-6302.0
DecoLine,9227.0,-6302.0,9225.0,-6304.0
DecoLine,9225.0,-6304.0,9224.0,-6305.0
DecoLine,9224.0,-6305.0,9222.0,-6306.0
DecoLine,9222.0,-6306.0,9220.0,-6306.0
DecoLine,9220.0,-6306.0,9219.0,-6307.0
DecoLine,9219.0,-6307.0,9219.0,-6307.0
DecoLine,9219.0,-6307.0,9219.0,-6306.0
DecoLine,9219.0,-6306.0,9219.0,-6305.0
DecoLine,9219.0,-6305.0,9219.0,-6303.0
DecoLine,9219.0,-6303.0,9219.0,-6301.0
DecoLine,9219.0,-6301.0,9219.0,-6299.0
DecoLine,9219.0,-6299.0,9219.0,-6298.0
DecoLine,9219.0,-6298.0,9220.0,-6296.0
DecoLine,9220.0,-6296.0,9220.0,-6295.0
DecoLine,9220.0,-6295.0,9221.0,-6295.0
DecoLine,9221.0,-6295.0,9221.0,-6294.0
DecoLine,9221.0,-6294.0,9221.0,-6294.0
DecoLine,9221.0,-6294.0,9220.0,-6294.0
DecoLine,9220.0,-6294.0,9220.0,-6294.0
DecoLine,9220.0,-6294.0,9218.0,-6295.0
DecoLine,9218.0,-6295.0,9216.0,-6297.0
DecoLine,9216.0,-6297.0,9213.0,-6299.0
DecoLine,9213.0,-6299.0,9210.0,-6301.0
DecoLine,9210.0,-6301.0,9207.0,-6303.0
DecoLine,9207.0,-6303.0,9205.0,-6304.0
DecoLine,9205.0,-6304.0,9203.0,-6305.0
DecoLine,9203.0,-6305.0,9202.0,-6305.0
DecoLine,9202.0,-6305.0,9202.0,-6305.0
DecoLine,9202.0,-6305.0,9202.0,-6304.0
DecoLine,9202.0,-6304.0,9202.0,-6303.0
DecoLine,9202.0,-6303.0,9202.0,-6301.0
DecoLine,9202.0,-6301.0,9202.0,-6300.0
DecoLine,9202.0,-6300.0,9202.0,-6299.0
DecoLine,9202.0,-6299.0,9202.0,-6299.0
DecoLine,9202.0,-6299.0,9201.0,-6299.0
DecoLine,9201.0,-6299.0,9200.0,-6299.0
DecoLine,9200.0,-6299.0,9198.0,-6299.0
DecoLine,9198.0,-6299.0,9195.0,-6299.0
DecoLine,9195.0,-6299.0,9191.0,-6299.0
DecoLine,9191.0,-6299.0,9187.0,-6299.0
DecoLine,9187.0,-6299.0,9183.0,-6299.0
DecoLine,9183.0,-6299.0,9180.0,-6299.0
DecoLine,9180.0,-6299.0,9177.0,-6299.0
DecoLine,9177.0,-6299.0,9175.0,-6299.0
DecoLine,9175.0,-6299.0,9172.0,-6299.0
DecoLine,9172.0,-6299.0,9171.0,-6299.0
DecoLine,9171.0,-6299.0,9169.0,-6299.0
DecoLine,9169.0,-6299.0,9167.0,-6299.0
DecoLine,9167.0,-6299.0,9166.0,-6299.0
DecoLine,9166.0,-6299.0,9166.0,-6299.0
DecoLine,9166.0,-6299.0,9165.0,-6299.0
DecoLine,9165.0,-6299.0,9165.0,-6299.0
DecoLine,9165.0,-6299.0,9164.0,-6298.0
DecoLine,9164.0,-6298.0,9164.0,-6297.0
DecoLine,9164.0,-6297.0,9162.0,-6297.0
DecoLine,9162.0,-6297.0,9158.0,-6298.0
DecoLine,9158.0,-6298.0,9153.0,-6300.0
DecoLine,9153.0,-6300.0,9147.0,-6303.0
DecoLine,9147.0,-6303.0,9141.0,-6306.0
DecoLine,9141.0,-6306.0,9136.0,-6307.0
DecoLine,9136.0,-6307.0,9132.0,-6309.0
DecoLine,9132.0,-6309.0,9129.0,-6309.0
DecoLine,9129.0,-6309.0,9124.0,-6310.0
DecoLine,9124.0,-6310.0,9121.0,-6310.0
DecoLine,9121.0,-6310.0,9117.0,-6310.0
DecoLine,9117.0,-6310.0,9114.0,-6311.0
DecoLine,9114.0,-6311.0,9111.0,-6311.0
DecoLine,9111.0,-6311.0,9109.0,-6311.0
DecoLine,9109.0,-6311.0,9107.0,-6311.0
DecoLine,9107.0,-6311.0,9105.0,-6312.0
DecoLine,9105.0,-6312.0,9103.0,-6312.0
DecoLine,9103.0,-6312.0,9102.0,-6312.0
DecoLine,9102.0,-6312.0,9100.0,-6313.0
DecoLine,9100.0,-6313.0,9097.0,-6314.0
DecoLine,9097.0,-6314.0,9095.0,-6315.0
DecoLine,9095.0,-6315.0,9093.0,-6316.0
DecoLine,9093.0,-6316.0,9090.0,-6318.0
DecoLine,9090.0,-6318.0,9088.0,-6319.0
DecoLine,9088.0,-6319.0,9086.0,-6320.0
DecoLine,9086.0,-6320.0,9086.0,-6321.0
DecoLine,9086.0,-6321.0,9085.0,-6323.0
DecoLine,9085.0,-6323.0,9084.0,-6325.0
DecoLine,9084.0,-6325.0,9083.0,-6327.0
DecoLine,9083.0,-6327.0,9083.0,-6330.0
DecoLine,9083.0,-6330.0,9082.0,-6332.0
DecoLine,9082.0,-6332.0,9081.0,-6334.0
DecoLine,9081.0,-6334.0,9080.0,-6337.0
DecoLine,9080.0,-6337.0,9078.0,-6340.0
DecoLine,9078.0,-6340.0,9077.0,-6341.0
DecoLine,9077.0,-6341.0,9075.0,-6344.0
DecoLine,9075.0,-6344.0,9072.0,-6347.0
DecoLine,9072.0,-6347.0,9069.0,-6350.0
DecoLine,9069.0,-6350.0,9066.0,-6352.0
DecoLine,9066.0,-6352.0,9064.0,-6353.0
DecoLine,9064.0,-6353.0,9062.0,-6354.0
DecoLine,9062.0,-6354.0,9061.0,-6354.0
DecoLine,9061.0,-6354.0,9060.0,-6355.0
DecoLine,9060.0,-6355.0,9058.0,-6356.0
DecoLine,9058.0,-6356.0,9057.0,-6357.0
DecoLine,9057.0,-6357.0,9056.0,-6357.0
DecoLine,9056.0,-6357.0,9056.0,-6358.0
DecoLine,9056.0,-6358.0,9055.0,-6358.0
DecoLine,9055.0,-6358.0,9055.0,-6358.0
DecoLine,9055.0,-6358.0,9054.0,-6358.0
DecoLine,9054.0,-6358.0,9054.0,-6356.0
DecoLine,9054.0,-6356.0,9054.0,-6355.0
DecoLine,9054.0,-6355.0,9054.0,-6353.0
DecoLine,9054.0,-6353.0,9054.0,-6350.0
DecoLine,9054.0,-6350.0,9054.0,-6347.0
DecoLine,9054.0,-6347.0,9054.0,-6346.0
DecoLine,9054.0,-6346.0,9056.0,-6344.0
DecoLine,9056.0,-6344.0,9057.0,-6342.0
DecoLine,9057.0,-6342.0,9059.0,-6340.0
DecoLine,9059.0,-6340.0,9059.0,-6339.0
DecoLine,9059.0,-6339.0,9060.0,-6337.0
DecoLine,9060.0,-6337.0,9061.0,-6336.0
DecoLine,9061.0,-6336.0,9062.0,-6335.0
DecoLine,9062.0,-6335.0,9063.0,-6334.0
DecoLine,9063.0,-6334.0,9063.0,-6334.0
DecoLine,9063.0,-6334.0,9064.0,-6334.0
DecoLine,9064.0,-6334.0,9064.0,-6335.0
DecoLine,9064.0,-6335.0,9064.0,-6339.0
DecoLine,9064.0,-6339.0,9064.0,-6344.0
DecoLine,9064.0,-6344.0,9064.0,-6349.0
DecoLine,9064.0,-6349.0,9063.0,-6352.0
DecoLine,9063.0,-6352.0,9062.0,-6355.0
DecoLine,9062.0,-6355.0,9061.0,-6357.0
DecoLine,9061.0,-6357.0,9060.0,-6357.0
DecoLine,9060.0,-6357.0,9059.0,-6358.0
DecoLine,9059.0,-6358.0,9059.0,-6358.0
DecoLine,9059.0,-6358.0,9059.0,-6357.0
DecoLine,9059.0,-6357.0,9059.0,-6356.0
DecoLine,9059.0,-6356.0,9059.0,-6354.0
DecoLine,9059.0,-6354.0,9059.0,-6352.0
DecoLine,9059.0,-6352.0,9059.0,-6348.0
DecoLine,9059.0,-6348.0,9061.0,-6345.0
DecoLine,9061.0,-6345.0,9062.0,-6342.0
DecoLine,9062.0,-6342.0,9063.0,-6340.0
DecoLine,9063.0,-6340.0,9063.0,-6340.0
DecoLine,9063.0,-6340.0,9064.0,-6339.0
DecoLine,9064.0,-6339.0,9064.0,-6339.0
DecoLine,9064.0,-6339.0,9064.0,-6339.0
DecoLine,9064.0,-6339.0,9065.0,-6339.0
DecoLine,9065.0,-6339.0,9065.0,-6340.0
DecoLine,9065.0,-6340.0,9065.0,-6343.0
DecoLine,9065.0,-6343.0,9065.0,-6345.0
DecoLine,9065.0,-6345.0,9065.0,-6348.0
DecoLine,9065.0,-6348.0,9064.0,-6350.0
DecoLine,9064.0,-6350.0,9064.0,-6352.0
DecoLine,9064.0,-6352.0,9063.0,-6352.0
DecoLine,9063.0,-6352.0,9063.0,-6351.0
DecoLine,9063.0,-6351.0,9063.0,-6347.0
DecoLine,9063.0,-6347.0,9063.0,-6344.0
DecoLine,9063.0,-6344.0,9064.0,-6340.0
DecoLine,9064.0,-6340.0,9067.0,-6336.0
DecoLine,9067.0,-6336.0,9070.0,-6334.0
DecoLine,9070.0,-6334.0,9072.0,-6333.0
DecoLine,9072.0,-6333.0,9074.0,-6332.0
DecoLine,9074.0,-6332.0,9075.0,-6331.0
DecoLine,9075.0,-6331.0,9075.0,-6331.0
DecoLine,9075.0,-6331.0,9075.0,-6331.0
DecoLine,9075.0,-6331.0,9074.0,-6332.0
DecoLine,9074.0,-6332.0,9073.0,-6333.0
DecoLine,9073.0,-6333.0,9072.0,-6334.0
DecoLine,9072.0,-6334.0,9072.0,-6334.0
DecoLine,9072.0,-6334.0,9072.0,-6334.0
DecoLine,9072.0,-6334.0,9073.0,-6331.0
DecoLine,9073.0,-6331.0,9076.0,-6328.0
DecoLine,9076.0,-6328.0,9081.0,-6324.0
DecoLine,9081.0,-6324.0,9086.0,-6320.0
DecoLine,9086.0,-6320.0,9090.0,-6317.0
DecoLine,9090.0,-6317.0,9094.0,-6314.0
DecoLine,9094.0,-6314.0,9097.0,-6313.0
DecoLine,9097.0,-6313.0,9099.0,-6312.0
DecoLine,9099.0,-6312.0,9100.0,-6312.0
DecoLine,9100.0,-6312.0,9101.0,-6312.0
DecoLine,9101.0,-6312.0,9101.0,-6312.0
DecoLine,9101.0,-6312.0,9102.0,-6312.0
DecoLine,9102.0,-6312.0,9101.0,-6313.0
DecoLine,9101.0,-6313.0,9099.0,-6315.0
DecoLine,9099.0,-6315.0,9097.0,-6317.0
DecoLine,9097.0,-6317.0,9095.0,-6319.0
DecoLine,9095.0,-6319.0,9093.0,-6320.0
DecoLine,9093.0,-6320.0,9091.0,-6321.0
DecoLine,9091.0,-6321.0,9090.0,-6321.0
DecoLine,9090.0,-6321.0,9089.0,-6322.0
DecoLine,9089.0,-6322.0,9089.0,-6322.0
DecoLine,9089.0,-6322.0,9090.0,-6322.0
DecoLine,9090.0,-6322.0,9092.0,-6322.0
DecoLine,9092.0,-6322.0,9094.0,-6321.0
DecoLine,9094.0,-6321.0,9096.0,-6319.0
DecoLine,9096.0,-6319.0,9100.0,-6317.0
DecoLine,9100.0,-6317.0,9104.0,-6316.0
DecoLine,9104.0,-6316.0,9109.0,-6315.0
DecoLine,9109.0,-6315.0,9114.0,-6314.0
DecoLine,9114.0,-6314.0,9120.0,-6314.0
DecoLine,9120.0,-6314.0,9125.0,-6313.0
DecoLine,9125.0,-6313.0,9129.0,-6313.0
DecoLine,9129.0,-6313.0,9133.0,-6312.0
DecoLine,9133.0,-6312.0,9136.0,-6312.0
DecoLine,9136.0,-6312.0,9140.0,-6311.0
DecoLine,9140.0,-6311.0,9144.0,-6310.0
DecoLine,9144.0,-6310.0,9147.0,-6309.0
DecoLine,9147.0,-6309.0,9151.0,-6307.0
DecoLine,9151.0,-6307.0,9155.0,-6306.0
DecoLine,9155.0,-6306.0,9159.0,-6305.0
DecoLine,9159.0,-6305.0,9162.0,-6305.0
DecoLine,9162.0,-6305.0,9166.0,-6304.0
DecoLine,9166.0,-6304.0,9169.0,-6304.0
DecoLine,9169.0,-6304.0,9172.0,-6304.0
DecoLine,9172.0,-6304.0,9174.0,-6304.0
DecoLine,9174.0,-6304.0,9177.0,-6304.0
DecoLine,9177.0,-6304.0,9179.0,-6303.0
DecoLine,9179.0,-6303.0,9182.0,-6303.0
DecoLine,9182.0,-6303.0,9184.0,-6302.0
DecoLine,9184.0,-6302.0,9187.0,-6302.0
DecoLine,9187.0,-6302.0,9190.0,-6301.0
DecoLine,9190.0,-6301.0,9194.0,-6301.0
DecoLine,9194.0,-6301.0,9197.0,-6301.0
DecoLine,9197.0,-6301.0,9200.0,-6301.0
DecoLine,9200.0,-6301.0,9204.0,-6301.0
DecoLine,9204.0,-6301.0,9207.0,-6301.0
DecoLine,9207.0,-6301.0,9209.0,-6301.0
DecoLine,9209.0,-6301.0,9211.0,-6301.0
DecoLine,9211.0,-6301.0,9213.0,-6301.0
DecoLine,9213.0,-6301.0,9215.0,-6301.0
DecoLine,9215.0,-6301.0,9218.0,-6301.0
DecoLine,9218.0,-6301.0,9222.0,-6301.0
DecoLine,9222.0,-6301.0,9226.0,-6301.0
DecoLine,9226.0,-6301.0,9229.0,-6301.0
DecoLine,9229.0,-6301.0,9232.0,-6301.0
DecoLine,9232.0,-6301.0,9234.0,-6301.0
DecoLine,9234.0,-6301.0,9236.0,-6301.0
DecoLine,9236.0,-6301.0,9236.0,-6301.0
DecoLine,9236.0,-6301.0,9237.0,-6301.0
DecoLine,9237.0,-6301.0,9237.0,-6300.0
DecoLine,9237.0,-6300.0,9238.0,-6300.0
DecoLine,9238.0,-6300.0,9238.0,-6300.0
DecoLine,9238.0,-6300.0,9239.0,-6299.0
DecoLine,9239.0,-6299.0,9240.0,-6299.0
DecoLine,9240.0,-6299.0,9241.0,-6299.0
DecoLine,9241.0,-6299.0,9242.0,-6299.0
DecoLine,9242.0,-6299.0,9242.0,-6298.0
DecoLine,9242.0,-6298.0,9242.0,-6297.0
DecoLine,9242.0,-6297.0,9242.0,-6297.0
DecoLine,9242.0,-6297.0,9242.0,-6297.0
DecoLine,9242.0,-6297.0,9242.0,-6296.0
DecoLine,9242.0,-6296.0,9242.0,-6296.0
DecoLine,9242.0,-6296.0,9242.0,-6295.0
DecoLine,9242.0,-6295.0,9241.0,-6294.0
DecoLine,9241.0,-6294.0,9239.0,-6293.0
DecoLine,9239.0,-6293.0,9237.0,-6292.0
DecoLine,9237.0,-6292.0,9235.0,-6291.0
DecoLine,9235.0,-6291.0,9233.0,-6291.0
DecoLine,9233.0,-6291.0,9232.0,-6290.0
DecoLine,9232.0,-6290.0,9230.0,-6290.0
DecoLine,9230.0,-6290.0,9229.0,-6290.0
DecoLine,9229.0,-6290.0,9227.0,-6290.0
DecoLine,9227.0,-6290.0,9225.0,-6290.0
DecoLine,9225.0,-6290.0,9222.0,-6290.0
DecoLine,9222.0,-6290.0,9220.0,-6290.0
DecoLine,9220.0,-6290.0,9218.0,-6290.0
DecoLine,9218.0,-6290.0,9215.0,-6290.0
DecoLine,9215.0,-6290.0,9212.0,-6290.0
DecoLine,9212.0,-6290.0,9208.0,-6290.0
DecoLine,9208.0,-6290.0,9205.0,-6290.0
DecoLine,9205.0,-6290.0,9202.0,-6290.0
DecoLine,9202.0,-6290.0,9198.0,-6290.0
DecoLine,9198.0,-6290.0,9195.0,-6290.0
DecoLine,9195.0,-6290.0,9191.0,-6291.0
DecoLine,9191.0,-6291.0,9186.0,-6291.0
DecoLine,9186.0,-6291.0,9183.0,-6291.0
DecoLine,9183.0,-6291.0,9181.0,-6291.0
DecoLine,9181.0,-6291.0,9178.0,-6291.0
DecoLine,9178.0,-6291.0,9176.0,-6291.0
DecoLine,9176.0,-6291.0,9173.0,-6291.0
DecoLine,9173.0,-6291.0,9171.0,-6291.0
DecoLine,9171.0,-6291.0,9169.0,-6291.0
DecoLine,9169.0,-6291.0,9166.0,-6291.0
DecoLine,9166.0,-6291.0,9163.0,-6292.0
DecoLine,9163.0,-6292.0,9160.0,-6292.0
DecoLine,9160.0,-6292.0,9157.0,-6293.0
DecoLine,9157.0,-6293.0,9154.0,-6293.0
DecoLine,9154.0,-6293.0,9152.0,-6294.0
DecoLine,9152.0,-6294.0,9150.0,-6295.0
DecoLine,9150.0,-6295.0,9148.0,-6296.0
DecoLine,9148.0,-6296.0,9147.0,-6296.0
DecoLine,9147.0,-6296.0,9145.0,-6297.0
DecoLine,9145.0,-6297.0,9142.0,-6298.0
DecoLine,9142.0,-6298.0,9140.0,-6298.0
DecoLine,9140.0,-6298.0,9137.0,-6299.0
DecoLine,9137.0,-6299.0,9133.0,-6300.0
DecoLine,9133.0,-6300.0,9130.0,-6300.0
DecoLine,9130.0,-6300.0,9126.0,-6301.0
DecoLine,9126.0,-6301.0,9123.0,-6302.0
DecoLine,9123.0,-6302.0,9120.0,-6303.0
DecoLine,9120.0,-6303.0,9119.0,-6304.0
DecoLine,9119.0,-6304.0,9118.0,-6304.0
DecoLine,9118.0,-6304.0,9117.0,-6305.0
DecoLine,9117.0,-6305.0,9116.0,-6305.0
DecoLine,9116.0,-6305.0,9116.0,-6306.0
DecoLine,9116.0,-6306.0,9116.0,-6306.0
DecoLine,9116.0,-6306.0,9115.0,-6306.0
DecoLine,9115.0,-6306.0,9115.0,-6306.0
DecoLine,9115.0,-6306.0,9115.0,-6307.0
DecoLine,9115.0,-6307.0,9115.0,-6307.0
DecoLine,9065.0,-6362.0,9066.0,-6362.0
DecoLine,9066.0,-6362.0,9066.0,-6363.0
DecoLine,9066.0,-6363.0,9066.0,-6363.0
DecoLine,9066.0,-6363.0,9065.0,-6363.0
DecoLine,9065.0,-6363.0,9064.0,-6362.0
DecoLine,9064.0,-6362.0,9062.0,-6362.0
DecoLine,9062.0,-6362.0,9060.0,-6362.0
DecoLine,9060.0,-6362.0,9060.0,-6362.0
DecoLine,9060.0,-6362.0,9059.0,-6361.0
DecoLine,9059.0,-6361.0,9059.0,-6361.0
DecoLine,9059.0,-6361.0,9059.0,-6361.0
DecoLine,9059.0,-6361.0,9060.0,-6361.0
DecoLine,9060.0,-6361.0,9063.0,-6361.0
DecoLine,9063.0,-6361.0,9070.0,-6362.0
DecoLine,9070.0,-6362.0,9080.0,-6364.0
DecoLine,9080.0,-6364.0,9082.0,-6365.0
DecoLine,9082.0,-6365.0,9082.0,-6366.0
DecoLine,9082.0,-6366.0,9082.0,-6366.0
DecoLine,9082.0,-6366.0,9082.0,-6367.0
DecoLine,9082.0,-6367.0,9082.0,-6367.0
DecoLine,9082.0,-6367.0,9079.0,-6367.0
DecoLine,9079.0,-6367.0,9078.0,-6367.0
DecoLine,9078.0,-6367.0,9076.0,-6367.0
DecoLine,9076.0,-6367.0,9070.0,-6365.0
DecoLine,9070.0,-6365.0,9067.0,-6364.0
DecoLine,9067.0,-6364.0,9066.0,-6364.0
DecoLine,9066.0,-6364.0,9067.0,-6364.0
DecoLine,9067.0,-6364.0,9068.0,-6364.0
DecoLine,9068.0,-6364.0,9070.0,-6365.0
DecoLine,9070.0,-6365.0,9081.0,-6366.0
DecoLine,9081.0,-6366.0,9106.0,-6370.0
DecoLine,9106.0,-6370.0,9128.0,-6375.0
DecoLine,9128.0,-6375.0,9138.0,-6376.0
DecoLine,9138.0,-6376.0,9143.0,-6378.0
DecoLine,9143.0,-6378.0,9143.0,-6378.0
DecoLine,9143.0,-6378.0,9143.0,-6378.0
DecoLine,9143.0,-6378.0,9144.0,-6377.0
DecoLine,9144.0,-6377.0,9142.0,-6377.0
DecoLine,9142.0,-6377.0,9138.0,-6376.0
DecoLine,9138.0,-6376.0,9137.0,-6375.0
DecoLine,9137.0,-6375.0,9131.0,-6374.0
DecoLine,9131.0,-6374.0,9127.0,-6374.0
DecoLine,9127.0,-6374.0,9124.0,-6374.0
DecoLine,9124.0,-6374.0,9122.0,-6374.0
DecoLine,9122.0,-6374.0,9121.0,-6374.0
DecoLine,9121.0,-6374.0,9120.0,-6374.0
DecoLine,9120.0,-6374.0,9118.0,-6373.0
DecoLine,9118.0,-6373.0,9112.0,-6373.0
DecoLine,9112.0,-6373.0,9105.0,-6374.0
DecoLine,9105.0,-6374.0,9100.0,-6374.0
DecoLine,9100.0,-6374.0,9095.0,-6374.0
DecoLine,9095.0,-6374.0,9092.0,-6373.0
DecoLine,9092.0,-6373.0,9091.0,-6372.0
DecoLine,9091.0,-6372.0,9091.0,-6372.0
DecoLine,9091.0,-6372.0,9091.0,-6372.0
DecoLine,9091.0,-6372.0,9091.0,-6371.0
DecoLine,9091.0,-6371.0,9091.0,-6371.0
DecoLine,9091.0,-6371.0,9091.0,-6371.0
DecoLine,9091.0,-6371.0,9094.0,-6371.0
DecoLine,9094.0,-6371.0,9100.0,-6370.0
DecoLine,9100.0,-6370.0,9108.0,-6370.0
DecoLine,9108.0,-6370.0,9112.0,-6370.0
DecoLine,9112.0,-6370.0,9115.0,-6370.0
DecoLine,9115.0,-6370.0,9119.0,-6371.0
DecoLine,9119.0,-6371.0,9125.0,-6371.0
DecoLine,9125.0,-6371.0,9127.0,-6371.0
DecoLine,9127.0,-6371.0,9131.0,-6371.0
DecoLine,9131.0,-6371.0,9133.0,-6371.0
DecoLine,9133.0,-6371.0,9135.0,-6371.0
DecoLine,9135.0,-6371.0,9136.0,-6371.0
DecoLine,9136.0,-6371.0,9137.0,-6371.0
DecoLine,9137.0,-6371.0,9137.0,-6371.0
DecoLine,9137.0,-6371.0,9138.0,-6370.0
DecoLine,9138.0,-6370.0,9141.0,-6370.0
DecoLine,9141.0,-6370.0,9146.0,-6370.0
DecoLine,9146.0,-6370.0,9149.0,-6370.0
DecoLine,9149.0,-6370.0,9152.0,-6370.0
DecoLine,9152.0,-6370.0,9157.0,-6370.0
DecoLine,9157.0,-6370.0,9162.0,-6370.0
DecoLine,9162.0,-6370.0,9167.0,-6370.0
DecoLine,9167.0,-6370.0,9170.0,-6370.0
DecoLine,9170.0,-6370.0,9174.0,-6370.0
DecoLine,9174.0,-6370.0,9176.0,-6370.0
DecoLine,9176.0,-6370.0,9179.0,-6371.0
DecoLine,9179.0,-6371.0,9185.0,-6372.0
DecoLine,9185.0,-6372.0,9192.0,-6373.0
DecoLine,9192.0,-6373.0,9197.0,-6373.0
DecoLine,9197.0,-6373.0,9199.0,-6373.0
DecoLine,9199.0,-6373.0,9200.0,-6374.0
DecoLine,9200.0,-6374.0,9201.0,-6374.0
DecoLine,9201.0,-6374.0,9202.0,-6374.0
DecoLine,9202.0,-6374.0,9203.0,-6374.0
DecoLine,9203.0,-6374.0,9204.0,-6374.0
DecoLine,9204.0,-6374.0,9205.0,-6375.0
DecoLine,9205.0,-6375.0,9206.0,-6375.0
DecoLine,9206.0,-6375.0,9207.0,-6375.0
DecoLine,9207.0,-6375.0,9208.0,-6375.0
DecoLine,9208.0,-6375.0,9209.0,-6376.0
DecoLine,9209.0,-6376.0,9212.0,-6376.0
DecoLine,9212.0,-6376.0,9223.0,-6377.0
DecoLine,9223.0,-6377.0,9226.0,-6377.0
DecoLine,9226.0,-6377.0,9227.0,-6378.0
DecoLine,9227.0,-6378.0,9227.0,-6378.0
DecoLine,9227.0,-6378.0,9227.0,-6379.0
DecoLine,9227.0,-6379.0,9227.0,-6379.0
DecoLine,9227.0,-6379.0,9227.0,-6380.0
DecoLine,9227.0,-6380.0,9228.0,-6380.0
DecoLine,9228.0,-6380.0,9228.0,-6381.0
DecoLine,9228.0,-6381.0,9227.0,-6382.0
DecoLine,9227.0,-6382.0,9226.0,-6383.0
DecoLine,9226.0,-6383.0,9224.0,-6384.0
DecoLine,9224.0,-6384.0,9222.0,-6385.0
DecoLine,9222.0,-6385.0,9219.0,-6386.0
DecoLine,9219.0,-6386.0,9217.0,-6387.0
DecoLine,9217.0,-6387.0,9216.0,-6388.0
DecoLine,9216.0,-6388.0,9215.0,-6388.0
DecoLine,9215.0,-6388.0,9213.0,-6388.0
DecoLine,9213.0,-6388.0,9212.0,-6388.0
DecoLine,9212.0,-6388.0,9211.0,-6388.0
DecoLine,9211.0,-6388.0,9209.0,-6389.0
DecoLine,9209.0,-6389.0,9206.0,-6389.0
DecoLine,9206.0,-6389.0,9202.0,-6390.0
DecoLine,9202.0,-6390.0,9199.0,-6391.0
DecoLine,9199.0,-6391.0,9197.0,-6392.0
DecoLine,9197.0,-6392.0,9195.0,-6393.0
DecoLine,9195.0,-6393.0,9193.0,-6394.0
DecoLine,9193.0,-6394.0,9188.0,-6394.0
DecoLine,9188.0,-6394.0,9184.0,-6395.0
DecoLine,9184.0,-6395.0,9180.0,-6396.0
DecoLine,9180.0,-6396.0,9175.0,-6398.0
DecoLine,9175.0,-6398.0,9173.0,-6398.0
DecoLine,9173.0,-6398.0,9172.0,-6398.0
DecoLine,9172.0,-6398.0,9172.0,-6398.0
DecoLine,9172.0,-6398.0,9170.0,-6399.0
DecoLine,9170.0,-6399.0,9167.0,-6400.0
DecoLine,9167.0,-6400.0,9165.0,-6400.0
DecoLine,9165.0,-6400.0,9161.0,-6401.0
DecoLine,9161.0,-6401.0,9157.0,-6402.0
DecoLine,9157.0,-6402.0,9155.0,-6403.0
DecoLine,9155.0,-6403.0,9153.0,-6403.0
DecoLine,9153.0,-6403.0,9151.0,-6403.0
DecoLine,9151.0,-6403.0,9148.0,-6403.0
DecoLine,9148.0,-6403.0,9143.0,-6404.0
DecoLine,9143.0,-6404.0,9140.0,-6405.0
DecoLine,9140.0,-6405.0,9137.0,-6405.0
DecoLine,9137.0,-6405.0,9135.0,-6405.0
DecoLine,9135.0,-6405.0,9133.0,-6406.0
DecoLine,9133.0,-6406.0,9129.0,-6406.0
DecoLine,9129.0,-6406.0,9122.0,-6407.0
DecoLine,9122.0,-6407.0,9118.0,-6409.0
DecoLine,9118.0,-6409.0,9114.0,-6409.0
DecoLine,9114.0,-6409.0,9111.0,-6409.0
DecoLine,9111.0,-6409.0,9109.0,-6409.0
DecoLine,9109.0,-6409.0,9107.0,-6409.0
DecoLine,9107.0,-6409.0,9104.0,-6409.0
DecoLine,9104.0,-6409.0,9100.0,-6408.0
DecoLine,9100.0,-6408.0,9094.0,-6408.0
DecoLine,9094.0,-6408.0,9088.0,-6408.0
DecoLine,9088.0,-6408.0,9085.0,-6408.0
DecoLine,9085.0,-6408.0,9082.0,-6408.0
DecoLine,9082.0,-6408.0,9081.0,-6408.0
DecoLine,9081.0,-6408.0,9078.0,-6408.0
DecoLine,9078.0,-6408.0,9077.0,-6408.0
DecoLine,9077.0,-6408.0,9075.0,-6408.0
DecoLine,9075.0,-6408.0,9075.0,-6408.0
DecoLine,9075.0,-6408.0,9074.0,-6408.0
DecoLine,9074.0,-6408.0,9073.0,-6409.0
DecoLine,9073.0,-6409.0,9070.0,-6410.0
DecoLine,9070.0,-6410.0,9067.0,-6410.0
DecoLine,9067.0,-6410.0,9064.0,-6410.0
DecoLine,9064.0,-6410.0,9064.0,-6410.0
DecoLine,9064.0,-6410.0,9063.0,-6410.0
DecoLine,9063.0,-6410.0,9063.0,-6410.0
DecoLine,9063.0,-6410.0,9062.0,-6412.0
DecoLine,9062.0,-6412.0,9061.0,-6412.0
DecoLine,9061.0,-6412.0,9061.0,-6412.0
DecoLine,9061.0,-6412.0,9059.0,-6412.0
DecoLine,9059.0,-6412.0,9057.0,-6412.0
DecoLine,9057.0,-6412.0,9055.0,-6412.0
DecoLine,9055.0,-6412.0,9053.0,-6412.0
DecoLine,9053.0,-6412.0,9054.0,-6412.0
DecoLine,9054.0,-6412.0,9054.0,-6411.0
DecoLine,9054.0,-6411.0,9054.0,-6411.0
DecoLine,9054.0,-6411.0,9055.0,-6409.0
DecoLine,9055.0,-6409.0,9056.0,-6409.0
DecoLine,9056.0,-6409.0,9056.0,-6408.0
DecoLine,9056.0,-6408.0,9057.0,-6408.0
DecoLine,9057.0,-6408.0,9061.0,-6407.0
DecoLine,9061.0,-6407.0,9062.0,-6406.0
DecoLine,9062.0,-6406.0,9062.0,-6407.0
DecoLine,9062.0,-6407.0,9062.0,-6408.0
DecoLine,9062.0,-6408.0,9062.0,-6409.0
DecoLine,9062.0,-6409.0,9061.0,-6410.0
DecoLine,9061.0,-6410.0,9058.0,-6412.0
DecoLine,9058.0,-6412.0,9056.0,-6414.0
DecoLine,9056.0,-6414.0,9056.0,-6414.0
DecoLine,9056.0,-6414.0,9056.0,-6414.0
DecoLine,9056.0,-6414.0,9057.0,-6413.0
DecoLine,9057.0,-6413.0,9063.0,-6410.0
DecoLine,9063.0,-6410.0,9070.0,-6410.0
DecoLine,9070.0,-6410.0,9082.0,-6410.0
DecoLine,9082.0,-6410.0,9084.0,-6410.0
DecoLine,9084.0,-6410.0,9085.0,-6410.0
DecoLine,9085.0,-6410.0,9085.0,-6410.0
DecoLine,9085.0,-6410.0,9084.0,-6410.0
DecoLine,9084.0,-6410.0,9083.0,-6411.0
DecoLine,9083.0,-6411.0,9081.0,-6413.0
DecoLine,9081.0,-6413.0,9075.0,-6416.0
DecoLine,9075.0,-6416.0,9070.0,-6417.0
DecoLine,9070.0,-6417.0,9068.0,-6417.0
DecoLine,9068.0,-6417.0,9068.0,-6417.0
DecoLine,9068.0,-6417.0,9070.0,-6417.0
DecoLine,9070.0,-6417.0,9073.0,-6416.0
DecoLine,9073.0,-6416.0,9085.0,-6412.0
DecoLine,9085.0,-6412.0,9106.0,-6409.0
DecoLine,9106.0,-6409.0,9111.0,-6409.0
DecoLine,9111.0,-6409.0,9113.0,-6409.0
DecoLine,9113.0,-6409.0,9113.0,-6409.0
DecoLine,9113.0,-6409.0,9112.0,-6410.0
DecoLine,9112.0,-6410.0,9109.0,-6410.0
DecoLine,9109.0,-6410.0,9101.0,-6412.0
DecoLine,9101.0,-6412.0,9093.0,-6413.0
DecoLine,9093.0,-6413.0,9084.0,-6413.0
DecoLine,9084.0,-6413.0,9082.0,-6413.0
DecoLine,9082.0,-6413.0,9082.0,-6413.0
DecoLine,9082.0,-6413.0,9085.0,-6413.0
DecoLine,9085.0,-6413.0,9093.0,-6412.0
DecoLine,9093.0,-6412.0,9115.0,-6411.0
DecoLine,9115.0,-6411.0,9130.0,-6411.0
DecoLine,9130.0,-6411.0,9146.0,-6410.0
DecoLine,9146.0,-6410.0,9150.0,-6410.0
DecoLine,9150.0,-6410.0,9150.0,-6410.0
DecoLine,9150.0,-6410.0,9150.0,-6410.0
DecoLine,9150.0,-6410.0,9149.0,-6410.0
DecoLine,9149.0,-6410.0,9145.0,-6410.0
DecoLine,9145.0,-6410.0,9137.0,-6411.0
DecoLine,9137.0,-6411.0,9127.0,-6411.0
DecoLine,9127.0,-6411.0,9124.0,-6411.0
DecoLine,9124.0,-6411.0,9124.0,-6411.0
DecoLine,9124.0,-6411.0,9125.0,-6411.0
DecoLine,9125.0,-6411.0,9129.0,-6411.0
DecoLine,9129.0,-6411.0,9143.0,-6409.0
DecoLine,9143.0,-6409.0,9156.0,-6406.0
DecoLine,9156.0,-6406.0,9167.0,-6404.0
DecoLine,9167.0,-6404.0,9171.0,-6403.0
DecoLine,9171.0,-6403.0,9175.0,-6403.0
DecoLine,9175.0,-6403.0,9177.0,-6403.0
DecoLine,9177.0,-6403.0,9176.0,-6403.0
DecoLine,9176.0,-6403.0,9175.0,-6404.0
DecoLine,9175.0,-6404.0,9171.0,-6405.0
DecoLine,9171.0,-6405.0,9169.0,-6405.0
DecoLine,9169.0,-6405.0,9168.0,-6405.0
DecoLine,9168.0,-6405.0,9168.0,-6405.0
DecoLine,9168.0,-6405.0,9175.0,-6402.0
DecoLine,9175.0,-6402.0,9188.0,-6401.0
DecoLine,9188.0,-6401.0,9207.0,-6398.0
DecoLine,9207.0,-6398.0,9217.0,-6397.0
DecoLine,9217.0,-6397.0,9219.0,-6396.0
DecoLine,9219.0,-6396.0,9219.0,-6396.0
DecoLine,9219.0,-6396.0,9218.0,-6397.0
DecoLine,9218.0,-6397.0,9217.0,-6398.0
DecoLine,9217.0,-6398.0,9215.0,-6399.0
DecoLine,9215.0,-6399.0,9211.0,-6400.0
DecoLine,9211.0,-6400.0,9205.0,-6400.0
DecoLine,9205.0,-6400.0,9202.0,-6400.0
DecoLine,9202.0,-6400.0,9201.0,-6400.0
DecoLine,9201.0,-6400.0,9201.0,-6400.0
DecoLine,9201.0,-6400.0,9203.0,-6399.0
DecoLine,9203.0,-6399.0,9205.0,-6398.0
DecoLine,9205.0,-6398.0,9208.0,-6397.0
DecoLine,9208.0,-6397.0,9212.0,-6396.0
DecoLine,9212.0,-6396.0,9219.0,-6395.0
DecoLine,9219.0,-6395.0,9226.0,-6393.0
DecoLine,9226.0,-6393.0,9227.0,-6392.0
DecoLine,9227.0,-6392.0,9227.0,-6392.0
DecoLine,9223.0,-6390.0,9223.0,-6390.0
DecoLine,9223.0,-6390.0,9222.0,-6390.0
DecoLine,9222.0,-6390.0,9222.0,-6391.0
DecoLine,9222.0,-6391.0,9220.0,-6392.0
DecoLine,9220.0,-6392.0,9218.0,-6392.0
DecoLine,9218.0,-6392.0,9215.0,-6393.0
DecoLine,9215.0,-6393.0,9209.0,-6393.0
DecoLine,9209.0,-6393.0,9205.0,-6395.0
DecoLine,9205.0,-6395.0,9205.0,-6395.0
DecoLine,9205.0,-6395.0,9205.0,-6394.0
DecoLine,9205.0,-6394.0,9206.0,-6393.0
DecoLine,9206.0,-6393.0,9209.0,-6391.0
DecoLine,9209.0,-6391.0,9211.0,-6391.0
DecoLine,9211.0,-6391.0,9215.0,-6390.0
DecoLine,9215.0,-6390.0,9216.0,-6390.0
DecoLine,9216.0,-6390.0,9218.0,-6389.0
DecoLine,9218.0,-6389.0,9219.0,-6389.0
DecoLine,9219.0,-6389.0,9220.0,-6389.0
DecoLine,9220.0,-6389.0,9223.0,-6388.0
DecoLine,9223.0,-6388.0,9225.0,-6387.0
DecoLine,9225.0,-6387.0,9227.0,-6387.0
DecoLine,9227.0,-6387.0,9229.0,-6386.0
DecoLine,9229.0,-6386.0,9231.0,-6386.0
DecoLine,9231.0,-6386.0,9232.0,-6386.0
DecoLine,9232.0,-6386.0,9233.0,-6386.0
DecoLine,9233.0,-6386.0,9233.0,-6386.0
DecoLine,9233.0,-6386.0,9233.0,-6386.0
DecoLine,9233.0,-6386.0,9233.0,-6387.0
DecoLine,9233.0,-6387.0,9233.0,-6386.0
DecoLine,9233.0,-6386.0,9233.0,-6386.0
DecoLine,9233.0,-6386.0,9232.0,-6383.0
DecoLine,9232.0,-6383.0,9231.0,-6381.0
DecoLine,9231.0,-6381.0,9230.0,-6381.0
DecoLine,9230.0,-6381.0,9226.0,-6381.0
DecoLine,9226.0,-6381.0,9224.0,-6382.0
DecoLine,9224.0,-6382.0,9222.0,-6383.0
DecoLine,9222.0,-6383.0,9222.0,-6383.0
DecoLine,9222.0,-6383.0,9222.0,-6383.0
DecoLine,9222.0,-6383.0,9225.0,-6382.0
DecoLine,9225.0,-6382.0,9229.0,-6381.0
DecoLine,9229.0,-6381.0,9232.0,-6380.0
DecoLine,9232.0,-6380.0,9232.0,-6379.0
DecoLine,9232.0,-6379.0,9233.0,-6379.0
DecoLine,9233.0,-6379.0,9232.0,-6379.0
DecoLine,9232.0,-6379.0,9230.0,-6379.0
DecoLine,9230.0,-6379.0,9226.0,-6379.0
DecoLine,9226.0,-6379.0,9223.0,-6379.0
DecoLine,9223.0,-6379.0,9216.0,-6380.0
DecoLine,9216.0,-6380.0,9211.0,-6380.0
DecoLine,9211.0,-6380.0,9210.0,-6380.0
DecoLine,9210.0,-6380.0,9209.0,-6380.0
DecoLine,9209.0,-6380.0,9209.0,-6380.0
DecoLine,9209.0,-6380.0,9210.0,-6379.0
DecoLine,9210.0,-6379.0,9215.0,-6376.0
DecoLine,9215.0,-6376.0,9220.0,-6372.0
DecoLine,9220.0,-6372.0,9221.0,-6372.0
DecoLine,9221.0,-6372.0,9221.0,-6372.0
DecoLine,9221.0,-6372.0,9221.0,-6372.0
DecoLine,9221.0,-6372.0,9218.0,-6373.0
DecoLine,9218.0,-6373.0,9210.0,-6375.0
DecoLine,9210.0,-6375.0,9206.0,-6375.0
DecoLine,9206.0,-6375.0,9204.0,-6376.0
DecoLine,9204.0,-6376.0,9203.0,-6376.0
DecoLine,9203.0,-6376.0,9203.0,-6376.0
DecoLine,9203.0,-6376.0,9203.0,-6375.0
DecoLine,9203.0,-6375.0,9203.0,-6375.0
DecoLine,9203.0,-6375.0,9205.0,-6373.0
DecoLine,9205.0,-6373.0,9207.0,-6372.0
DecoLine,9207.0,-6372.0,9209.0,-6370.0
DecoLine,9209.0,-6370.0,9210.0,-6369.0
DecoLine,9210.0,-6369.0,9210.0,-6369.0
DecoLine,9210.0,-6369.0,9210.0,-6369.0
DecoLine,9210.0,-6369.0,9207.0,-6369.0
DecoLine,9207.0,-6369.0,9200.0,-6369.0
DecoLine,9200.0,-6369.0,9190.0,-6370.0
DecoLine,9190.0,-6370.0,9180.0,-6371.0
DecoLine,9180.0,-6371.0,9167.0,-6371.0
DecoLine,9167.0,-6371.0,9165.0,-6371.0
DecoLine,9165.0,-6371.0,9163.0,-6371.0
DecoLine,9163.0,-6371.0,9163.0,-6369.0
DecoLine,9163.0,-6369.0,9162.0,-6369.0
DecoLine,9162.0,-6369.0,9163.0,-6369.0
DecoLine,9163.0,-6369.0,9164.0,-6369.0
DecoLine,9164.0,-6369.0,9166.0,-6368.0
DecoLine,9166.0,-6368.0,9170.0,-6368.0
DecoLine,9170.0,-6368.0,9172.0,-6368.0
DecoLine,9172.0,-6368.0,9172.0,-6368.0
DecoLine,9172.0,-6368.0,9171.0,-6367.0
DecoLine,9171.0,-6367.0,9168.0,-6367.0
DecoLine,9168.0,-6367.0,9163.0,-6367.0
DecoLine,9163.0,-6367.0,9156.0,-6367.0
DecoLine,9156.0,-6367.0,9148.0,-6367.0
DecoLine,9148.0,-6367.0,9143.0,-6367.0
DecoLine,9143.0,-6367.0,9142.0,-6367.0
DecoLine,9142.0,-6367.0,9141.0,-6367.0
DecoLine,9141.0,-6367.0,9141.0,-6367.0
DecoLine,9141.0,-6367.0,9141.0,-6367.0
DecoLine,9141.0,-6367.0,9143.0,-6368.0
DecoLine,9143.0,-6368.0,9145.0,-6368.0
DecoLine,9145.0,-6368.0,9146.0,-6368.0
DecoLine,9146.0,-6368.0,9146.0,-6368.0
DecoLine,9146.0,-6368.0,9146.0,-6368.0
DecoLine,9146.0,-6368.0,9134.0,-6368.0
DecoLine,9134.0,-6368.0,9113.0,-6367.0
DecoLine,9113.0,-6367.0,9100.0,-6367.0
DecoLine,9100.0,-6367.0,9085.0,-6365.0
DecoLine,9085.0,-6365.0,9081.0,-6364.0
DecoLine,9081.0,-6364.0,9080.0,-6364.0
DecoLine,9080.0,-6364.0,9080.0,-6364.0
DecoLine,9080.0,-6364.0,9080.0,-6363.0
DecoLine,9080.0,-6363.0,9079.0,-6363.0
DecoLine,9079.0,-6363.0,9079.0,-6363.0
DecoLine,9079.0,-6363.0,9078.0,-6363.0
DecoLine,9078.0,-6363.0,9078.0,-6363.0
DecoLine,9078.0,-6363.0,9077.0,-6363.0
DecoLine,9077.0,-6363.0,9076.0,-6363.0
DecoLine,9076.0,-6363.0,9069.0,-6363.0
DecoLine,9069.0,-6363.0,9064.0,-6363.0
DecoLine,9064.0,-6363.0,9057.0,-6362.0
DecoLine,9057.0,-6362.0,9052.0,-6362.0
DecoLine,9052.0,-6362.0,9050.0,-6362.0
DecoLine,9050.0,-6362.0,9049.0,-6361.0
DecoLine,9049.0,-6361.0,9049.0,-6361.0
DecoLine,9049.0,-6361.0,9049.0,-6361.0
DecoLine,9049.0,-6361.0,9050.0,-6361.0
DecoLine,9050.0,-6361.0,9050.0,-6360.0
DecoLine,9050.0,-6360.0,9051.0,-6360.0
DecoLine,9051.0,-6360.0,9052.0,-6360.0
DecoLine,9052.0,-6360.0,9053.0,-6359.0
DecoLine,9053.0,-6359.0,9053.0,-6359.0
DecoLine,9053.0,-6359.0,9053.0,-6359.0
DecoLine,9325.0,-6297.0,9326.0,-6297.0
DecoLine,9326.0,-6297.0,9327.0,-6297.0
DecoLine,9327.0,-6297.0,9327.0,-6297.0
DecoLine,9327.0,-6297.0,9327.0,-6298.0
DecoLine,9327.0,-6298.0,9326.0,-6298.0
DecoLine,9326.0,-6298.0,9325.0,-6300.0
DecoLine,9325.0,-6300.0,9324.0,-6301.0
DecoLine,9324.0,-6301.0,9323.0,-6301.0
DecoLine,9323.0,-6301.0,9323.0,-6301.0
DecoLine,9323.0,-6301.0,9324.0,-6301.0
DecoLine,9324.0,-6301.0,9324.0,-6301.0
DecoLine,9324.0,-6301.0,9337.0,-6298.0
DecoLine,9337.0,-6298.0,9354.0,-6298.0
DecoLine,9354.0,-6298.0,9361.0,-6297.0
DecoLine,9361.0,-6297.0,9363.0,-6297.0
DecoLine,9363.0,-6297.0,9366.0,-6297.0
DecoLine,9366.0,-6297.0,9366.0,-6297.0
DecoLine,9366.0,-6297.0,9363.0,-6299.0
DecoLine,9363.0,-6299.0,9359.0,-6300.0
DecoLine,9359.0,-6300.0,9352.0,-6302.0
DecoLine,9352.0,-6302.0,9348.0,-6302.0
DecoLine,9348.0,-6302.0,9347.0,-6302.0
DecoLine,9347.0,-6302.0,9347.0,-6302.0
DecoLine,9347.0,-6302.0,9347.0,-6302.0
DecoLine,9347.0,-6302.0,9351.0,-6302.0
DecoLine,9351.0,-6302.0,9359.0,-6301.0
DecoLine,9359.0,-6301.0,9371.0,-6301.0
DecoLine,9371.0,-6301.0,9377.0,-6301.0
DecoLine,9377.0,-6301.0,9379.0,-6301.0
DecoLine,9379.0,-6301.0,9379.0,-6301.0
DecoLine,9379.0,-6301.0,9377.0,-6301.0
DecoLine,9377.0,-6301.0,9366.0,-6303.0
DecoLine,9366.0,-6303.0,9353.0,-6304.0
DecoLine,9353.0,-6304.0,9347.0,-6304.0
DecoLine,9347.0,-6304.0,9343.0,-6304.0
DecoLine,9343.0,-6304.0,9343.0,-6303.0
DecoLine,9343.0,-6303.0,9344.0,-6303.0
DecoLine,9344.0,-6303.0,9346.0,-6303.0
DecoLine,9346.0,-6303.0,9357.0,-6304.0
DecoLine,9357.0,-6304.0,9384.0,-6303.0
DecoLine,9384.0,-6303.0,9409.0,-6303.0
DecoLine,9409.0,-6303.0,9421.0,-6301.0
DecoLine,9421.0,-6301.0,9425.0,-6301.0
DecoLine,9425.0,-6301.0,9424.0,-6301.0
DecoLine,9424.0,-6301.0,9421.0,-6302.0
DecoLine,9421.0,-6302.0,9415.0,-6302.0
DecoLine,9415.0,-6302.0,9409.0,-6304.0
DecoLine,9409.0,-6304.0,9398.0,-6305.0
DecoLine,9398.0,-6305.0,9388.0,-6307.0
DecoLine,9388.0,-6307.0,9386.0,-6307.0
DecoLine,9386.0,-6307.0,9388.0,-6307.0
DecoLine,9388.0,-6307.0,9396.0,-6307.0
DecoLine,9396.0,-6307.0,9412.0,-6307.0
DecoLine,9412.0,-6307.0,9436.0,-6307.0
DecoLine,9436.0,-6307.0,9463.0,-6308.0
DecoLine,9463.0,-6308.0,9470.0,-6308.0
DecoLine,9470.0,-6308.0,9470.0,-6308.0
DecoLine,9470.0,-6308.0,9468.0,-6308.0
DecoLine,9468.0,-6308.0,9461.0,-6308.0
DecoLine,9461.0,-6308.0,9445.0,-6308.0
DecoLine,9445.0,-6308.0,9428.0,-6308.0
DecoLine,9428.0,-6308.0,9405.0,-6308.0
DecoLine,9405.0,-6308.0,9404.0,-6308.0
DecoLine,9404.0,-6308.0,9403.0,-6308.0
DecoLine,9403.0,-6308.0,9405.0,-6308.0
DecoLine,9405.0,-6308.0,9413.0,-6308.0
DecoLine,9413.0,-6308.0,9431.0,-6310.0
DecoLine,9431.0,-6310.0,9438.0,-6312.0
DecoLine,9438.0,-6312.0,9448.0,-6315.0
DecoLine,9448.0,-6315.0,9456.0,-6317.0
DecoLine,9456.0,-6317.0,9459.0,-6317.0
DecoLine,9459.0,-6317.0,9459.0,-6317.0
DecoLine,9459.0,-6317.0,9454.0,-6317.0
DecoLine,9454.0,-6317.0,9450.0,-6317.0
DecoLine,9450.0,-6317.0,9438.0,-6317.0
DecoLine,9438.0,-6317.0,9421.0,-6317.0
DecoLine,9421.0,-6317.0,9409.0,-6317.0
DecoLine,9409.0,-6317.0,9407.0,-6317.0
DecoLine,9407.0,-6317.0,9407.0,-6316.0
DecoLine,9407.0,-6316.0,9408.0,-6316.0
DecoLine,9408.0,-6316.0,9410.0,-6316.0
DecoLine,9410.0,-6316.0,9418.0,-6316.0
DecoLine,9418.0,-6316.0,9427.0,-6315.0
DecoLine,9427.0,-6315.0,9437.0,-6314.0
DecoLine,9437.0,-6314.0,9449.0,-6313.0
DecoLine,9449.0,-6313.0,9453.0,-6313.0
DecoLine,9453.0,-6313.0,9453.0,-6312.0
DecoLine,9453.0,-6312.0,9451.0,-6312.0
DecoLine,9451.0,-6312.0,9443.0,-6313.0
DecoLine,9443.0,-6313.0,9437.0,-6313.0
DecoLine,9437.0,-6313.0,9430.0,-6313.0
DecoLine,9430.0,-6313.0,9426.0,-6313.0
DecoLine,9426.0,-6313.0,9426.0,-6312.0
DecoLine,9426.0,-6312.0,9426.0,-6312.0
DecoLine,9426.0,-6312.0,9429.0,-6311.0
DecoLine,9429.0,-6311.0,9439.0,-6309.0
DecoLine,9439.0,-6309.0,9452.0,-6308.0
DecoLine,9452.0,-6308.0,9472.0,-6308.0
DecoLine,9472.0,-6308.0,9482.0,-6308.0
DecoLine,9482.0,-6308.0,9483.0,-6308.0
DecoLine,9483.0,-6308.0,9482.0,-6308.0
DecoLine,9482.0,-6308.0,9478.0,-6308.0
DecoLine,9478.0,-6308.0,9466.0,-6307.0
DecoLine,9466.0,-6307.0,9450.0,-6307.0
DecoLine,9450.0,-6307.0,9436.0,-6307.0
DecoLine,9436.0,-6307.0,9430.0,-6307.0
DecoLine,9430.0,-6307.0,9430.0,-6307.0
DecoLine,9430.0,-6307.0,9431.0,-6306.0
DecoLine,9431.0,-6306.0,9433.0,-6306.0
DecoLine,9433.0,-6306.0,9443.0,-6306.0
DecoLine,9443.0,-6306.0,9454.0,-6306.0
DecoLine,9454.0,-6306.0,9487.0,-6306.0
DecoLine,9487.0,-6306.0,9512.0,-6305.0
DecoLine,9512.0,-6305.0,9522.0,-6305.0
DecoLine,9522.0,-6305.0,9530.0,-6305.0
DecoLine,9530.0,-6305.0,9531.0,-6305.0
DecoLine,9531.0,-6305.0,9531.0,-6305.0
DecoLine,9531.0,-6305.0,9531.0,-6305.0
DecoLine,9531.0,-6305.0,9530.0,-6305.0
DecoLine,9530.0,-6305.0,9524.0,-6306.0
DecoLine,9524.0,-6306.0,9515.0,-6307.0
DecoLine,9515.0,-6307.0,9507.0,-6308.0
DecoLine,9507.0,-6308.0,9503.0,-6308.0
DecoLine,9503.0,-6308.0,9503.0,-6308.0
DecoLine,9503.0,-6308.0,9505.0,-6308.0
DecoLine,9505.0,-6308.0,9517.0,-6308.0
DecoLine,9517.0,-6308.0,9542.0,-6307.0
DecoLine,9542.0,-6307.0,9583.0,-6307.0
DecoLine,9583.0,-6307.0,9592.0,-6307.0
DecoLine,9592.0,-6307.0,9594.0,-6307.0
DecoLine,9594.0,-6307.0,9593.0,-6307.0
DecoLine,9593.0,-6307.0,9590.0,-6307.0
DecoLine,9590.0,-6307.0,9581.0,-6307.0
DecoLine,9581.0,-6307.0,9568.0,-6309.0
DecoLine,9568.0,-6309.0,9541.0,-6311.0
DecoLine,9541.0,-6311.0,9532.0,-6311.0
DecoLine,9532.0,-6311.0,9519.0,-6312.0
DecoLine,9519.0,-6312.0,9517.0,-6313.0
DecoLine,9517.0,-6313.0,9517.0,-6313.0
DecoLine,9517.0,-6313.0,9518.0,-6313.0
DecoLine,9518.0,-6313.0,9520.0,-6313.0
DecoLine,9520.0,-6313.0,9525.0,-6313.0
DecoLine,9525.0,-6313.0,9539.0,-6313.0
DecoLine,9539.0,-6313.0,9567.0,-6310.0
DecoLine,9567.0,-6310.0,9589.0,-6309.0
DecoLine,9589.0,-6309.0,9602.0,-6308.0
DecoLine,9602.0,-6308.0,9604.0,-6308.0
DecoLine,9604.0,-6308.0,9604.0,-6308.0
DecoLine,9604.0,-6308.0,9603.0,-6308.0
DecoLine,9603.0,-6308.0,9601.0,-6309.0
DecoLine,9601.0,-6309.0,9598.0,-6309.0
DecoLine,9598.0,-6309.0,9591.0,-6311.0
DecoLine,9591.0,-6311.0,9578.0,-6312.0
DecoLine,9578.0,-6312.0,9574.0,-6312.0
DecoLine,9574.0,-6312.0,9574.0,-6312.0
DecoLine,9574.0,-6312.0,9575.0,-6311.0
DecoLine,9575.0,-6311.0,9580.0,-6310.0
DecoLine,9580.0,-6310.0,9586.0,-6309.0
DecoLine,9586.0,-6309.0,9600.0,-6306.0
DecoLine,9600.0,-6306.0,9610.0,-6305.0
DecoLine,9610.0,-6305.0,9614.0,-6304.0
DecoLine,9614.0,-6304.0,9615.0,-6304.0
DecoLine,9615.0,-6304.0,9614.0,-6304.0
DecoLine,9614.0,-6304.0,9611.0,-6304.0
DecoLine,9611.0,-6304.0,9608.0,-6304.0
DecoLine,9608.0,-6304.0,9606.0,-6304.0
DecoLine,9606.0,-6304.0,9605.0,-6304.0
DecoLine,9605.0,-6304.0,9605.0,-6304.0
DecoLine,9605.0,-6304.0,9605.0,-6303.0
DecoLine,9605.0,-6303.0,9608.0,-6301.0
DecoLine,9608.0,-6301.0,9614.0,-6299.0
DecoLine,9614.0,-6299.0,9623.0,-6297.0
DecoLine,9623.0,-6297.0,9625.0,-6297.0
DecoLine,9625.0,-6297.0,9626.0,-6297.0
DecoLine,9626.0,-6297.0,9625.0,-6297.0
DecoLine,9625.0,-6297.0,9624.0,-6298.0
DecoLine,9624.0,-6298.0,9623.0,-6298.0
DecoLine,9623.0,-6298.0,9617.0,-6298.0
DecoLine,9617.0,-6298.0,9604.0,-6298.0
DecoLine,9604.0,-6298.0,9595.0,-6299.0
DecoLine,9595.0,-6299.0,9587.0,-6299.0
DecoLine,9587.0,-6299.0,9586.0,-6299.0
DecoLine,9586.0,-6299.0,9587.0,-6298.0
DecoLine,9587.0,-6298.0,9588.0,-6298.0
DecoLine,9588.0,-6298.0,9594.0,-6296.0
DecoLine,9594.0,-6296.0,9602.0,-6295.0
DecoLine,9602.0,-6295.0,9603.0,-6295.0
DecoLine,9603.0,-6295.0,9603.0,-6295.0
DecoLine,9603.0,-6295.0,9600.0,-6296.0
DecoLine,9600.0,-6296.0,9597.0,-6297.0
DecoLine,9597.0,-6297.0,9582.0,-6300.0
DecoLine,9582.0,-6300.0,9567.0,-6302.0
DecoLine,9567.0,-6302.0,9542.0,-6302.0
DecoLine,9542.0,-6302.0,9532.0,-6302.0
DecoLine,9532.0,-6302.0,9524.0,-6302.0
DecoLine,9524.0,-6302.0,9521.0,-6302.0
DecoLine,9521.0,-6302.0,9523.0,-6302.0
DecoLine,9523.0,-6302.0,9528.0,-6302.0
DecoLine,9528.0,-6302.0,9539.0,-6302.0
DecoLine,9539.0,-6302.0,9547.0,-6302.0
DecoLine,9547.0,-6302.0,9549.0,-6303.0
DecoLine,9549.0,-6303.0,9548.0,-6303.0
DecoLine,9548.0,-6303.0,9540.0,-6303.0
DecoLine,9540.0,-6303.0,9521.0,-6303.0
DecoLine,9521.0,-6303.0,9506.0,-6303.0
DecoLine,9506.0,-6303.0,9470.0,-6303.0
DecoLine,9470.0,-6303.0,9448.0,-6300.0
DecoLine,9448.0,-6300.0,9441.0,-6299.0
DecoLine,9441.0,-6299.0,9440.0,-6299.0
DecoLine,9440.0,-6299.0,9440.0,-6299.0
DecoLine,9440.0,-6299.0,9440.0,-6299.0
DecoLine,9440.0,-6299.0,9441.0,-6299.0
DecoLine,9441.0,-6299.0,9454.0,-6299.0
DecoLine,9454.0,-6299.0,9473.0,-6299.0
DecoLine,9473.0,-6299.0,9487.0,-6300.0
DecoLine,9487.0,-6300.0,9490.0,-6300.0
DecoLine,9490.0,-6300.0,9491.0,-6300.0
DecoLine,9491.0,-6300.0,9490.0,-6301.0
DecoLine,9490.0,-6301.0,9482.0,-6301.0
DecoLine,9482.0,-6301.0,9471.0,-6301.0
DecoLine,9471.0,-6301.0,9458.0,-6301.0
DecoLine,9458.0,-6301.0,9450.0,-6301.0
DecoLine,9450.0,-6301.0,9447.0,-6301.0
DecoLine,9447.0,-6301.0,9445.0,-6301.0
DecoLine,9445.0,-6301.0,9443.0,-6301.0
DecoLine,9443.0,-6301.0,9443.0,-6301.0
DecoLine,9443.0,-6301.0,9443.0,-6301.0
DecoLine,9443.0,-6301.0,9442.0,-6301.0
DecoLine,9442.0,-6301.0,9439.0,-6301.0
DecoLine,9439.0,-6301.0,9432.0,-6301.0
DecoLine,9432.0,-6301.0,9418.0,-6301.0
DecoLine,9418.0,-6301.0,9404.0,-6301.0
DecoLine,9404.0,-6301.0,9396.0,-6301.0
DecoLine,9396.0,-6301.0,9392.0,-6301.0
DecoLine,9392.0,-6301.0,9391.0,-6301.0
DecoLine,9391.0,-6301.0,9392.0,-6301.0
DecoLine,9392.0,-6301.0,9395.0,-6302.0
DecoLine,9395.0,-6302.0,9400.0,-6303.0
DecoLine,9400.0,-6303.0,9407.0,-6304.0
DecoLine,9407.0,-6304.0,9417.0,-6305.0
DecoLine,9417.0,-6305.0,9421.0,-6305.0
DecoLine,9421.0,-6305.0,9421.0,-6305.0
DecoLine,9421.0,-6305.0,9421.0,-6305.0
DecoLine,9421.0,-6305.0,9417.0,-6305.0
DecoLine,9417.0,-6305.0,9404.0,-6305.0
DecoLine,9404.0,-6305.0,9396.0,-6305.0
DecoLine,9396.0,-6305.0,9390.0,-6305.0
DecoLine,9390.0,-6305.0,9388.0,-6305.0
DecoLine,9388.0,-6305.0,9388.0,-6305.0
DecoLine,9388.0,-6305.0,9388.0,-6306.0
DecoLine,9388.0,-6306.0,9388.0,-6306.0
DecoLine,9388.0,-6306.0,9394.0,-6306.0
DecoLine,9394.0,-6306.0,9404.0,-6307.0
DecoLine,9404.0,-6307.0,9408.0,-6307.0
DecoLine,9408.0,-6307.0,9408.0,-6307.0
DecoLine,9408.0,-6307.0,9408.0,-6307.0
DecoLine,9408.0,-6307.0,9400.0,-6308.0
DecoLine,9400.0,-6308.0,9392.0,-6308.0
DecoLine,9392.0,-6308.0,9380.0,-6308.0
DecoLine,9380.0,-6308.0,9370.0,-6308.0
DecoLine,9370.0,-6308.0,9370.0,-6308.0
DecoLine,9370.0,-6308.0,9369.0,-6307.0
DecoLine,9369.0,-6307.0,9359.0,-6306.0
DecoLine,9359.0,-6306.0,9346.0,-6306.0
DecoLine,9346.0,-6306.0,9341.0,-6306.0
DecoLine,9341.0,-6306.0,9340.0,-6306.0
DecoLine,9340.0,-6306.0,9341.0,-6306.0
DecoLine,9341.0,-6306.0,9345.0,-6307.0
DecoLine,9345.0,-6307.0,9353.0,-6307.0
DecoLine,9353.0,-6307.0,9357.0,-6307.0
DecoLine,9357.0,-6307.0,9358.0,-6307.0
DecoLine,9358.0,-6307.0,9358.0,-6306.0
DecoLine,9358.0,-6306.0,9358.0,-6306.0
DecoLine,9358.0,-6306.0,9358.0,-6306.0
DecoLine,9358.0,-6306.0,9358.0,-6305.0
DecoLine,9358.0,-6305.0,9353.0,-6304.0
DecoLine,9353.0,-6304.0,9342.0,-6303.0
DecoLine,9342.0,-6303.0,9327.0,-6303.0
DecoLine,9327.0,-6303.0,9323.0,-6303.0
DecoLine,9323.0,-6303.0,9322.0,-6303.0
DecoLine,9322.0,-6303.0,9322.0,-6303.0
DecoLine,9322.0,-6303.0,9326.0,-6304.0
DecoLine,9326.0,-6304.0,9333.0,-6304.0
DecoLine,9333.0,-6304.0,9357.0,-6304.0
DecoLine,9357.0,-6304.0,9404.0,-6304.0
DecoLine,9404.0,-6304.0,9440.0,-6304.0
DecoLine,9440.0,-6304.0,9457.0,-6304.0
DecoLine,9457.0,-6304.0,9465.0,-6304.0
DecoLine,9465.0,-6304.0,9471.0,-6304.0
DecoLine,9471.0,-6304.0,9473.0,-6304.0
DecoLine,9473.0,-6304.0,9479.0,-6304.0
DecoLine,9479.0,-6304.0,9494.0,-6304.0
DecoLine,9494.0,-6304.0,9495.0,-6304.0
DecoLine,9495.0,-6304.0,9495.0,-6304.0
DecoLine,9495.0,-6304.0,9494.0,-6305.0
DecoLine,9494.0,-6305.0,9487.0,-6307.0
DecoLine,9487.0,-6307.0,9474.0,-6309.0
DecoLine,9474.0,-6309.0,9469.0,-6309.0
DecoLine,9469.0,-6309.0,9463.0,-6309.0
DecoLine,9463.0,-6309.0,9462.0,-6309.0
DecoLine,9462.0,-6309.0,9462.0,-6310.0
DecoLine,9462.0,-6310.0,9464.0,-6310.0
DecoLine,9464.0,-6310.0,9470.0,-6311.0
DecoLine,9470.0,-6311.0,9479.0,-6311.0
DecoLine,9479.0,-6311.0,9500.0,-6311.0
DecoLine,9500.0,-6311.0,9512.0,-6311.0
DecoLine,9512.0,-6311.0,9523.0,-6311.0
DecoLine,9523.0,-6311.0,9527.0,-6311.0
DecoLine,9527.0,-6311.0,9527.0,-6311.0
DecoLine,9527.0,-6311.0,9527.0,-6311.0
DecoLine,9527.0,-6311.0,9525.0,-6312.0
DecoLine,9525.0,-6312.0,9520.0,-6312.0
DecoLine,9520.0,-6312.0,9505.0,-6313.0
DecoLine,9505.0,-6313.0,9491.0,-6314.0
DecoLine,9491.0,-6314.0,9478.0,-6314.0
DecoLine,9478.0,-6314.0,9475.0,-6315.0
DecoLine,9475.0,-6315.0,9475.0,-6315.0
DecoLine,9475.0,-6315.0,9475.0,-6315.0
DecoLine,9475.0,-6315.0,9473.0,-6316.0
DecoLine,9473.0,-6316.0,9471.0,-6317.0
DecoLine,9471.0,-6317.0,9471.0,-6318.0
DecoLine,9471.0,-6318.0,9472.0,-6318.0
DecoLine,9472.0,-6318.0,9473.0,-6318.0
DecoLine,9473.0,-6318.0,9474.0,-6318.0
DecoLine,9474.0,-6318.0,9475.0,-6318.0
DecoLine,9475.0,-6318.0,9474.0,-6318.0
DecoLine,9474.0,-6318.0,9474.0,-6318.0
DecoLine,9474.0,-6318.0,9473.0,-6318.0
DecoLine,9473.0,-6318.0,9472.0,-6319.0
DecoLine,9472.0,-6319.0,9472.0,-6319.0
DecoLine,9472.0,-6319.0,9472.0,-6319.0
DecoLine,9472.0,-6319.0,9472.0,-6319.0
DecoLine,9472.0,-6319.0,9472.0,-6319.0
DecoLine,9472.0,-6319.0,9473.0,-6320.0
DecoLine,9473.0,-6320.0,9474.0,-6320.0
DecoLine,9474.0,-6320.0,9476.0,-6320.0
DecoLine,9476.0,-6320.0,9480.0,-6321.0
DecoLine,9480.0,-6321.0,9481.0,-6321.0
DecoLine,9481.0,-6321.0,9480.0,-6321.0
DecoLine,9480.0,-6321.0,9478.0,-6322.0
DecoLine,9478.0,-6322.0,9476.0,-6323.0
DecoLine,9476.0,-6323.0,9471.0,-6323.0
DecoLine,9471.0,-6323.0,9467.0,-6324.0
DecoLine,9467.0,-6324.0,9464.0,-6325.0
DecoLine,9464.0,-6325.0,9464.0,-6325.0
DecoLine,9464.0,-6325.0,9464.0,-6325.0
DecoLine,9464.0,-6325.0,9465.0,-6325.0
DecoLine,9465.0,-6325.0,9466.0,-6325.0
DecoLine,9466.0,-6325.0,9467.0,-6325.0
DecoLine,9467.0,-6325.0,9470.0,-6325.0
DecoLine,9470.0,-6325.0,9472.0,-6325.0
DecoLine,9472.0,-6325.0,9472.0,-6325.0
DecoLine,9472.0,-6325.0,9472.0,-6325.0
DecoLine,9472.0,-6325.0,9473.0,-6325.0
DecoLine,9473.0,-6325.0,9473.0,-6325.0
DecoLine,9473.0,-6325.0,9472.0,-6326.0
DecoLine,9472.0,-6326.0,9469.0,-6326.0
DecoLine,9469.0,-6326.0,9461.0,-6328.0
DecoLine,9461.0,-6328.0,9457.0,-6328.0
DecoLine,9457.0,-6328.0,9457.0,-6329.0
DecoLine,9457.0,-6329.0,9458.0,-6329.0
DecoLine,9458.0,-6329.0,9459.0,-6329.0
DecoLine,9459.0,-6329.0,9460.0,-6329.0
DecoLine,9460.0,-6329.0,9460.0,-6329.0
DecoLine,9460.0,-6329.0,9461.0,-6329.0
DecoLine,9461.0,-6329.0,9462.0,-6329.0
DecoLine,9462.0,-6329.0,9462.0,-6329.0
DecoLine,9462.0,-6329.0,9463.0,-6329.0
DecoLine,9463.0,-6329.0,9463.0,-6330.0
DecoLine,9463.0,-6330.0,9463.0,-6330.0
DecoLine,9463.0,-6330.0,9463.0,-6330.0
DecoLine,9464.0,-6338.0,9464.0,-6340.0
DecoLine,9464.0,-6340.0,9464.0,-6341.0
DecoLine,9464.0,-6341.0,9464.0,-6344.0
DecoLine,9464.0,-6344.0,9464.0,-6346.0
DecoLine,9464.0,-6346.0,9464.0,-6347.0
DecoLine,9464.0,-6347.0,9464.0,-6349.0
DecoLine,9464.0,-6349.0,9464.0,-6350.0
DecoLine,9464.0,-6350.0,9464.0,-6352.0
DecoLine,9464.0,-6352.0,9464.0,-6352.0
DecoLine,9464.0,-6352.0,9464.0,-6352.0
DecoLine,9464.0,-6352.0,9464.0,-6350.0
DecoLine,9464.0,-6350.0,9462.0,-6344.0
DecoLine,9462.0,-6344.0,9459.0,-6333.0
DecoLine,9459.0,-6333.0,9457.0,-6324.0
DecoLine,9457.0,-6324.0,9456.0,-6318.0
DecoLine,9456.0,-6318.0,9456.0,-6313.0
DecoLine,9456.0,-6313.0,9456.0,-6312.0
DecoLine,9456.0,-6312.0,9456.0,-6313.0
DecoLine,9456.0,-6313.0,9456.0,-6314.0
DecoLine,9456.0,-6314.0,9459.0,-6334.0
DecoLine,9459.0,-6334.0,9460.0,-6341.0
DecoLine,9460.0,-6341.0,9460.0,-6368.0
DecoLine,9460.0,-6368.0,9461.0,-6374.0
DecoLine,9461.0,-6374.0,9461.0,-6376.0
DecoLine,9461.0,-6376.0,9461.0,-6378.0
DecoLine,9461.0,-6378.0,9460.0,-6379.0
DecoLine,9460.0,-6379.0,9460.0,-6378.0
DecoLine,9460.0,-6378.0,9460.0,-6376.0
DecoLine,9460.0,-6376.0,9460.0,-6374.0
DecoLine,9460.0,-6374.0,9460.0,-6366.0
DecoLine,9460.0,-6366.0,9460.0,-6359.0
DecoLine,9460.0,-6359.0,9460.0,-6344.0
DecoLine,9460.0,-6344.0,9460.0,-6339.0
DecoLine,9460.0,-6339.0,9460.0,-6338.0
DecoLine,9460.0,-6338.0,9460.0,-6337.0
DecoLine,9460.0,-6337.0,9460.0,-6337.0
DecoLine,9460.0,-6337.0,9461.0,-6338.0
DecoLine,9461.0,-6338.0,9461.0,-6344.0
DecoLine,9461.0,-6344.0,9461.0,-6369.0
DecoLine,9461.0,-6369.0,9461.0,-6382.0
DecoLine,9461.0,-6382.0,9459.0,-6401.0
DecoLine,9459.0,-6401.0,9459.0,-6412.0
DecoLine,9459.0,-6412.0,9459.0,-6412.0
DecoLine,9459.0,-6412.0,9459.0,-6412.0
DecoLine,9459.0,-6412.0,9459.0,-6412.0
DecoLine,9459.0,-6412.0,9459.0,-6410.0
DecoLine,9459.0,-6410.0,9460.0,-6406.0
DecoLine,9460.0,-6406.0,9463.0,-6394.0
DecoLine,9463.0,-6394.0,9465.0,-6385.0
DecoLine,9465.0,-6385.0,9467.0,-6370.0
DecoLine,9467.0,-6370.0,9467.0,-6361.0
DecoLine,9467.0,-6361.0,9467.0,-6355.0
DecoLine,9467.0,-6355.0,9467.0,-6352.0
DecoLine,9467.0,-6352.0,9468.0,-6345.0
DecoLine,9468.0,-6345.0,9469.0,-6343.0
DecoLine,9469.0,-6343.0,9469.0,-6343.0
DecoLine,9469.0,-6343.0,9469.0,-6343.0
DecoLine,9469.0,-6343.0,9469.0,-6346.0
DecoLine,9469.0,-6346.0,9470.0,-6350.0
DecoLine,9470.0,-6350.0,9469.0,-6371.0
DecoLine,9469.0,-6371.0,9467.0,-6384.0
DecoLine,9467.0,-6384.0,9464.0,-6399.0
DecoLine,9464.0,-6399.0,9463.0,-6405.0
DecoLine,9463.0,-6405.0,9463.0,-6409.0
DecoLine,9463.0,-6409.0,9463.0,-6409.0
DecoLine,9463.0,-6409.0,9463.0,-6407.0
DecoLine,9463.0,-6407.0,9463.0,-6397.0
DecoLine,9463.0,-6397.0,9464.0,-6386.0
DecoLine,9464.0,-6386.0,9464.0,-6372.0
DecoLine,9464.0,-6372.0,9464.0,-6359.0
DecoLine,9464.0,-6359.0,9465.0,-6349.0
DecoLine,9465.0,-6349.0,9465.0,-6346.0
DecoLine,9465.0,-6346.0,9465.0,-6342.0
DecoLine,9465.0,-6342.0,9465.0,-6340.0
DecoLine,9465.0,-6340.0,9466.0,-6337.0
DecoLine,9466.0,-6337.0,9466.0,-6340.0
DecoLine,9466.0,-6340.0,9466.0,-6343.0
DecoLine,9466.0,-6343.0,9466.0,-6349.0
DecoLine,9466.0,-6349.0,9466.0,-6363.0
DecoLine,9466.0,-6363.0,9466.0,-6365.0
DecoLine,9466.0,-6365.0,9466.0,-6366.0
DecoLine,9466.0,-6366.0,9466.0,-6365.0
DecoLine,9466.0,-6365.0,9467.0,-6357.0
DecoLine,9467.0,-6357.0,9468.0,-6338.0
DecoLine,9468.0,-6338.0,9469.0,-6322.0
DecoLine,9469.0,-6322.0,9470.0,-6298.0
DecoLine,9470.0,-6298.0,9471.0,-6291.0
DecoLine,9471.0,-6291.0,9472.0,-6288.0
DecoLine,9472.0,-6288.0,9472.0,-6288.0
DecoLine,9472.0,-6288.0,9472.0,-6290.0
DecoLine,9472.0,-6290.0,9474.0,-6303.0
DecoLine,9474.0,-6303.0,9474.0,-6309.0
DecoLine,9474.0,-6309.0,9474.0,-6328.0
DecoLine,9474.0,-6328.0,9474.0,-6339.0
DecoLine,9474.0,-6339.0,9474.0,-6343.0
DecoLine,9474.0,-6343.0,9473.0,-6354.0
DecoLine,9473.0,-6354.0,9472.0,-6368.0
DecoLine,9472.0,-6368.0,9471.0,-6379.0
DecoLine,9471.0,-6379.0,9470.0,-6385.0
DecoLine,9470.0,-6385.0,9470.0,-6387.0
DecoLine,9470.0,-6387.0,9470.0,-6387.0
DecoLine,9470.0,-6387.0,9470.0,-6386.0
DecoLine,9470.0,-6386.0,9470.0,-6385.0
DecoLine,9470.0,-6385.0,9471.0,-6382.0
DecoLine,9471.0,-6382.0,9473.0,-6376.0
DecoLine,9473.0,-6376.0,9475.0,-6367.0
DecoLine,9475.0,-6367.0,9476.0,-6361.0
DecoLine,9476.0,-6361.0,9477.0,-6351.0
DecoLine,9477.0,-6351.0,9477.0,-6346.0
DecoLine,9477.0,-6346.0,9477.0,-6344.0
DecoLine,9477.0,-6344.0,9477.0,-6344.0
DecoLine,9477.0,-6344.0,9477.0,-6343.0
DecoLine,9477.0,-6343.0,9477.0,-6346.0
DecoLine,9477.0,-6346.0,9477.0,-6353.0
DecoLine,9477.0,-6353.0,9477.0,-6380.0
DecoLine,9477.0,-6380.0,9477.0,-6408.0
DecoLine,9477.0,-6408.0,9477.0,-6421.0
DecoLine,9477.0,-6421.0,9478.0,-6425.0
DecoLine,9478.0,-6425.0,9478.0,-6422.0
DecoLine,9478.0,-6422.0,9479.0,-6410.0
DecoLine,9479.0,-6410.0,9480.0,-6401.0
DecoLine,9480.0,-6401.0,9481.0,-6384.0
DecoLine,9481.0,-6384.0,9481.0,-6375.0
DecoLine,9481.0,-6375.0,9481.0,-6369.0
DecoLine,9481.0,-6369.0,9480.0,-6368.0
DecoLine,9480.0,-6368.0,9480.0,-6368.0
DecoLine,9480.0,-6368.0,9479.0,-6371.0
DecoLine,9479.0,-6371.0,9479.0,-6380.0
DecoLine,9479.0,-6380.0,9479.0,-6395.0
DecoLine,9479.0,-6395.0,9479.0,-6405.0
DecoLine,9479.0,-6405.0,9478.0,-6412.0
DecoLine,9478.0,-6412.0,9477.0,-6413.0
DecoLine,9477.0,-6413.0,9477.0,-6413.0
DecoLine,9477.0,-6413.0,9476.0,-6412.0
DecoLine,9476.0,-6412.0,9476.0,-6410.0
DecoLine,9476.0,-6410.0,9474.0,-6406.0
DecoLine,9474.0,-6406.0,9474.0,-6401.0
DecoLine,9474.0,-6401.0,9473.0,-6397.0
DecoLine,9473.0,-6397.0,9472.0,-6393.0
DecoLine,9472.0,-6393.0,9472.0,-6393.0
DecoLine,9472.0,-6393.0,9472.0,-6393.0
DecoLine,9472.0,-6393.0,9472.0,-6395.0
DecoLine,9472.0,-6395.0,9471.0,-6402.0
DecoLine,9471.0,-6402.0,9471.0,-6404.0
DecoLine,9471.0,-6404.0,9469.0,-6411.0
DecoLine,9469.0,-6411.0,9469.0,-6414.0
DecoLine,9469.0,-6414.0,9468.0,-6414.0
DecoLine,9468.0,-6414.0,9468.0,-6414.0
DecoLine,9468.0,-6414.0,9467.0,-6414.0
DecoLine,9467.0,-6414.0,9467.0,-6414.0
DecoLine,9467.0,-6414.0,9467.0,-6414.0
DecoLine,9467.0,-6414.0,9467.0,-6412.0
DecoLine,9467.0,-6412.0,9467.0,-6408.0
DecoLine,9467.0,-6408.0,9467.0,-6404.0
DecoLine,9467.0,-6404.0,9468.0,-6400.0
DecoLine,9468.0,-6400.0,9468.0,-6398.0
DecoLine,9468.0,-6398.0,9468.0,-6398.0
DecoLine,9468.0,-6398.0,9468.0,-6397.0
DecoLine,9468.0,-6397.0,9468.0,-6398.0
DecoLine,9468.0,-6398.0,9468.0,-6402.0
DecoLine,9468.0,-6402.0,9467.0,-6408.0
DecoLine,9467.0,-6408.0,9466.0,-6418.0
DecoLine,9466.0,-6418.0,9465.0,-6422.0
DecoLine,9465.0,-6422.0,9464.0,-6424.0
DecoLine,9464.0,-6424.0,9464.0,-6424.0
DecoLine,9464.0,-6424.0,9463.0,-6422.0
DecoLine,9463.0,-6422.0,9463.0,-6420.0
DecoLine,9463.0,-6420.0,9462.0,-6413.0
DecoLine,9462.0,-6413.0,9462.0,-6409.0
DecoLine,9462.0,-6409.0,9462.0,-6406.0
DecoLine,9462.0,-6406.0,9462.0,-6404.0
DecoLine,9462.0,-6404.0,9462.0,-6403.0
DecoLine,9462.0,-6403.0,9462.0,-6404.0
DecoLine,9462.0,-6404.0,9461.0,-6408.0
DecoLine,9461.0,-6408.0,9460.0,-6410.0
DecoLine,9460.0,-6410.0,9459.0,-6412.0
DecoLine,9459.0,-6412.0,9459.0,-6413.0
DecoLine,9459.0,-6413.0,9459.0,-6412.0
DecoLine,9459.0,-6412.0,9459.0,-6410.0
DecoLine,9459.0,-6410.0,9459.0,-6403.0
DecoLine,9459.0,-6403.0,9463.0,-6388.0
DecoLine,9463.0,-6388.0,9464.0,-6377.0
DecoLine,9464.0,-6377.0,9468.0,-6365.0
DecoLine,9468.0,-6365.0,9471.0,-6355.0
DecoLine,9471.0,-6355.0,9473.0,-6347.0
DecoLine,9473.0,-6347.0,9473.0,-6343.0
DecoLine,9473.0,-6343.0,9473.0,-6342.0
DecoLine,9473.0,-6342.0,9473.0,-6343.0
DecoLine,9473.0,-6343.0,9473.0,-6347.0
DecoLine,9473.0,-6347.0,9473.0,-6351.0
DecoLine,9473.0,-6351.0,9473.0,-6357.0
DecoLine,9473.0,-6357.0,9473.0,-6358.0
DecoLine,9473.0,-6358.0,9473.0,-6358.0
DecoLine,9473.0,-6358.0,9474.0,-6358.0
DecoLine,9474.0,-6358.0,9474.0,-6353.0
DecoLine,9474.0,-6353.0,9474.0,-6348.0
DecoLine,9474.0,-6348.0,9475.0,-6341.0
DecoLine,9475.0,-6341.0,9475.0,-6335.0
DecoLine,9475.0,-6335.0,9475.0,-6325.0
DecoLine,9475.0,-6325.0,9476.0,-6322.0
DecoLine,9476.0,-6322.0,9476.0,-6322.0
DecoLine,9476.0,-6322.0,9476.0,-6322.0
DecoLine,9476.0,-6322.0,9476.0,-6327.0
DecoLine,9476.0,-6327.0,9477.0,-6334.0
DecoLine,9477.0,-6334.0,9478.0,-6347.0
DecoLine,9478.0,-6347.0,9479.0,-6354.0
DecoLine,9479.0,-6354.0,9480.0,-6356.0
DecoLine,9480.0,-6356.0,9480.0,-6355.0
DecoLine,9480.0,-6355.0,9480.0,-6355.0
DecoLine,9480.0,-6355.0,9480.0,-6354.0
DecoLine,9480.0,-6354.0,9480.0,-6353.0
DecoLine,9480.0,-6353.0,9480.0,-6353.0
DecoLine,9480.0,-6353.0,9480.0,-6352.0
DecoLine,9480.0,-6352.0,9480.0,-6352.0
DecoLine,9480.0,-6352.0,9480.0,-6351.0
DecoLine,9748.0,-6312.0,9748.0,-6312.0
DecoLine,9748.0,-6312.0,9748.0,-6312.0
DecoLine,9748.0,-6312.0,9747.0,-6313.0
DecoLine,9747.0,-6313.0,9745.0,-6314.0
DecoLine,9745.0,-6314.0,9743.0,-6315.0
DecoLine,9743.0,-6315.0,9743.0,-6315.0
DecoLine,9743.0,-6315.0,9746.0,-6314.0
DecoLine,9746.0,-6314.0,9768.0,-6308.0
DecoLine,9768.0,-6308.0,9796.0,-6301.0
DecoLine,9796.0,-6301.0,9818.0,-6297.0
DecoLine,9818.0,-6297.0,9834.0,-6295.0
DecoLine,9834.0,-6295.0,9837.0,-6295.0
DecoLine,9837.0,-6295.0,9836.0,-6295.0
DecoLine,9836.0,-6295.0,9832.0,-6296.0
DecoLine,9832.0,-6296.0,9824.0,-6297.0
DecoLine,9824.0,-6297.0,9816.0,-6300.0
DecoLine,9816.0,-6300.0,9793.0,-6305.0
DecoLine,9793.0,-6305.0,9774.0,-6307.0
DecoLine,9774.0,-6307.0,9765.0,-6308.0
DecoLine,9765.0,-6308.0,9764.0,-6308.0
DecoLine,9764.0,-6308.0,9764.0,-6308.0
DecoLine,9764.0,-6308.0,9762.0,-6309.0
DecoLine,9762.0,-6309.0,9759.0,-6309.0
DecoLine,9759.0,-6309.0,9758.0,-6310.0
DecoLine,9758.0,-6310.0,9759.0,-6309.0
DecoLine,9759.0,-6309.0,9769.0,-6305.0
DecoLine,9769.0,-6305.0,9786.0,-6301.0
DecoLine,9786.0,-6301.0,9800.0,-6298.0
DecoLine,9800.0,-6298.0,9823.0,-6296.0
DecoLine,9823.0,-6296.0,9826.0,-6296.0
DecoLine,9826.0,-6296.0,9822.0,-6296.0
DecoLine,9822.0,-6296.0,9815.0,-6296.0
DecoLine,9815.0,-6296.0,9801.0,-6296.0
DecoLine,9801.0,-6296.0,9774.0,-6297.0
DecoLine,9774.0,-6297.0,9751.0,-6297.0
DecoLine,9751.0,-6297.0,9733.0,-6297.0
DecoLine,9733.0,-6297.0,9725.0,-6298.0
DecoLine,9725.0,-6298.0,9723.0,-6299.0
DecoLine,9723.0,-6299.0,9723.0,-6299.0
DecoLine,9723.0,-6299.0,9725.0,-6299.0
DecoLine,9725.0,-6299.0,9734.0,-6298.0
DecoLine,9734.0,-6298.0,9748.0,-6295.0
DecoLine,9748.0,-6295.0,9767.0,-6294.0
DecoLine,9767.0,-6294.0,9782.0,-6291.0
DecoLine,9782.0,-6291.0,9791.0,-6290.0
DecoLine,9791.0,-6290.0,9792.0,-6290.0
DecoLine,9792.0,-6290.0,9792.0,-6290.0
DecoLine,9792.0,-6290.0,9789.0,-6291.0
DecoLine,9789.0,-6291.0,9782.0,-6293.0
DecoLine,9782.0,-6293.0,9769.0,-6296.0
DecoLine,9769.0,-6296.0,9757.0,-6298.0
DecoLine,9757.0,-6298.0,9738.0,-6302.0
DecoLine,9738.0,-6302.0,9736.0,-6303.0
DecoLine,9736.0,-6303.0,9735.0,-6303.0
DecoLine,9735.0,-6303.0,9735.0,-6304.0
DecoLine,9735.0,-6304.0,9735.0,-6305.0
DecoLine,9735.0,-6305.0,9737.0,-6305.0
DecoLine,9737.0,-6305.0,9747.0,-6302.0
DecoLine,9747.0,-6302.0,9773.0,-6296.0
DecoLine,9773.0,-6296.0,9796.0,-6291.0
DecoLine,9796.0,-6291.0,9809.0,-6289.0
DecoLine,9809.0,-6289.0,9813.0,-6288.0
DecoLine,9813.0,-6288.0,9810.0,-6290.0
DecoLine,9810.0,-6290.0,9800.0,-6292.0
DecoLine,9800.0,-6292.0,9784.0,-6298.0
DecoLine,9784.0,-6298.0,9760.0,-6304.0
DecoLine,9760.0,-6304.0,9744.0,-6308.0
DecoLine,9744.0,-6308.0,9734.0,-6309.0
DecoLine,9734.0,-6309.0,9731.0,-6310.0
DecoLine,9731.0,-6310.0,9730.0,-6311.0
DecoLine,9730.0,-6311.0,9729.0,-6311.0
DecoLine,9729.0,-6311.0,9729.0,-6312.0
DecoLine,9729.0,-6312.0,9729.0,-6313.0
DecoLine,9729.0,-6313.0,9731.0,-6312.0
DecoLine,9731.0,-6312.0,9737.0,-6311.0
DecoLine,9737.0,-6311.0,9751.0,-6309.0
DecoLine,9751.0,-6309.0,9766.0,-6309.0
DecoLine,9766.0,-6309.0,9784.0,-6309.0
DecoLine,9784.0,-6309.0,9798.0,-6309.0
DecoLine,9798.0,-6309.0,9807.0,-6309.0
DecoLine,9807.0,-6309.0,9806.0,-6309.0
DecoLine,9806.0,-6309.0,9798.0,-6311.0
DecoLine,9798.0,-6311.0,9777.0,-6313.0
DecoLine,9777.0,-6313.0,9750.0,-6316.0
DecoLine,9750.0,-6316.0,9726.0,-6317.0
DecoLine,9726.0,-6317.0,9717.0,-6318.0
DecoLine,9717.0,-6318.0,9716.0,-6318.0
DecoLine,9716.0,-6318.0,9716.0,-6318.0
DecoLine,9716.0,-6318.0,9718.0,-6318.0
DecoLine,9718.0,-6318.0,9728.0,-6318.0
DecoLine,9728.0,-6318.0,9757.0,-6314.0
DecoLine,9757.0,-6314.0,9787.0,-6310.0
DecoLine,9787.0,-6310.0,9801.0,-6307.0
DecoLine,9801.0,-6307.0,9823.0,-6306.0
DecoLine,9823.0,-6306.0,9826.0,-6306.0
DecoLine,9826.0,-6306.0,9824.0,-6306.0
DecoLine,9824.0,-6306.0,9822.0,-6307.0
DecoLine,9822.0,-6307.0,9808.0,-6307.0
DecoLine,9808.0,-6307.0,9794.0,-6309.0
DecoLine,9794.0,-6309.0,9781.0,-6311.0
DecoLine,9781.0,-6311.0,9777.0,-6312.0
DecoLine,9777.0,-6312.0,9777.0,-6312.0
DecoLine,9777.0,-6312.0,9789.0,-6309.0
DecoLine,9789.0,-6309.0,9808.0,-6306.0
DecoLine,9808.0,-6306.0,9851.0,-6301.0
DecoLine,9851.0,-6301.0,9864.0,-6301.0
DecoLine,9864.0,-6301.0,9874.0,-6301.0
DecoLine,9874.0,-6301.0,9874.0,-6301.0
DecoLine,9874.0,-6301.0,9874.0,-6301.0
DecoLine,9874.0,-6301.0,9871.0,-6302.0
DecoLine,9871.0,-6302.0,9864.0,-6302.0
DecoLine,9864.0,-6302.0,9855.0,-6302.0
DecoLine,9855.0,-6302.0,9848.0,-6303.0
DecoLine,9848.0,-6303.0,9843.0,-6304.0
DecoLine,9843.0,-6304.0,9844.0,-6304.0
DecoLine,9844.0,-6304.0,9849.0,-6304.0
DecoLine,9849.0,-6304.0,9863.0,-6306.0
DecoLine,9863.0,-6306.0,9878.0,-6307.0
DecoLine,9878.0,-6307.0,9893.0,-6309.0
DecoLine,9893.0,-6309.0,9897.0,-6310.0
DecoLine,9897.0,-6310.0,9895.0,-6310.0
DecoLine,9895.0,-6310.0,9886.0,-6309.0
DecoLine,9886.0,-6309.0,9871.0,-6307.0
DecoLine,9871.0,-6307.0,9849.0,-6302.0
DecoLine,9849.0,-6302.0,9826.0,-6301.0
DecoLine,9826.0,-6301.0,9814.0,-6300.0
DecoLine,9814.0,-6300.0,9811.0,-6300.0
DecoLine,9811.0,-6300.0,9814.0,-6301.0
DecoLine,9814.0,-6301.0,9819.0,-6302.0
DecoLine,9819.0,-6302.0,9830.0,-6304.0
DecoLine,9830.0,-6304.0,9845.0,-6305.0
DecoLine,9845.0,-6305.0,9854.0,-6307.0
DecoLine,9854.0,-6307.0,9860.0,-6308.0
DecoLine,9860.0,-6308.0,9861.0,-6308.0
DecoLine,9861.0,-6308.0,9861.0,-6309.0
DecoLine,9861.0,-6309.0,9861.0,-6309.0
DecoLine,9861.0,-6309.0,9860.0,-6309.0
DecoLine,9860.0,-6309.0,9857.0,-6309.0
DecoLine,9857.0,-6309.0,9853.0,-6308.0
DecoLine,9853.0,-6308.0,9832.0,-6307.0
DecoLine,9832.0,-6307.0,9823.0,-6307.0
DecoLine,9823.0,-6307.0,9819.0,-6307.0
DecoLine,9819.0,-6307.0,9821.0,-6308.0
DecoLine,9821.0,-6308.0,9834.0,-6312.0
DecoLine,9834.0,-6312.0,9856.0,-6318.0
DecoLine,9856.0,-6318.0,9871.0,-6322.0
DecoLine,9871.0,-6322.0,9886.0,-6327.0
DecoLine,9886.0,-6327.0,9889.0,-6328.0
DecoLine,9889.0,-6328.0,9889.0,-6328.0
DecoLine,9889.0,-6328.0,9886.0,-6327.0
DecoLine,9886.0,-6327.0,9878.0,-6323.0
DecoLine,9878.0,-6323.0,9870.0,-6320.0
DecoLine,9870.0,-6320.0,9864.0,-6317.0
DecoLine,9864.0,-6317.0,9859.0,-6315.0
DecoLine,9859.0,-6315.0,9856.0,-6314.0
DecoLine,9856.0,-6314.0,9855.0,-6314.0
DecoLine,9855.0,-6314.0,9855.0,-6314.0
DecoLine,9855.0,-6314.0,9863.0,-6314.0
DecoLine,9863.0,-6314.0,9880.0,-6315.0
DecoLine,9880.0,-6315.0,9887.0,-6316.0
DecoLine,9887.0,-6316.0,9912.0,-6318.0
DecoLine,9912.0,-6318.0,9915.0,-6318.0
DecoLine,9915.0,-6318.0,9914.0,-6318.0
DecoLine,9914.0,-6318.0,9903.0,-6315.0
DecoLine,9903.0,-6315.0,9888.0,-6312.0
DecoLine,9888.0,-6312.0,9857.0,-6306.0
DecoLine,9857.0,-6306.0,9842.0,-6305.0
DecoLine,9842.0,-6305.0,9832.0,-6302.0
DecoLine,9832.0,-6302.0,9832.0,-6302.0
DecoLine,9832.0,-6302.0,9832.0,-6302.0
DecoLine,9832.0,-6302.0,9832.0,-6301.0
DecoLine,9832.0,-6301.0,9834.0,-6300.0
DecoLine,9834.0,-6300.0,9843.0,-6299.0
DecoLine,9843.0,-6299.0,9852.0,-6299.0
DecoLine,9852.0,-6299.0,9867.0,-6299.0
DecoLine,9867.0,-6299.0,9869.0,-6298.0
DecoLine,9869.0,-6298.0,9869.0,-6298.0
DecoLine,9869.0,-6298.0,9868.0,-6297.0
DecoLine,9868.0,-6297.0,9862.0,-6297.0
DecoLine,9862.0,-6297.0,9855.0,-6296.0
DecoLine,9855.0,-6296.0,9842.0,-6293.0
DecoLine,9842.0,-6293.0,9833.0,-6291.0
DecoLine,9833.0,-6291.0,9827.0,-6290.0
DecoLine,9827.0,-6290.0,9827.0,-6289.0
DecoLine,9827.0,-6289.0,9828.0,-6289.0
DecoLine,9828.0,-6289.0,9846.0,-6286.0
DecoLine,9846.0,-6286.0,9863.0,-6286.0
DecoLine,9863.0,-6286.0,9876.0,-6286.0
DecoLine,9876.0,-6286.0,9879.0,-6286.0
DecoLine,9879.0,-6286.0,9877.0,-6286.0
DecoLine,9877.0,-6286.0,9873.0,-6286.0
DecoLine,9873.0,-6286.0,9867.0,-6286.0
DecoLine,9867.0,-6286.0,9859.0,-6285.0
DecoLine,9859.0,-6285.0,9848.0,-6285.0
DecoLine,9848.0,-6285.0,9841.0,-6285.0
DecoLine,9841.0,-6285.0,9839.0,-6285.0
DecoLine,9839.0,-6285.0,9839.0,-6285.0
DecoLine,9839.0,-6285.0,9843.0,-6285.0
DecoLine,9843.0,-6285.0,9849.0,-6285.0
DecoLine,9849.0,-6285.0,9865.0,-6285.0
DecoLine,9865.0,-6285.0,9880.0,-6286.0
DecoLine,9880.0,-6286.0,9885.0,-6286.0
DecoLine,9885.0,-6286.0,9884.0,-6286.0
DecoLine,9884.0,-6286.0,9879.0,-6286.0
DecoLine,9879.0,-6286.0,9855.0,-6287.0
DecoLine,9855.0,-6287.0,9849.0,-6288.0
DecoLine,9849.0,-6288.0,9847.0,-6289.0
DecoLine,9847.0,-6289.0,9846.0,-6289.0
DecoLine,9846.0,-6289.0,9848.0,-6290.0
DecoLine,9848.0,-6290.0,9854.0,-6291.0
DecoLine,9854.0,-6291.0,9865.0,-6293.0
DecoLine,9865.0,-6293.0,9880.0,-6296.0
DecoLine,9880.0,-6296.0,9885.0,-6297.0
DecoLine,9885.0,-6297.0,9886.0,-6298.0
DecoLine,9886.0,-6298.0,9886.0,-6298.0
DecoLine,9886.0,-6298.0,9885.0,-6298.0
DecoLine,9885.0,-6298.0,9884.0,-6298.0
DecoLine,9884.0,-6298.0,9882.0,-6298.0
DecoLine,9882.0,-6298.0,9876.0,-6299.0
DecoLine,9876.0,-6299.0,9871.0,-6301.0
DecoLine,9871.0,-6301.0,9870.0,-6301.0
DecoLine,9870.0,-6301.0,9870.0,-6302.0
DecoLine,9870.0,-6302.0,9873.0,-6304.0
DecoLine,9873.0,-6304.0,9883.0,-6308.0
DecoLine,9883.0,-6308.0,9891.0,-6309.0
DecoLine,9891.0,-6309.0,9899.0,-6310.0
DecoLine,9899.0,-6310.0,9901.0,-6311.0
DecoLine,9901.0,-6311.0,9899.0,-6311.0
DecoLine,9899.0,-6311.0,9898.0,-6311.0
DecoLine,9898.0,-6311.0,9896.0,-6312.0
DecoLine,9896.0,-6312.0,9895.0,-6313.0
DecoLine,9895.0,-6313.0,9894.0,-6314.0
DecoLine,9894.0,-6314.0,9894.0,-6314.0
DecoLine,9894.0,-6314.0,9894.0,-6315.0
DecoLine,9894.0,-6315.0,9895.0,-6317.0
DecoLine,9895.0,-6317.0,9896.0,-6318.0
DecoLine,9896.0,-6318.0,9900.0,-6321.0
DecoLine,9900.0,-6321.0,9904.0,-6325.0
DecoLine,9904.0,-6325.0,9904.0,-6325.0
DecoLine,9904.0,-6325.0,9904.0,-6325.0
DecoLine,9904.0,-6325.0,9904.0,-6327.0
DecoLine,9904.0,-6327.0,9902.0,-6328.0
DecoLine,9902.0,-6328.0,9901.0,-6329.0
DecoLine,9901.0,-6329.0,9899.0,-6329.0
DecoLine,9899.0,-6329.0,9899.0,-6329.0
DecoLine,9899.0,-6329.0,9898.0,-6327.0
DecoLine,9898.0,-6327.0,9897.0,-6325.0
DecoLine,9897.0,-6325.0,9896.0,-6323.0
DecoLine,9896.0,-6323.0,9896.0,-6322.0
DecoLine,9896.0,-6322.0,9896.0,-6322.0
DecoLine,9896.0,-6322.0,9896.0,-6322.0
DecoLine,9896.0,-6322.0,9897.0,-6323.0
DecoLine,9897.0,-6323.0,9898.0,-6332.0
DecoLine,9898.0,-6332.0,9898.0,-6340.0
DecoLine,9898.0,-6340.0,9897.0,-6350.0
DecoLine,9897.0,-6350.0,9896.0,-6354.0
DecoLine,9896.0,-6354.0,9895.0,-6354.0
DecoLine,9895.0,-6354.0,9895.0,-6355.0
DecoLine,9895.0,-6355.0,9894.0,-6353.0
DecoLine,9894.0,-6353.0,9894.0,-6351.0
DecoLine,9894.0,-6351.0,9893.0,-6344.0
DecoLine,9893.0,-6344.0,9888.0,-6333.0
DecoLine,9888.0,-6333.0,9886.0,-6322.0
DecoLine,9886.0,-6322.0,9886.0,-6320.0
DecoLine,9886.0,-6320.0,9886.0,-6318.0
DecoLine,9886.0,-6318.0,9886.0,-6317.0
DecoLine,9886.0,-6317.0,9887.0,-6317.0
DecoLine,9887.0,-6317.0,9888.0,-6323.0
DecoLine,9888.0,-6323.0,9889.0,-6337.0
DecoLine,9889.0,-6337.0,9889.0,-6362.0
DecoLine,9889.0,-6362.0,9889.0,-6380.0
DecoLine,9889.0,-6380.0,9886.0,-6395.0
DecoLine,9886.0,-6395.0,9886.0,-6397.0
DecoLine,9886.0,-6397.0,9886.0,-6395.0
DecoLine,9886.0,-6395.0,9886.0,-6386.0
DecoLine,9886.0,-6386.0,9886.0,-6379.0
DecoLine,9886.0,-6379.0,9887.0,-6363.0
DecoLine,9887.0,-6363.0,9888.0,-6353.0
DecoLine,9888.0,-6353.0,9889.0,-6344.0
DecoLine,9889.0,-6344.0,9890.0,-6336.0
DecoLine,9890.0,-6336.0,9893.0,-6333.0
DecoLine,9893.0,-6333.0,9893.0,-6333.0
DecoLine,9893.0,-6333.0,9895.0,-6335.0
DecoLine,9895.0,-6335.0,9896.0,-6340.0
DecoLine,9896.0,-6340.0,9898.0,-6348.0
DecoLine,9898.0,-6348.0,9898.0,-6353.0
DecoLine,9898.0,-6353.0,9897.0,-6357.0
DecoLine,9897.0,-6357.0,9897.0,-6361.0
DecoLine,9897.0,-6361.0,9897.0,-6362.0
DecoLine,9897.0,-6362.0,9897.0,-6362.0
DecoLine,9897.0,-6362.0,9898.0,-6353.0
DecoLine,9898.0,-6353.0,9900.0,-6344.0
DecoLine,9900.0,-6344.0,9902.0,-6335.0
DecoLine,9902.0,-6335.0,9908.0,-6320.0
DecoLine,9908.0,-6320.0,9911.0,-6317.0
DecoLine,9911.0,-6317.0,9912.0,-6316.0
DecoLine,9912.0,-6316.0,9913.0,-6319.0
DecoLine,9913.0,-6319.0,9913.0,-6326.0
DecoLine,9913.0,-6326.0,9913.0,-6342.0
DecoLine,9913.0,-6342.0,9913.0,-6349.0
DecoLine,9913.0,-6349.0,9908.0,-6369.0
DecoLine,9908.0,-6369.0,9907.0,-6371.0
DecoLine,9907.0,-6371.0,9907.0,-6370.0
DecoLine,9907.0,-6370.0,9907.0,-6362.0
DecoLine,9907.0,-6362.0,9907.0,-6350.0
DecoLine,9907.0,-6350.0,9906.0,-6340.0
DecoLine,9906.0,-6340.0,9906.0,-6334.0
DecoLine,9906.0,-6334.0,9909.0,-6322.0
DecoLine,9909.0,-6322.0,9910.0,-6313.0
DecoLine,9910.0,-6313.0,9911.0,-6310.0
DecoLine,9911.0,-6310.0,9912.0,-6310.0
DecoLine,9912.0,-6310.0,9913.0,-6315.0
DecoLine,9913.0,-6315.0,9914.0,-6333.0
DecoLine,9914.0,-6333.0,9915.0,-6347.0
DecoLine,9915.0,-6347.0,9915.0,-6353.0
DecoLine,9915.0,-6353.0,9915.0,-6364.0
DecoLine,9915.0,-6364.0,9915.0,-6366.0
DecoLine,9915.0,-6366.0,9915.0,-6366.0
DecoLine,9915.0,-6366.0,9914.0,-6364.0
DecoLine,9914.0,-6364.0,9912.0,-6359.0
DecoLine,9912.0,-6359.0,9911.0,-6354.0
DecoLine,9911.0,-6354.0,9909.0,-6347.0
DecoLine,9909.0,-6347.0,9908.0,-6341.0
DecoLine,9908.0,-6341.0,9907.0,-6338.0
DecoLine,9907.0,-6338.0,9908.0,-6337.0
DecoLine,9908.0,-6337.0,9908.0,-6337.0
DecoLine,9908.0,-6337.0,9910.0,-6339.0
DecoLine,9910.0,-6339.0,9913.0,-6350.0
DecoLine,9913.0,-6350.0,9916.0,-6367.0
DecoLine,9916.0,-6367.0,9916.0,-6376.0
DecoLine,9916.0,-6376.0,9916.0,-6384.0
DecoLine,9916.0,-6384.0,9915.0,-6387.0
DecoLine,9915.0,-6387.0,9915.0,-6387.0
DecoLine,9915.0,-6387.0,9915.0,-6387.0
DecoLine,9915.0,-6387.0,9914.0,-6385.0
DecoLine,9914.0,-6385.0,9911.0,-6374.0
DecoLine,9911.0,-6374.0,9911.0,-6367.0
DecoLine,9911.0,-6367.0,9910.0,-6345.0
DecoLine,9910.0,-6345.0,9910.0,-6334.0
DecoLine,9910.0,-6334.0,9911.0,-6332.0
DecoLine,9911.0,-6332.0,9911.0,-6332.0
DecoLine,9911.0,-6332.0,9911.0,-6332.0
DecoLine,9911.0,-6332.0,9911.0,-6332.0
DecoLine,9911.0,-6332.0,9912.0,-6340.0
DecoLine,9912.0,-6340.0,9912.0,-6353.0
DecoLine,9912.0,-6353.0,9911.0,-6366.0
DecoLine,9911.0,-6366.0,9910.0,-6370.0
DecoLine,9910.0,-6370.0,9907.0,-6375.0
DecoLine,9907.0,-6375.0,9905.0,-6377.0
DecoLine,9905.0,-6377.0,9902.0,-6378.0
DecoLine,9902.0,-6378.0,9899.0,-6378.0
DecoLine,9899.0,-6378.0,9898.0,-6378.0
DecoLine,9898.0,-6378.0,9897.0,-6372.0
DecoLine,9897.0,-6372.0,9898.0,-6363.0
DecoLine,9898.0,-6363.0,9902.0,-6346.0
DecoLine,9902.0,-6346.0,9903.0,-6338.0
DecoLine,9903.0,-6338.0,9903.0,-6337.0
DecoLine,9903.0,-6337.0,9904.0,-6338.0
DecoLine,9904.0,-6338.0,9905.0,-6343.0
DecoLine,9905.0,-6343.0,9905.0,-6354.0
DecoLine,9905.0,-6354.0,9904.0,-6364.0
DecoLine,9904.0,-6364.0,9901.0,-6369.0
DecoLine,9901.0,-6369.0,9900.0,-6372.0
DecoLine,9900.0,-6372.0,9898.0,-6374.0
DecoLine,9898.0,-6374.0,9897.0,-6374.0
DecoLine,9897.0,-6374.0,9895.0,-6375.0
DecoLine,9895.0,-6375.0,9893.0,-6375.0
DecoLine,9893.0,-6375.0,9892.0,-6374.0
DecoLine,9892.0,-6374.0,9893.0,-6369.0
DecoLine,9893.0,-6369.0,9896.0,-6365.0
DecoLine,9896.0,-6365.0,9898.0,-6362.0
DecoLine,9898.0,-6362.0,9898.0,-6361.0
DecoLine,9898.0,-6361.0,9898.0,-6361.0
DecoLine,9898.0,-6361.0,9898.0,-6362.0
DecoLine,9898.0,-6362.0,9897.0,-6365.0
DecoLine,9897.0,-6365.0,9890.0,-6372.0
DecoLine,9890.0,-6372.0,9886.0,-6375.0
DecoLine,9886.0,-6375.0,9868.0,-6385.0
DecoLine,9868.0,-6385.0,9851.0,-6390.0
DecoLine,9851.0,-6390.0,9844.0,-6392.0
DecoLine,9844.0,-6392.0,9844.0,-6393.0
DecoLine,9844.0,-6393.0,9844.0,-6393.0
DecoLine,9844.0,-6393.0,9845.0,-6392.0
DecoLine,9845.0,-6392.0,9847.0,-6392.0
DecoLine,9847.0,-6392.0,9849.0,-6391.0
DecoLine,9849.0,-6391.0,9860.0,-6387.0
DecoLine,9860.0,-6387.0,9873.0,-6384.0
DecoLine,9873.0,-6384.0,9881.0,-6382.0
DecoLine,9881.0,-6382.0,9886.0,-6381.0
DecoLine,9886.0,-6381.0,9887.0,-6380.0
DecoLine,9887.0,-6380.0,9887.0,-6380.0
DecoLine,9887.0,-6380.0,9885.0,-6381.0
DecoLine,9885.0,-6381.0,9880.0,-6384.0
DecoLine,9880.0,-6384.0,9871.0,-6388.0
DecoLine,9871.0,-6388.0,9853.0,-6395.0
DecoLine,9853.0,-6395.0,9841.0,-6398.0
DecoLine,9841.0,-6398.0,9838.0,-6398.0
DecoLine,9838.0,-6398.0,9836.0,-6398.0
DecoLine,9836.0,-6398.0,9836.0,-6397.0
DecoLine,9836.0,-6397.0,9837.0,-6395.0
DecoLine,9837.0,-6395.0,9842.0,-6389.0
DecoLine,9842.0,-6389.0,9853.0,-6381.0
DecoLine,9853.0,-6381.0,9864.0,-6376.0
DecoLine,9864.0,-6376.0,9875.0,-6373.0
DecoLine,9875.0,-6373.0,9882.0,-6371.0
DecoLine,9882.0,-6371.0,9883.0,-6371.0
DecoLine,9883.0,-6371.0,9884.0,-6371.0
DecoLine,9884.0,-6371.0,9884.0,-6371.0
DecoLine,9884.0,-6371.0,9882.0,-6373.0
DecoLine,9882.0,-6373.0,9878.0,-6376.0
DecoLine,9878.0,-6376.0,9861.0,-6386.0
DecoLine,9861.0,-6386.0,9853.0,-6390.0
DecoLine,9853.0,-6390.0,9852.0,-6391.0
DecoLine,9852.0,-6391.0,9847.0,-6393.0
DecoLine,9847.0,-6393.0,9847.0,-6393.0
DecoLine,9847.0,-6393.0,9857.0,-6391.0
DecoLine,9857.0,-6391.0,9861.0,-6390.0
DecoLine,9861.0,-6390.0,9893.0,-6381.0
DecoLine,9893.0,-6381.0,9899.0,-6379.0
DecoLine,9899.0,-6379.0,9920.0,-6375.0
DecoLine,9920.0,-6375.0,9920.0,-6375.0
DecoLine,9920.0,-6375.0,9920.0,-6375.0
DecoLine,9920.0,-6375.0,9918.0,-6377.0
DecoLine,9918.0,-6377.0,9912.0,-6382.0
DecoLine,9912.0,-6382.0,9901.0,-6388.0
DecoLine,9901.0,-6388.0,9887.0,-6392.0
DecoLine,9887.0,-6392.0,9877.0,-6395.0
DecoLine,9877.0,-6395.0,9870.0,-6396.0
DecoLine,9870.0,-6396.0,9870.0,-6396.0
DecoLine,9870.0,-6396.0,9870.0,-6396.0
DecoLine,9870.0,-6396.0,9874.0,-6394.0
DecoLine,9874.0,-6394.0,9878.0,-6393.0
DecoLine,9878.0,-6393.0,9885.0,-6390.0
DecoLine,9885.0,-6390.0,9891.0,-6389.0
DecoLine,9891.0,-6389.0,9899.0,-6386.0
DecoLine,9899.0,-6386.0,9901.0,-6386.0
DecoLine,9901.0,-6386.0,9901.0,-6386.0
DecoLine,9901.0,-6386.0,9897.0,-6387.0
DecoLine,9897.0,-6387.0,9893.0,-6390.0
DecoLine,9893.0,-6390.0,9886.0,-6393.0
DecoLine,9886.0,-6393.0,9880.0,-6395.0
DecoLine,9880.0,-6395.0,9875.0,-6397.0
DecoLine,9875.0,-6397.0,9874.0,-6397.0
DecoLine,9874.0,-6397.0,9875.0,-6398.0
DecoLine,9875.0,-6398.0,9875.0,-6398.0
DecoLine,9875.0,-6398.0,9885.0,-6395.0
DecoLine,9885.0,-6395.0,9893.0,-6393.0
DecoLine,9893.0,-6393.0,9896.0,-6393.0
DecoLine,9896.0,-6393.0,9898.0,-6392.0
DecoLine,9898.0,-6392.0,9898.0,-6393.0
DecoLine,9898.0,-6393.0,9893.0,-6394.0
DecoLine,9893.0,-6394.0,9884.0,-6395.0
DecoLine,9884.0,-6395.0,9864.0,-6399.0
DecoLine,9864.0,-6399.0,9851.0,-6402.0
DecoLine,9851.0,-6402.0,9837.0,-6406.0
DecoLine,9837.0,-6406.0,9836.0,-6406.0
DecoLine,9836.0,-6406.0,9838.0,-6406.0
DecoLine,9838.0,-6406.0,9843.0,-6405.0
DecoLine,9843.0,-6405.0,9854.0,-6403.0
DecoLine,9854.0,-6403.0,9870.0,-6400.0
DecoLine,9870.0,-6400.0,9880.0,-6398.0
DecoLine,9880.0,-6398.0,9881.0,-6398.0
DecoLine,9881.0,-6398.0,9881.0,-6398.0
DecoLine,9881.0,-6398.0,9880.0,-6398.0
DecoLine,9880.0,-6398.0,9879.0,-6399.0
DecoLine,9879.0,-6399.0,9875.0,-6401.0
DecoLine,9875.0,-6401.0,9869.0,-6403.0
DecoLine,9869.0,-6403.0,9861.0,-6404.0
DecoLine,9861.0,-6404.0,9858.0,-6404.0
DecoLine,9858.0,-6404.0,9858.0,-6404.0
DecoLine,9858.0,-6404.0,9859.0,-6403.0
DecoLine,9859.0,-6403.0,9863.0,-6401.0
DecoLine,9863.0,-6401.0,9870.0,-6398.0
DecoLine,9870.0,-6398.0,9878.0,-6395.0
DecoLine,9878.0,-6395.0,9886.0,-6391.0
DecoLine,9886.0,-6391.0,9890.0,-6390.0
DecoLine,9890.0,-6390.0,9891.0,-6389.0
DecoLine,9891.0,-6389.0,9891.0,-6389.0
DecoLine,9891.0,-6389.0,9889.0,-6391.0
DecoLine,9889.0,-6391.0,9886.0,-6393.0
DecoLine,9886.0,-6393.0,9881.0,-6394.0
DecoLine,9881.0,-6394.0,9880.0,-6394.0
DecoLine,9880.0,-6394.0,9880.0,-6393.0
DecoLine,9880.0,-6393.0,9887.0,-6384.0
DecoLine,9887.0,-6384.0,9890.0,-6379.0
DecoLine,9890.0,-6379.0,9897.0,-6370.0
DecoLine,9897.0,-6370.0,9898.0,-6366.0
DecoLine,9898.0,-6366.0,9898.0,-6365.0
DecoLine,9898.0,-6365.0,9898.0,-6365.0
DecoLine,9898.0,-6365.0,9898.0,-6364.0
DecoLine,9898.0,-6364.0,9897.0,-6361.0
DecoLine,9897.0,-6361.0,9896.0,-6360.0
DecoLine,9896.0,-6360.0,9895.0,-6356.0
DecoLine,9895.0,-6356.0,9892.0,-6353.0
DecoLine,9892.0,-6353.0,9890.0,-6351.0
DecoLine,9890.0,-6351.0,9884.0,-6342.0
DecoLine,9884.0,-6342.0,9883.0,-6339.0
DecoLine,9883.0,-6339.0,9879.0,-6331.0
DecoLine,9879.0,-6331.0,9878.0,-6327.0
DecoLine,9878.0,-6327.0,9877.0,-6327.0
DecoLine,9877.0,-6327.0,9877.0,-6326.0
DecoLine,9877.0,-6326.0,9877.0,-6326.0
DecoLine,9877.0,-6326.0,9877.0,-6326.0
DecoLine,9877.0,-6326.0,9877.0,-6327.0
DecoLine,9877.0,-6327.0,9878.0,-6328.0
DecoLine,9878.0,-6328.0,9881.0,-6330.0
DecoLine,9881.0,-6330.0,9883.0,-6333.0
DecoLine,9883.0,-6333.0,9883.0,-6334.0
DecoLine,9883.0,-6334.0,9884.0,-6335.0
DecoLine,9884.0,-6335.0,9884.0,-6335.0
DecoLine,9884.0,-6335.0,9884.0,-6334.0
DecoLine,9884.0,-6334.0,9884.0,-6332.0
DecoLine,9884.0,-6332.0,9883.0,-6326.0
DecoLine,9883.0,-6326.0,9882.0,-6322.0
DecoLine,9882.0,-6322.0,9882.0,-6320.0
DecoLine,9882.0,-6320.0,9879.0,-6314.0
DecoLine,9879.0,-6314.0,9876.0,-6308.0
DecoLine,9876.0,-6308.0,9878.0,-6309.0
DecoLine,9878.0,-6309.0,9885.0,-6314.0
DecoLine,9885.0,-6314.0,9892.0,-6319.0
DecoLine,9892.0,-6319.0,9897.0,-6322.0
DecoLine,9897.0,-6322.0,9899.0,-6323.0
DecoLine,9899.0,-6323.0,9899.0,-6323.0
DecoLine,9899.0,-6323.0,9899.0,-6323.0
DecoLine,9899.0,-6323.0,9897.0,-6319.0
DecoLine,9897.0,-6319.0,9895.0,-6315.0
DecoLine,9895.0,-6315.0,9888.0,-6303.0
DecoLine,9888.0,-6303.0,9885.0,-6295.0
DecoLine,9885.0,-6295.0,9882.0,-6289.0
DecoLine,9882.0,-6289.0,9879.0,-6284.0
DecoLine,9879.0,-6284.0,9879.0,-6283.0
DecoLine,9879.0,-6283.0,9879.0,-6283.0
DecoLine,9879.0,-6283.0,9883.0,-6284.0
DecoLine,9883.0,-6284.0,9890.0,-6288.0
DecoLine,9890.0,-6288.0,9895.0,-6292.0
DecoLine,9895.0,-6292.0,9898.0,-6296.0
DecoLine,9898.0,-6296.0,9899.0,-6299.0
DecoLine,9899.0,-6299.0,9899.0,-6300.0
DecoLine,9899.0,-6300.0,9899.0,-6301.0
DecoLine,9899.0,-6301.0,9898.0,-6301.0
DecoLine,9898.0,-6301.0,9897.0,-6300.0
DecoLine,9897.0,-6300.0,9895.0,-6299.0
DecoLine,9895.0,-6299.0,9891.0,-6294.0
DecoLine,9891.0,-6294.0,9888.0,-6292.0
DecoLine,9888.0,-6292.0,9888.0,-6292.0
DecoLine,9888.0,-6292.0,9888.0,-6292.0
DecoLine,9888.0,-6292.0,9889.0,-6294.0
DecoLine,9889.0,-6294.0,9891.0,-6300.0
DecoLine,9891.0,-6300.0,9895.0,-6311.0
DecoLine,9895.0,-6311.0,9899.0,-6316.0
DecoLine,9899.0,-6316.0,9899.0,-6318.0
DecoLine,9899.0,-6318.0,9900.0,-6318.0
DecoLine,9900.0,-6318.0,9900.0,-6318.0
DecoLine,9900.0,-6318.0,9900.0,-6318.0
DecoLine,9900.0,-6318.0,9899.0,-6316.0
DecoLine,9899.0,-6316.0,9897.0,-6314.0
DecoLine,9897.0,-6314.0,9894.0,-6310.0
DecoLine,9894.0,-6310.0,9890.0,-6306.0
DecoLine,9890.0,-6306.0,9889.0,-6305.0
DecoLine,9889.0,-6305.0,9888.0,-6305.0
DecoLine,9888.0,-6305.0,9889.0,-6305.0
DecoLine,9889.0,-6305.0,9894.0,-6309.0
DecoLine,9894.0,-6309.0,9906.0,-6322.0
DecoLine,9906.0,-6322.0,9910.0,-6330.0
DecoLine,9910.0,-6330.0,9914.0,-6336.0
DecoLine,9914.0,-6336.0,9914.0,-6339.0
DecoLine,9914.0,-6339.0,9914.0,-6339.0
DecoLine,9914.0,-6339.0,9914.0,-6340.0
DecoLine,9914.0,-6340.0,9913.0,-6341.0
DecoLine,9913.0,-6341.0,9911.0,-6344.0
DecoLine,9911.0,-6344.0,9908.0,-6350.0
DecoLine,9908.0,-6350.0,9905.0,-6353.0
DecoLine,9905.0,-6353.0,9904.0,-6355.0
DecoLine,9904.0,-6355.0,9903.0,-6356.0
DecoLine,9903.0,-6356.0,9902.0,-6359.0
DecoLine,9902.0,-6359.0,9901.0,-6362.0
DecoLine,9901.0,-6362.0,9899.0,-6367.0
DecoLine,9899.0,-6367.0,9899.0,-6368.0
DecoLine,9899.0,-6368.0,9897.0,-6371.0
DecoLine,9897.0,-6371.0,9897.0,-6373.0
DecoLine,9897.0,-6373.0,9897.0,-6375.0
DecoLine,9897.0,-6375.0,9897.0,-6375.0
DecoLine,9897.0,-6375.0,9897.0,-6375.0
DecoLine,9897.0,-6375.0,9898.0,-6375.0
DecoLine,9898.0,-6375.0,9900.0,-6375.0
DecoLine,9900.0,-6375.0,9901.0,-6375.0
DecoLine,9901.0,-6375.0,9902.0,-6375.0
DecoLine,9902.0,-6375.0,9902.0,-6375.0
DecoLine,9902.0,-6375.0,9903.0,-6376.0
DecoLine,9903.0,-6376.0,9904.0,-6376.0
DecoLine,9904.0,-6376.0,9905.0,-6377.0
DecoLine,9905.0,-6377.0,9906.0,-6380.0
DecoLine,9906.0,-6380.0,9906.0,-6382.0
DecoLine,9906.0,-6382.0,9906.0,-6384.0
DecoLine,9906.0,-6384.0,9906.0,-6386.0
DecoLine,9906.0,-6386.0,9906.0,-6388.0
DecoLine,9906.0,-6388.0,9904.0,-6389.0
DecoLine,9904.0,-6389.0,9902.0,-6392.0
DecoLine,9902.0,-6392.0,9898.0,-6395.0
DecoLine,9898.0,-6395.0,9893.0,-6399.0
DecoLine,9893.0,-6399.0,9891.0,-6400.0
DecoLine,9891.0,-6400.0,9890.0,-6400.0
DecoLine,9890.0,-6400.0,9891.0,-6400.0
DecoLine,9891.0,-6400.0,9892.0,-6399.0
DecoLine,9892.0,-6399.0,9897.0,-6397.0
DecoLine,9897.0,-6397.0,9900.0,-6395.0
DecoLine,9900.0,-6395.0,9902.0,-6393.0
DecoLine,9902.0,-6393.0,9902.0,-6393.0
DecoLine,9902.0,-6393.0,9901.0,-6394.0
DecoLine,9901.0,-6394.0,9899.0,-6397.0
DecoLine,9899.0,-6397.0,9897.0,-6399.0
DecoLine,9897.0,-6399.0,9890.0,-6404.0
DecoLine,9890.0,-6404.0,9884.0,-6406.0
DecoLine,9884.0,-6406.0,9880.0,-6408.0
DecoLine,9880.0,-6408.0,9872.0,-6408.0
DecoLine,9872.0,-6408.0,9864.0,-6410.0
DecoLine,9864.0,-6410.0,9857.0,-6411.0
DecoLine,9857.0,-6411.0,9855.0,-6411.0
DecoLine,9855.0,-6411.0,9854.0,-6411.0
DecoLine,9854.0,-6411.0,9855.0,-6411.0
DecoLine,9855.0,-6411.0,9857.0,-6409.0
DecoLine,9857.0,-6409.0,9859.0,-6409.0
DecoLine,9859.0,-6409.0,9862.0,-6409.0
DecoLine,9862.0,-6409.0,9862.0,-6409.0
DecoLine,9862.0,-6409.0,9863.0,-6409.0
DecoLine,9863.0,-6409.0,9862.0,-6409.0
DecoLine,9862.0,-6409.0,9856.0,-6411.0
DecoLine,9856.0,-6411.0,9848.0,-6412.0
DecoLine,9848.0,-6412.0,9840.0,-6414.0
DecoLine,9840.0,-6414.0,9818.0,-6416.0
DecoLine,9818.0,-6416.0,9805.0,-6417.0
DecoLine,9805.0,-6417.0,9798.0,-6417.0
DecoLine,9798.0,-6417.0,9795.0,-6418.0
DecoLine,9795.0,-6418.0,9795.0,-6418.0
DecoLine,9795.0,-6418.0,9795.0,-6419.0
DecoLine,9795.0,-6419.0,9797.0,-6419.0
DecoLine,9797.0,-6419.0,9802.0,-6419.0
DecoLine,9802.0,-6419.0,9815.0,-6418.0
DecoLine,9815.0,-6418.0,9823.0,-6417.0
DecoLine,9823.0,-6417.0,9828.0,-6416.0
DecoLine,9828.0,-6416.0,9829.0,-6416.0
DecoLine,9829.0,-6416.0,9828.0,-6416.0
DecoLine,9828.0,-6416.0,9827.0,-6416.0
DecoLine,9827.0,-6416.0,9821.0,-6416.0
DecoLine,9821.0,-6416.0,9808.0,-6416.0
DecoLine,9808.0,-6416.0,9789.0,-6416.0
DecoLine,9789.0,-6416.0,9773.0,-6416.0
DecoLine,9773.0,-6416.0,9765.0,-6416.0
DecoLine,9765.0,-6416.0,9765.0,-6416.0
DecoLine,9765.0,-6416.0,9766.0,-6416.0
DecoLine,9766.0,-6416.0,9770.0,-6416.0
DecoLine,9770.0,-6416.0,9777.0,-6416.0
DecoLine,9777.0,-6416.0,9795.0,-6416.0
DecoLine,9795.0,-6416.0,9828.0,-6411.0
DecoLine,9828.0,-6411.0,9844.0,-6409.0
DecoLine,9844.0,-6409.0,9855.0,-6407.0
DecoLine,9855.0,-6407.0,9853.0,-6407.0
DecoLine,9853.0,-6407.0,9847.0,-6406.0
DecoLine,9847.0,-6406.0,9834.0,-6406.0
DecoLine,9834.0,-6406.0,9819.0,-6407.0
DecoLine,9819.0,-6407.0,9805.0,-6409.0
DecoLine,9805.0,-6409.0,9799.0,-6409.0
DecoLine,9799.0,-6409.0,9799.0,-6409.0
DecoLine,9799.0,-6409.0,9800.0,-6409.0
DecoLine,9800.0,-6409.0,9807.0,-6407.0
DecoLine,9807.0,-6407.0,9818.0,-6405.0
DecoLine,9818.0,-6405.0,9841.0,-6402.0
DecoLine,9841.0,-6402.0,9849.0,-6401.0
DecoLine,9849.0,-6401.0,9855.0,-6400.0
DecoLine,9855.0,-6400.0,9854.0,-6400.0
DecoLine,9854.0,-6400.0,9851.0,-6401.0
DecoLine,9851.0,-6401.0,9842.0,-6402.0
DecoLine,9842.0,-6402.0,9834.0,-6404.0
DecoLine,9834.0,-6404.0,9818.0,-6406.0
DecoLine,9818.0,-6406.0,9809.0,-6407.0
DecoLine,9809.0,-6407.0,9809.0,-6407.0
DecoLine,9809.0,-6407.0,9810.0,-6406.0
DecoLine,9810.0,-6406.0,9812.0,-6406.0
DecoLine,9812.0,-6406.0,9817.0,-6404.0
DecoLine,9817.0,-6404.0,9824.0,-6401.0
DecoLine,9824.0,-6401.0,9845.0,-6394.0
DecoLine,9845.0,-6394.0,9866.0,-6389.0
DecoLine,9866.0,-6389.0,9873.0,-6387.0
DecoLine,9873.0,-6387.0,9874.0,-6387.0
DecoLine,9874.0,-6387.0,9873.0,-6387.0
DecoLine,9873.0,-6387.0,9869.0,-6388.0
DecoLine,9869.0,-6388.0,9863.0,-6390.0
DecoLine,9863.0,-6390.0,9846.0,-6393.0
DecoLine,9846.0,-6393.0,9829.0,-6394.0
DecoLine,9829.0,-6394.0,9816.0,-6395.0
DecoLine,9816.0,-6395.0,9814.0,-6395.0
DecoLine,9814.0,-6395.0,9816.0,-6395.0
DecoLine,9816.0,-6395.0,9817.0,-6395.0
DecoLine,9817.0,-6395.0,9819.0,-6395.0
DecoLine,9819.0,-6395.0,9829.0,-6394.0
DecoLine,9829.0,-6394.0,9845.0,-6390.0
DecoLine,9845.0,-6390.0,9860.0,-6387.0
DecoLine,9860.0,-6387.0,9867.0,-6386.0
DecoLine,9867.0,-6386.0,9867.0,-6386.0
DecoLine,9867.0,-6386.0,9866.0,-6387.0
DecoLine,9866.0,-6387.0,9860.0,-6391.0
DecoLine,9860.0,-6391.0,9855.0,-6394.0
DecoLine,9855.0,-6394.0,9843.0,-6399.0
DecoLine,9843.0,-6399.0,9835.0,-6402.0
DecoLine,9835.0,-6402.0,9831.0,-6403.0
DecoLine,9831.0,-6403.0,9831.0,-6404.0
DecoLine,9831.0,-6404.0,9833.0,-6404.0
DecoLine,9833.0,-6404.0,9839.0,-6402.0
DecoLine,9839.0,-6402.0,9849.0,-6401.0
DecoLine,9849.0,-6401.0,9861.0,-6401.0
DecoLine,9861.0,-6401.0,9884.0,-6401.0
DecoLine,9884.0,-6401.0,9912.0,-6403.0
DecoLine,9912.0,-6403.0,9916.0,-6404.0
DecoLine,9916.0,-6404.0,9917.0,-6404.0
DecoLine,9917.0,-6404.0,9912.0,-6405.0
DecoLine,9912.0,-6405.0,9898.0,-6405.0
DecoLine,9898.0,-6405.0,9878.0,-6405.0
DecoLine,9878.0,-6405.0,9862.0,-6406.0
DecoLine,9862.0,-6406.0,9849.0,-6408.0
DecoLine,9849.0,-6408.0,9847.0,-6409.0
DecoLine,9847.0,-6409.0,9847.0,-6409.0
DecoLine,9847.0,-6409.0,9847.0,-6409.0
DecoLine,9847.0,-6409.0,9847.0,-6409.0
DecoLine,9847.0,-6409.0,9848.0,-6409.0
DecoLine,9848.0,-6409.0,9851.0,-6409.0
DecoLine,9851.0,-6409.0,9857.0,-6408.0
DecoLine,9857.0,-6408.0,9864.0,-6406.0
DecoLine,9864.0,-6406.0,9866.0,-6406.0
DecoLine,9866.0,-6406.0,9867.0,-6406.0
DecoLine,9867.0,-6406.0,9866.0,-6406.0
DecoLine,9866.0,-6406.0,9864.0,-6408.0
DecoLine,9864.0,-6408.0,9853.0,-6415.0
DecoLine,9853.0,-6415.0,9836.0,-6421.0
DecoLine,9836.0,-6421.0,9814.0,-6425.0
DecoLine,9814.0,-6425.0,9801.0,-6425.0
DecoLine,9801.0,-6425.0,9795.0,-6426.0
DecoLine,9795.0,-6426.0,9795.0,-6426.0
DecoLine,9795.0,-6426.0,9796.0,-6426.0
DecoLine,9796.0,-6426.0,9797.0,-6426.0
DecoLine,9797.0,-6426.0,9802.0,-6425.0
DecoLine,9802.0,-6425.0,9810.0,-6424.0
DecoLine,9810.0,-6424.0,9823.0,-6422.0
DecoLine,9823.0,-6422.0,9826.0,-6421.0
DecoLine,9826.0,-6421.0,9827.0,-6420.0
DecoLine,9827.0,-6420.0,9826.0,-6418.0
DecoLine,9826.0,-6418.0,9820.0,-6416.0
DecoLine,9820.0,-6416.0,9811.0,-6415.0
DecoLine,9811.0,-6415.0,9794.0,-6414.0
DecoLine,9794.0,-6414.0,9771.0,-6413.0
DecoLine,9771.0,-6413.0,9749.0,-6413.0
DecoLine,9749.0,-6413.0,9741.0,-6413.0
DecoLine,9741.0,-6413.0,9737.0,-6412.0
DecoLine,9737.0,-6412.0,9736.0,-6412.0
DecoLine,9736.0,-6412.0,9736.0,-6413.0
DecoLine,9736.0,-6413.0,9744.0,-6414.0
DecoLine,9744.0,-6414.0,9753.0,-6415.0
DecoLine,9753.0,-6415.0,9762.0,-6416.0
DecoLine,9762.0,-6416.0,9770.0,-6417.0
DecoLine,9770.0,-6417.0,9780.0,-6417.0
DecoLine,9780.0,-6417.0,9788.0,-6417.0
DecoLine,9788.0,-6417.0,9791.0,-6417.0
DecoLine,9791.0,-6417.0,9790.0,-6417.0
DecoLine,9790.0,-6417.0,9787.0,-6416.0
DecoLine,9787.0,-6416.0,9777.0,-6415.0
DecoLine,9777.0,-6415.0,9768.0,-6415.0
DecoLine,9768.0,-6415.0,9754.0,-6414.0
DecoLine,9754.0,-6414.0,9747.0,-6414.0
DecoLine,9747.0,-6414.0,9742.0,-6413.0
DecoLine,9742.0,-6413.0,9742.0,-6413.0
DecoLine,9742.0,-6413.0,9745.0,-6412.0
DecoLine,9745.0,-6412.0,9755.0,-6412.0
DecoLine,9755.0,-6412.0,9782.0,-6412.0
DecoLine,9782.0,-6412.0,9807.0,-6412.0
DecoLine,9807.0,-6412.0,9831.0,-6412.0
DecoLine,9831.0,-6412.0,9834.0,-6412.0
DecoLine,9834.0,-6412.0,9833.0,-6412.0
DecoLine,9833.0,-6412.0,9827.0,-6410.0
DecoLine,9827.0,-6410.0,9808.0,-6407.0
DecoLine,9808.0,-6407.0,9783.0,-6405.0
DecoLine,9783.0,-6405.0,9770.0,-6404.0
DecoLine,9770.0,-6404.0,9763.0,-6404.0
DecoLine,9763.0,-6404.0,9762.0,-6404.0
DecoLine,9762.0,-6404.0,9763.0,-6404.0
DecoLine,9763.0,-6404.0,9763.0,-6404.0
DecoLine,9763.0,-6404.0,9764.0,-6405.0
DecoLine,9764.0,-6405.0,9774.0,-6406.0
DecoLine,9774.0,-6406.0,9783.0,-6406.0
DecoLine,9783.0,-6406.0,9796.0,-6405.0
DecoLine,9796.0,-6405.0,9803.0,-6404.0
DecoLine,9803.0,-6404.0,9804.0,-6404.0
DecoLine,9804.0,-6404.0,9803.0,-6404.0
DecoLine,9803.0,-6404.0,9799.0,-6404.0
DecoLine,9799.0,-6404.0,9793.0,-6405.0
DecoLine,9793.0,-6405.0,9784.0,-6405.0
DecoLine,9784.0,-6405.0,9769.0,-6405.0
DecoLine,9769.0,-6405.0,9761.0,-6405.0
DecoLine,9761.0,-6405.0,9750.0,-6405.0
DecoLine,9750.0,-6405.0,9743.0,-6404.0
DecoLine,9743.0,-6404.0,9733.0,-6402.0
DecoLine,9733.0,-6402.0,9731.0,-6402.0
DecoLine,9731.0,-6402.0,9731.0,-6402.0
DecoLine,9731.0,-6402.0,9731.0,-6403.0
DecoLine,9731.0,-6403.0,9732.0,-6404.0
DecoLine,9732.0,-6404.0,9733.0,-6404.0
DecoLine,9733.0,-6404.0,9736.0,-6405.0
DecoLine,9736.0,-6405.0,9748.0,-6406.0
DecoLine,9748.0,-6406.0,9754.0,-6407.0
DecoLine,9754.0,-6407.0,9754.0,-6407.0
DecoLine,9754.0,-6407.0,9750.0,-6406.0
DecoLine,9750.0,-6406.0,9743.0,-6405.0
DecoLine,9743.0,-6405.0,9730.0,-6404.0
DecoLine,9730.0,-6404.0,9711.0,-6401.0
DecoLine,9711.0,-6401.0,9698.0,-6400.0
DecoLine,9698.0,-6400.0,9696.0,-6400.0
DecoLine,9696.0,-6400.0,9698.0,-6400.0
DecoLine,9698.0,-6400.0,9703.0,-6400.0
DecoLine,9703.0,-6400.0,9707.0,-6400.0
DecoLine,9707.0,-6400.0,9710.0,-6401.0
DecoLine,9710.0,-6401.0,9714.0,-6402.0
DecoLine,9714.0,-6402.0,9724.0,-6404.0
DecoLine,9724.0,-6404.0,9730.0,-6405.0
DecoLine,9730.0,-6405.0,9731.0,-6405.0
DecoLine,9731.0,-6405.0,9730.0,-6405.0
DecoLine,9730.0,-6405.0,9725.0,-6404.0
DecoLine,9725.0,-6404.0,9718.0,-6403.0
DecoLine,9718.0,-6403.0,9712.0,-6403.0
DecoLine,9712.0,-6403.0,9693.0,-6401.0
DecoLine,9693.0,-6401.0,9687.0,-6400.0
DecoLine,9687.0,-6400.0,9687.0,-6399.0
DecoLine,9687.0,-6399.0,9687.0,-6399.0
DecoLine,9687.0,-6399.0,9687.0,-6399.0
DecoLine,9687.0,-6399.0,9690.0,-6399.0
DecoLine,9690.0,-6399.0,9698.0,-6399.0
DecoLine,9698.0,-6399.0,9707.0,-6400.0
DecoLine,9707.0,-6400.0,9730.0,-6404.0
DecoLine,9730.0,-6404.0,9741.0,-6406.0
DecoLine,9741.0,-6406.0,9742.0,-6407.0
DecoLine,9742.0,-6407.0,9739.0,-6407.0
DecoLine,9739.0,-6407.0,9736.0,-6407.0
DecoLine,9736.0,-6407.0,9730.0,-6406.0
DecoLine,9730.0,-6406.0,9725.0,-6406.0
DecoLine,9725.0,-6406.0,9720.0,-6404.0
DecoLine,9720.0,-6404.0,9715.0,-6401.0
DecoLine,9715.0,-6401.0,9710.0,-6399.0
DecoLine,9710.0,-6399.0,9707.0,-6398.0
DecoLine,9707.0,-6398.0,9704.0,-6397.0
DecoLine,9704.0,-6397.0,9705.0,-6397.0
DecoLine,9705.0,-6397.0,9710.0,-6397.0
DecoLine,9710.0,-6397.0,9720.0,-6399.0
DecoLine,9720.0,-6399.0,9726.0,-6400.0
DecoLine,9726.0,-6400.0,9730.0,-6400.0
DecoLine,9730.0,-6400.0,9732.0,-6401.0
DecoLine,9732.0,-6401.0,9731.0,-6401.0
DecoLine,9731.0,-6401.0,9730.0,-6401.0
DecoLine,9730.0,-6401.0,9728.0,-6401.0
DecoLine,9728.0,-6401.0,9720.0,-6400.0
DecoLine,9720.0,-6400.0,9707.0,-6396.0
DecoLine,9707.0,-6396.0,9699.0,-6393.0
DecoLine,9699.0,-6393.0,9694.0,-6392.0
DecoLine,9694.0,-6392.0,9692.0,-6389.0
DecoLine,9692.0,-6389.0,9691.0,-6389.0
DecoLine,9691.0,-6389.0,9691.0,-6387.0
DecoLine,9691.0,-6387.0,9691.0,-6387.0
DecoLine,9691.0,-6387.0,9691.0,-6386.0
DecoLine,9691.0,-6386.0,9692.0,-6386.0
DecoLine,9692.0,-6386.0,9694.0,-6387.0
DecoLine,9694.0,-6387.0,9697.0,-6390.0
DecoLine,9697.0,-6390.0,9700.0,-6393.0
DecoLine,9700.0,-6393.0,9702.0,-6394.0
DecoLine,9702.0,-6394.0,9702.0,-6395.0
DecoLine,9702.0,-6395.0,9702.0,-6394.0
DecoLine,9702.0,-6394.0,9701.0,-6392.0
DecoLine,9701.0,-6392.0,9696.0,-6387.0
DecoLine,9696.0,-6387.0,9693.0,-6385.0
DecoLine,9693.0,-6385.0,9689.0,-6382.0
DecoLine,9689.0,-6382.0,9688.0,-6381.0
DecoLine,9688.0,-6381.0,9687.0,-6380.0
DecoLine,9687.0,-6380.0,9687.0,-6380.0
DecoLine,9687.0,-6380.0,9689.0,-6380.0
DecoLine,9689.0,-6380.0,9693.0,-6382.0
DecoLine,9693.0,-6382.0,9702.0,-6389.0
DecoLine,9702.0,-6389.0,9715.0,-6394.0
DecoLine,9715.0,-6394.0,9724.0,-6397.0
DecoLine,9724.0,-6397.0,9726.0,-6398.0
DecoLine,9726.0,-6398.0,9726.0,-6398.0
DecoLine,9726.0,-6398.0,9725.0,-6397.0
DecoLine,9725.0,-6397.0,9717.0,-6391.0
DecoLine,9717.0,-6391.0,9709.0,-6385.0
DecoLine,9709.0,-6385.0,9697.0,-6378.0
DecoLine,9697.0,-6378.0,9684.0,-6370.0
DecoLine,9684.0,-6370.0,9674.0,-6362.0
DecoLine,9674.0,-6362.0,9671.0,-6359.0
DecoLine,9671.0,-6359.0,9672.0,-6359.0
DecoLine,9672.0,-6359.0,9673.0,-6362.0
DecoLine,9673.0,-6362.0,9676.0,-6366.0
DecoLine,9676.0,-6366.0,9680.0,-6373.0
DecoLine,9680.0,-6373.0,9685.0,-6379.0
DecoLine,9685.0,-6379.0,9688.0,-6382.0
DecoLine,9688.0,-6382.0,9689.0,-6384.0
DecoLine,9689.0,-6384.0,9689.0,-6385.0
DecoLine,9689.0,-6385.0,9688.0,-6385.0
DecoLine,9688.0,-6385.0,9686.0,-6384.0
DecoLine,9686.0,-6384.0,9681.0,-6381.0
DecoLine,9681.0,-6381.0,9677.0,-6378.0
DecoLine,9677.0,-6378.0,9676.0,-6376.0
DecoLine,9676.0,-6376.0,9675.0,-6373.0
DecoLine,9675.0,-6373.0,9675.0,-6372.0
DecoLine,9675.0,-6372.0,9675.0,-6372.0
DecoLine,9675.0,-6372.0,9675.0,-6371.0
DecoLine,9675.0,-6371.0,9676.0,-6374.0
DecoLine,9676.0,-6374.0,9679.0,-6381.0
DecoLine,9679.0,-6381.0,9686.0,-6396.0
DecoLine,9686.0,-6396.0,9690.0,-6405.0
DecoLine,9690.0,-6405.0,9691.0,-6408.0
DecoLine,9691.0,-6408.0,9691.0,-6409.0
DecoLine,9691.0,-6409.0,9690.0,-6408.0
DecoLine,9690.0,-6408.0,9688.0,-6404.0
DecoLine,9688.0,-6404.0,9680.0,-6395.0
DecoLine,9680.0,-6395.0,9676.0,-6387.0
DecoLine,9676.0,-6387.0,9675.0,-6383.0
DecoLine,9675.0,-6383.0,9673.0,-6378.0
DecoLine,9673.0,-6378.0,9672.0,-6377.0
DecoLine,9672.0,-6377.0,9672.0,-6376.0
DecoLine,9672.0,-6376.0,9672.0,-6376.0
DecoLine,9672.0,-6376.0,9672.0,-6376.0
DecoLine,9672.0,-6376.0,9672.0,-6376.0
DecoLine,9672.0,-6376.0,9672.0,-6377.0
DecoLine,9672.0,-6377.0,9674.0,-6379.0
DecoLine,9674.0,-6379.0,9676.0,-6384.0
DecoLine,9676.0,-6384.0,9677.0,-6386.0
DecoLine,9677.0,-6386.0,9679.0,-6388.0
DecoLine,9679.0,-6388.0,9678.0,-6388.0
DecoLine,9678.0,-6388.0,9676.0,-6387.0
DecoLine,9676.0,-6387.0,9675.0,-6385.0
DecoLine,9675.0,-6385.0,9673.0,-6382.0
DecoLine,9673.0,-6382.0,9670.0,-6377.0
DecoLine,9670.0,-6377.0,9668.0,-6373.0
DecoLine,9668.0,-6373.0,9667.0,-6371.0
DecoLine,9667.0,-6371.0,9666.0,-6370.0
DecoLine,9666.0,-6370.0,9666.0,-6370.0
DecoLine,9666.0,-6370.0,9667.0,-6373.0
DecoLine,9667.0,-6373.0,9671.0,-6379.0
DecoLine,9671.0,-6379.0,9673.0,-6382.0
DecoLine,9673.0,-6382.0,9674.0,-6384.0
DecoLine,9674.0,-6384.0,9674.0,-6384.0
DecoLine,9674.0,-6384.0,9674.0,-6384.0
DecoLine,9674.0,-6384.0,9672.0,-6381.0
DecoLine,9672.0,-6381.0,9672.0,-6379.0
DecoLine,9672.0,-6379.0,9669.0,-6374.0
DecoLine,9669.0,-6374.0,9667.0,-6368.0
DecoLine,9667.0,-6368.0,9665.0,-6363.0
DecoLine,9665.0,-6363.0,9663.0,-6357.0
DecoLine,9663.0,-6357.0,9662.0,-6356.0
DecoLine,9662.0,-6356.0,9662.0,-6354.0
DecoLine,9662.0,-6354.0,9663.0,-6353.0
DecoLine,9663.0,-6353.0,9663.0,-6353.0
DecoLine,9663.0,-6353.0,9664.0,-6353.0
DecoLine,9664.0,-6353.0,9667.0,-6358.0
DecoLine,9667.0,-6358.0,9669.0,-6361.0
DecoLine,9669.0,-6361.0,9669.0,-6363.0
DecoLine,9669.0,-6363.0,9669.0,-6363.0
DecoLine,9669.0,-6363.0,9669.0,-6363.0
DecoLine,9669.0,-6363.0,9669.0,-6362.0
DecoLine,9669.0,-6362.0,9668.0,-6358.0
DecoLine,9668.0,-6358.0,9668.0,-6351.0
DecoLine,9668.0,-6351.0,9671.0,-6340.0
DecoLine,9671.0,-6340.0,9678.0,-6329.0
DecoLine,9678.0,-6329.0,9697.0,-6325.0
DecoLine,9697.0,-6325.0,9714.0,-6324.0
DecoLine,9714.0,-6324.0,9719.0,-6324.0
DecoLine,9719.0,-6324.0,9719.0,-6324.0
DecoLine,9719.0,-6324.0,9719.0,-6324.0
DecoLine,9719.0,-6324.0,9718.0,-6326.0
DecoLine,9718.0,-6326.0,9716.0,-6329.0
DecoLine,9716.0,-6329.0,9706.0,-6336.0
DecoLine,9706.0,-6336.0,9701.0,-6340.0
DecoLine,9701.0,-6340.0,9693.0,-6345.0
DecoLine,9693.0,-6345.0,9690.0,-6348.0
DecoLine,9690.0,-6348.0,9689.0,-6349.0
DecoLine,9689.0,-6349.0,9689.0,-6350.0
DecoLine,9689.0,-6350.0,9689.0,-6350.0
DecoLine,9689.0,-6350.0,9689.0,-6351.0
DecoLine,9689.0,-6351.0,9689.0,-6350.0
DecoLine,9689.0,-6350.0,9689.0,-6349.0
DecoLine,9689.0,-6349.0,9691.0,-6344.0
DecoLine,9691.0,-6344.0,9693.0,-6340.0
DecoLine,9693.0,-6340.0,9699.0,-6331.0
DecoLine,9699.0,-6331.0,9704.0,-6324.0
DecoLine,9704.0,-6324.0,9708.0,-6316.0
DecoLine,9708.0,-6316.0,9709.0,-6314.0
DecoLine,9709.0,-6314.0,9709.0,-6315.0
DecoLine,9709.0,-6315.0,9709.0,-6320.0
DecoLine,9709.0,-6320.0,9705.0,-6329.0
DecoLine,9705.0,-6329.0,9700.0,-6336.0
DecoLine,9700.0,-6336.0,9694.0,-6342.0
DecoLine,9694.0,-6342.0,9689.0,-6346.0
DecoLine,9689.0,-6346.0,9683.0,-6354.0
DecoLine,9683.0,-6354.0,9682.0,-6356.0
DecoLine,9682.0,-6356.0,9682.0,-6358.0
DecoLine,9682.0,-6358.0,9682.0,-6358.0
DecoLine,9682.0,-6358.0,9682.0,-6359.0
DecoLine,9682.0,-6359.0,9682.0,-6360.0
DecoLine,9682.0,-6360.0,9681.0,-6361.0
DecoLine,9681.0,-6361.0,9681.0,-6362.0
DecoLine,9681.0,-6362.0,9681.0,-6361.0
DecoLine,9681.0,-6361.0,9680.0,-6355.0
DecoLine,9680.0,-6355.0,9679.0,-6347.0
DecoLine,9679.0,-6347.0,9678.0,-6339.0
DecoLine,9678.0,-6339.0,9677.0,-6334.0
DecoLine,9677.0,-6334.0,9678.0,-6331.0
DecoLine,9678.0,-6331.0,9681.0,-6329.0
DecoLine,9681.0,-6329.0,9682.0,-6328.0
DecoLine,9682.0,-6328.0,9682.0,-6328.0
DecoLine,9682.0,-6328.0,9683.0,-6329.0
DecoLine,9683.0,-6329.0,9684.0,-6332.0
DecoLine,9684.0,-6332.0,9684.0,-6334.0
DecoLine,9684.0,-6334.0,9683.0,-6340.0
DecoLine,9683.0,-6340.0,9680.0,-6348.0
DecoLine,9680.0,-6348.0,9676.0,-6356.0
DecoLine,9676.0,-6356.0,9674.0,-6361.0
DecoLine,9674.0,-6361.0,9674.0,-6362.0
DecoLine,9674.0,-6362.0,9674.0,-6360.0
DecoLine,9674.0,-6360.0,9674.0,-6357.0
DecoLine,9674.0,-6357.0,9680.0,-6343.0
DecoLine,9680.0,-6343.0,9685.0,-6334.0
DecoLine,9685.0,-6334.0,9690.0,-6331.0
DecoLine,9690.0,-6331.0,9693.0,-6329.0
DecoLine,9693.0,-6329.0,9693.0,-6329.0
DecoLine,9693.0,-6329.0,9693.0,-6329.0
DecoLine,9693.0,-6329.0,9693.0,-6330.0
DecoLine,9693.0,-6330.0,9693.0,-6333.0
DecoLine,9693.0,-6333.0,9693.0,-6341.0
DecoLine,9693.0,-6341.0,9693.0,-6349.0
DecoLine,9693.0,-6349.0,9692.0,-6356.0
DecoLine,9692.0,-6356.0,9692.0,-6358.0
DecoLine,9692.0,-6358.0,9692.0,-6359.0
DecoLine,9692.0,-6359.0,9692.0,-6360.0
DecoLine,9692.0,-6360.0,9692.0,-6360.0
DecoLine,9692.0,-6360.0,9692.0,-6359.0
DecoLine,9692.0,-6359.0,9692.0,-6356.0
DecoLine,9692.0,-6356.0,9692.0,-6349.0
DecoLine,9692.0,-6349.0,9693.0,-6343.0
DecoLine,9693.0,-6343.0,9694.0,-6341.0
DecoLine,9694.0,-6341.0,9694.0,-6341.0
DecoLine,9694.0,-6341.0,9694.0,-6341.0
DecoLine,9694.0,-6341.0,9695.0,-6343.0
DecoLine,9695.0,-6343.0,9698.0,-6351.0
DecoLine,9698.0,-6351.0,9699.0,-6360.0
DecoLine,9699.0,-6360.0,9700.0,-6367.0
DecoLine,9700.0,-6367.0,9700.0,-6371.0
DecoLine,9700.0,-6371.0,9700.0,-6372.0
DecoLine,9700.0,-6372.0,9700.0,-6373.0
DecoLine,9700.0,-6373.0,9698.0,-6373.0
DecoLine,9698.0,-6373.0,9698.0,-6373.0
DecoLine,9698.0,-6373.0,9697.0,-6371.0
DecoLine,9697.0,-6371.0,9696.0,-6366.0
DecoLine,9696.0,-6366.0,9694.0,-6357.0
DecoLine,9694.0,-6357.0,9694.0,-6352.0
DecoLine,9694.0,-6352.0,9694.0,-6349.0
DecoLine,9694.0,-6349.0,9694.0,-6347.0
DecoLine,9694.0,-6347.0,9694.0,-6346.0
DecoLine,9694.0,-6346.0,9694.0,-6348.0
DecoLine,9694.0,-6348.0,9694.0,-6355.0
DecoLine,9694.0,-6355.0,9694.0,-6365.0
DecoLine,9694.0,-6365.0,9691.0,-6376.0
DecoLine,9691.0,-6376.0,9691.0,-6378.0
DecoLine,9691.0,-6378.0,9690.0,-6378.0
DecoLine,9690.0,-6378.0,9689.0,-6376.0
DecoLine,9689.0,-6376.0,9687.0,-6373.0
DecoLine,9687.0,-6373.0,9686.0,-6370.0
DecoLine,9686.0,-6370.0,9685.0,-6364.0
DecoLine,9685.0,-6364.0,9685.0,-6360.0
DecoLine,9685.0,-6360.0,9686.0,-6355.0
DecoLine,9686.0,-6355.0,9688.0,-6346.0
DecoLine,9688.0,-6346.0,9689.0,-6342.0
DecoLine,9689.0,-6342.0,9692.0,-6339.0
DecoLine,9692.0,-6339.0,9697.0,-6334.0
DecoLine,9697.0,-6334.0,9702.0,-6330.0
DecoLine,9702.0,-6330.0,9703.0,-6329.0
DecoLine,9703.0,-6329.0,9704.0,-6328.0
DecoLine,9704.0,-6328.0,9704.0,-6328.0
DecoLine,9704.0,-6328.0,9702.0,-6330.0
DecoLine,9702.0,-6330.0,9698.0,-6332.0
DecoLine,9698.0,-6332.0,9696.0,-6333.0
DecoLine,9696.0,-6333.0,9692.0,-6335.0
DecoLine,9692.0,-6335.0,9689.0,-6336.0
DecoLine,9689.0,-6336.0,9688.0,-6337.0
DecoLine,9688.0,-6337.0,9688.0,-6336.0
DecoLine,9688.0,-6336.0,9690.0,-6333.0
DecoLine,9690.0,-6333.0,9694.0,-6328.0
DecoLine,9694.0,-6328.0,9699.0,-6322.0
DecoLine,9699.0,-6322.0,9708.0,-6311.0
DecoLine,9708.0,-6311.0,9711.0,-6308.0
DecoLine,9711.0,-6308.0,9717.0,-6305.0
DecoLine,9717.0,-6305.0,9725.0,-6303.0
DecoLine,9725.0,-6303.0,9729.0,-6302.0
DecoLine,9729.0,-6302.0,9729.0,-6302.0
DecoLine,9729.0,-6302.0,9728.0,-6303.0
DecoLine,9728.0,-6303.0,9724.0,-6306.0
DecoLine,9724.0,-6306.0,9716.0,-6310.0
DecoLine,9716.0,-6310.0,9709.0,-6313.0
DecoLine,9709.0,-6313.0,9698.0,-6319.0
DecoLine,9698.0,-6319.0,9695.0,-6321.0
DecoLine,9695.0,-6321.0,9694.0,-6322.0
DecoLine,9694.0,-6322.0,9694.0,-6322.0
DecoLine,9694.0,-6322.0,9695.0,-6322.0
DecoLine,9695.0,-6322.0,9699.0,-6320.0
DecoLine,9699.0,-6320.0,9718.0,-6312.0
DecoLine,9718.0,-6312.0,9734.0,-6308.0
DecoLine,9734.0,-6308.0,9747.0,-6306.0
DecoLine,9747.0,-6306.0,9749.0,-6306.0
DecoLine,9749.0,-6306.0,9747.0,-6307.0
DecoLine,9747.0,-6307.0,9745.0,-6309.0
DecoLine,9745.0,-6309.0,9737.0,-6315.0
DecoLine,9737.0,-6315.0,9727.0,-6320.0
DecoLine,9727.0,-6320.0,9715.0,-6325.0
DecoLine,9715.0,-6325.0,9709.0,-6328.0
DecoLine,9709.0,-6328.0,9704.0,-6331.0
DecoLine,9704.0,-6331.0,9703.0,-6332.0
DecoLine,9703.0,-6332.0,9702.0,-6333.0
DecoLine,9702.0,-6333.0,9701.0,-6333.0
DecoLine,9701.0,-6333.0,9701.0,-6334.0
DecoLine,9701.0,-6334.0,9701.0,-6332.0
DecoLine,9701.0,-6332.0,9703.0,-6331.0
DecoLine,9703.0,-6331.0,9705.0,-6328.0
DecoLine,9705.0,-6328.0,9706.0,-6327.0
DecoLine,9706.0,-6327.0,9705.0,-6327.0
DecoLine,9705.0,-6327.0,9703.0,-6328.0
DecoLine,9703.0,-6328.0,9698.0,-6331.0
DecoLine,9698.0,-6331.0,9692.0,-6335.0
DecoLine,9692.0,-6335.0,9687.0,-6338.0
DecoLine,9687.0,-6338.0,9686.0,-6339.0
DecoLine,9686.0,-6339.0,9685.0,-6340.0
DecoLine,9685.0,-6340.0,9684.0,-6340.0
DecoLine,9684.0,-6340.0,9683.0,-6341.0
DecoLine,9683.0,-6341.0,9681.0,-6342.0
DecoLine,9681.0,-6342.0,9680.0,-6343.0
DecoLine,9680.0,-6343.0,9679.0,-6343.0
DecoLine,9679.0,-6343.0,9679.0,-6342.0
DecoLine,9679.0,-6342.0,9679.0,-6341.0
DecoLine,9679.0,-6341.0,9679.0,-6339.0
DecoLine,9679.0,-6339.0,9679.0,-6336.0
DecoLine,9679.0,-6336.0,9681.0,-6333.0
DecoLine,9681.0,-6333.0,9681.0,-6332.0
DecoLine,9681.0,-6332.0,9680.0,-6333.0
DecoLine,9680.0,-6333.0,9677.0,-6338.0
DecoLine,9677.0,-6338.0,9674.0,-6341.0
DecoLine,9674.0,-6341.0,9672.0,-6344.0
DecoLine,9672.0,-6344.0,9670.0,-6346.0
DecoLine,9670.0,-6346.0,9668.0,-6346.0
DecoLine,9668.0,-6346.0,9668.0,-6347.0
DecoLine,9668.0,-6347.0,9668.0,-6347.0
DecoLine,9668.0,-6347.0,9668.0,-6347.0
DecoLine,9668.0,-6347.0,9667.0,-6347.0
DecoLine,9667.0,-6347.0,9667.0,-6347.0
DecoLine,9667.0,-6347.0,9666.0,-6346.0
DecoLine,9666.0,-6346.0,9666.0,-6343.0
DecoLine,9666.0,-6343.0,9666.0,-6341.0
DecoLine,9666.0,-6341.0,9668.0,-6338.0
DecoLine,9668.0,-6338.0,9672.0,-6333.0
DecoLine,9672.0,-6333.0,9673.0,-6333.0
DecoLine,9673.0,-6333.0,9673.0,-6332.0
DecoLine,9673.0,-6332.0,9672.0,-6334.0
DecoLine,9672.0,-6334.0,9670.0,-6336.0
DecoLine,9670.0,-6336.0,9668.0,-6338.0
DecoLine,9668.0,-6338.0,9666.0,-6343.0
DecoLine,9666.0,-6343.0,9664.0,-6346.0
DecoLine,9664.0,-6346.0,9663.0,-6349.0
DecoLine,9663.0,-6349.0,9662.0,-6350.0
DecoLine,9662.0,-6350.0,9662.0,-6350.0
DecoLine,9662.0,-6350.0,9662.0,-6350.0
DecoLine,9662.0,-6350.0,9661.0,-6350.0
DecoLine,9661.0,-6350.0,9661.0,-6350.0
DecoLine,9661.0,-6350.0,9661.0,-6349.0
DecoLine,9661.0,-6349.0,9662.0,-6346.0
DecoLine,9662.0,-6346.0,9663.0,-6344.0
DecoLine,9663.0,-6344.0,9665.0,-6341.0
DecoLine,9665.0,-6341.0,9666.0,-6339.0
DecoLine,9666.0,-6339.0,9666.0,-6339.0
DecoLine,9666.0,-6339.0,9666.0,-6338.0
DecoLine,9666.0,-6338.0,9666.0,-6338.0
DecoLine,9666.0,-6338.0,9666.0,-6339.0
DecoLine,9666.0,-6339.0,9666.0,-6343.0
DecoLine,9666.0,-6343.0,9668.0,-6356.0
DecoLine,9668.0,-6356.0,9669.0,-6362.0
DecoLine,9669.0,-6362.0,9671.0,-6365.0
DecoLine,9671.0,-6365.0,9672.0,-6366.0
DecoLine,9672.0,-6366.0,9672.0,-6366.0
DecoLine,9672.0,-6366.0,9672.0,-6366.0
DecoLine,9672.0,-6366.0,9674.0,-6362.0
DecoLine,9674.0,-6362.0,9677.0,-6354.0
DecoLine,9677.0,-6354.0,9679.0,-6350.0
DecoLine,9679.0,-6350.0,9681.0,-6345.0
DecoLine,9681.0,-6345.0,9681.0,-6344.0
DecoLine,9681.0,-6344.0,9682.0,-6344.0
DecoLine,9682.0,-6344.0,9685.0,-6347.0
DecoLine,9685.0,-6347.0,9690.0,-6353.0
DecoLine,9690.0,-6353.0,9692.0,-6358.0
DecoLine,9692.0,-6358.0,9696.0,-6369.0
DecoLine,9696.0,-6369.0,9697.0,-6376.0
DecoLine,9697.0,-6376.0,9698.0,-6379.0
DecoLine,9698.0,-6379.0,9698.0,-6379.0
DecoLine,9698.0,-6379.0,9697.0,-6379.0
DecoLine,9697.0,-6379.0,9696.0,-6378.0
DecoLine,9696.0,-6378.0,9695.0,-6376.0
DecoLine,9695.0,-6376.0,9695.0,-6373.0
DecoLine,9695.0,-6373.0,9695.0,-6371.0
DecoLine,9695.0,-6371.0,9695.0,-6370.0
DecoLine,10035.0,-6415.0,10035.0,-6417.0
DecoLine,10035.0,-6417.0,10035.0,-6418.0
DecoLine,10035.0,-6418.0,10035.0,-6418.0
DecoLine,10035.0,-6418.0,10035.0,-6418.0
DecoLine,10035.0,-6418.0,10034.0,-6418.0
DecoLine,10034.0,-6418.0,10034.0,-6417.0
DecoLine,10034.0,-6417.0,10032.0,-6410.0
DecoLine,10032.0,-6410.0,10031.0,-6395.0
DecoLine,10031.0,-6395.0,10031.0,-6381.0
DecoLine,10031.0,-6381.0,10031.0,-6368.0
DecoLine,10031.0,-6368.0,10031.0,-6358.0
DecoLine,10031.0,-6358.0,10031.0,-6352.0
DecoLine,10031.0,-6352.0,10031.0,-6349.0
DecoLine,10031.0,-6349.0,10032.0,-6348.0
DecoLine,10032.0,-6348.0,10032.0,-6348.0
DecoLine,10032.0,-6348.0,10032.0,-6348.0
DecoLine,10032.0,-6348.0,10033.0,-6348.0
DecoLine,10033.0,-6348.0,10034.0,-6349.0
DecoLine,10034.0,-6349.0,10038.0,-6359.0
DecoLine,10038.0,-6359.0,10039.0,-6366.0
DecoLine,10039.0,-6366.0,10039.0,-6374.0
DecoLine,10039.0,-6374.0,10039.0,-6375.0
DecoLine,10039.0,-6375.0,10039.0,-6380.0
DecoLine,10039.0,-6380.0,10039.0,-6382.0
DecoLine,10039.0,-6382.0,10039.0,-6383.0
DecoLine,10039.0,-6383.0,10039.0,-6382.0
DecoLine,10039.0,-6382.0,10039.0,-6379.0
DecoLine,10039.0,-6379.0,10038.0,-6372.0
DecoLine,10038.0,-6372.0,10039.0,-6364.0
DecoLine,10039.0,-6364.0,10039.0,-6360.0
DecoLine,10039.0,-6360.0,10041.0,-6353.0
DecoLine,10041.0,-6353.0,10043.0,-6347.0
DecoLine,10043.0,-6347.0,10044.0,-6344.0
DecoLine,10044.0,-6344.0,10044.0,-6341.0
DecoLine,10044.0,-6341.0,10044.0,-6340.0
DecoLine,10044.0,-6340.0,10044.0,-6342.0
DecoLine,10044.0,-6342.0,10044.0,-6352.0
DecoLine,10044.0,-6352.0,10044.0,-6361.0
DecoLine,10044.0,-6361.0,10044.0,-6380.0
DecoLine,10044.0,-6380.0,10044.0,-6387.0
DecoLine,10044.0,-6387.0,10043.0,-6398.0
DecoLine,10043.0,-6398.0,10043.0,-6399.0
DecoLine,10043.0,-6399.0,10042.0,-6396.0
DecoLine,10042.0,-6396.0,10042.0,-6385.0
DecoLine,10042.0,-6385.0,10042.0,-6371.0
DecoLine,10042.0,-6371.0,10042.0,-6358.0
DecoLine,10042.0,-6358.0,10042.0,-6342.0
DecoLine,10042.0,-6342.0,10045.0,-6327.0
DecoLine,10045.0,-6327.0,10046.0,-6319.0
DecoLine,10046.0,-6319.0,10046.0,-6316.0
DecoLine,10046.0,-6316.0,10046.0,-6315.0
DecoLine,10046.0,-6315.0,10047.0,-6315.0
DecoLine,10047.0,-6315.0,10048.0,-6317.0
DecoLine,10048.0,-6317.0,10049.0,-6325.0
DecoLine,10049.0,-6325.0,10050.0,-6336.0
DecoLine,10050.0,-6336.0,10051.0,-6344.0
DecoLine,10051.0,-6344.0,10051.0,-6349.0
DecoLine,10051.0,-6349.0,10048.0,-6361.0
DecoLine,10048.0,-6361.0,10046.0,-6369.0
DecoLine,10046.0,-6369.0,10046.0,-6371.0
DecoLine,10046.0,-6371.0,10045.0,-6372.0
DecoLine,10045.0,-6372.0,10045.0,-6370.0
DecoLine,10045.0,-6370.0,10045.0,-6364.0
DecoLine,10045.0,-6364.0,10044.0,-6356.0
DecoLine,10044.0,-6356.0,10044.0,-6341.0
DecoLine,10044.0,-6341.0,10045.0,-6326.0
DecoLine,10045.0,-6326.0,10046.0,-6321.0
DecoLine,10046.0,-6321.0,10047.0,-6316.0
DecoLine,10047.0,-6316.0,10047.0,-6317.0
DecoLine,10047.0,-6317.0,10050.0,-6329.0
DecoLine,10050.0,-6329.0,10050.0,-6347.0
DecoLine,10050.0,-6347.0,10050.0,-6382.0
DecoLine,10050.0,-6382.0,10046.0,-6410.0
DecoLine,10046.0,-6410.0,10042.0,-6431.0
DecoLine,10042.0,-6431.0,10042.0,-6439.0
DecoLine,10042.0,-6439.0,10041.0,-6444.0
DecoLine,10041.0,-6444.0,10040.0,-6433.0
DecoLine,10040.0,-6433.0,10040.0,-6419.0
DecoLine,10040.0,-6419.0,10041.0,-6404.0
DecoLine,10041.0,-6404.0,10043.0,-6388.0
DecoLine,10043.0,-6388.0,10043.0,-6378.0
DecoLine,10043.0,-6378.0,10045.0,-6366.0
DecoLine,10045.0,-6366.0,10046.0,-6363.0
DecoLine,10046.0,-6363.0,10046.0,-6363.0
DecoLine,10046.0,-6363.0,10046.0,-6363.0
DecoLine,10046.0,-6363.0,10046.0,-6366.0
DecoLine,10046.0,-6366.0,10047.0,-6369.0
DecoLine,10047.0,-6369.0,10047.0,-6377.0
DecoLine,10047.0,-6377.0,10047.0,-6385.0
DecoLine,10047.0,-6385.0,10046.0,-6398.0
DecoLine,10046.0,-6398.0,10046.0,-6403.0
DecoLine,10046.0,-6403.0,10046.0,-6404.0
DecoLine,10046.0,-6404.0,10046.0,-6402.0
DecoLine,10046.0,-6402.0,10046.0,-6399.0
DecoLine,10046.0,-6399.0,10050.0,-6386.0
DecoLine,10050.0,-6386.0,10053.0,-6378.0
DecoLine,10053.0,-6378.0,10059.0,-6365.0
DecoLine,10059.0,-6365.0,10061.0,-6360.0
DecoLine,10061.0,-6360.0,10063.0,-6359.0
DecoLine,10063.0,-6359.0,10063.0,-6359.0
DecoLine,10063.0,-6359.0,10063.0,-6362.0
DecoLine,10063.0,-6362.0,10063.0,-6379.0
DecoLine,10063.0,-6379.0,10063.0,-6388.0
DecoLine,10063.0,-6388.0,10063.0,-6392.0
DecoLine,10063.0,-6392.0,10061.0,-6398.0
DecoLine,10061.0,-6398.0,10060.0,-6400.0
DecoLine,10060.0,-6400.0,10060.0,-6400.0
DecoLine,10060.0,-6400.0,10059.0,-6399.0
DecoLine,10059.0,-6399.0,10059.0,-6392.0
DecoLine,10059.0,-6392.0,10059.0,-6384.0
DecoLine,10059.0,-6384.0,10063.0,-6375.0
DecoLine,10063.0,-6375.0,10065.0,-6369.0
DecoLine,10065.0,-6369.0,10067.0,-6364.0
DecoLine,10067.0,-6364.0,10068.0,-6361.0
DecoLine,10068.0,-6361.0,10068.0,-6365.0
DecoLine,10068.0,-6365.0,10068.0,-6376.0
DecoLine,10068.0,-6376.0,10067.0,-6383.0
DecoLine,10067.0,-6383.0,10065.0,-6398.0
DecoLine,10065.0,-6398.0,10063.0,-6403.0
DecoLine,10063.0,-6403.0,10062.0,-6408.0
DecoLine,10062.0,-6408.0,10061.0,-6409.0
DecoLine,10061.0,-6409.0,10061.0,-6407.0
DecoLine,10061.0,-6407.0,10060.0,-6402.0
DecoLine,10060.0,-6402.0,10060.0,-6388.0
DecoLine,10060.0,-6388.0,10062.0,-6371.0
DecoLine,10062.0,-6371.0,10066.0,-6359.0
DecoLine,10066.0,-6359.0,10068.0,-6353.0
DecoLine,10068.0,-6353.0,10068.0,-6353.0
DecoLine,10068.0,-6353.0,10068.0,-6353.0
DecoLine,10068.0,-6353.0,10068.0,-6362.0
DecoLine,10068.0,-6362.0,10066.0,-6379.0
DecoLine,10066.0,-6379.0,10060.0,-6406.0
DecoLine,10060.0,-6406.0,10053.0,-6427.0
DecoLine,10053.0,-6427.0,10051.0,-6432.0
DecoLine,10051.0,-6432.0,10051.0,-6433.0
DecoLine,10051.0,-6433.0,10051.0,-6431.0
DecoLine,10051.0,-6431.0,10052.0,-6422.0
DecoLine,10052.0,-6422.0,10053.0,-6413.0
DecoLine,10053.0,-6413.0,10054.0,-6402.0
DecoLine,10054.0,-6402.0,10055.0,-6397.0
DecoLine,10055.0,-6397.0,10056.0,-6391.0
DecoLine,10056.0,-6391.0,10057.0,-6388.0
DecoLine,10057.0,-6388.0,10057.0,-6386.0
DecoLine,10057.0,-6386.0,10057.0,-6390.0
DecoLine,10057.0,-6390.0,10055.0,-6404.0
DecoLine,10055.0,-6404.0,10052.0,-6415.0
DecoLine,10052.0,-6415.0,10050.0,-6423.0
DecoLine,10050.0,-6423.0,10049.0,-6425.0
DecoLine,10049.0,-6425.0,10049.0,-6425.0
DecoLine,10049.0,-6425.0,10049.0,-6424.0
DecoLine,10049.0,-6424.0,10050.0,-6418.0
DecoLine,10050.0,-6418.0,10053.0,-6403.0
DecoLine,10053.0,-6403.0,10056.0,-6395.0
DecoLine,10056.0,-6395.0,10058.0,-6388.0
DecoLine,10058.0,-6388.0,10060.0,-6386.0
DecoLine,10060.0,-6386.0,10061.0,-6385.0
DecoLine,10061.0,-6385.0,10061.0,-6385.0
DecoLine,10061.0,-6385.0,10062.0,-6390.0
DecoLine,10062.0,-6390.0,10064.0,-6395.0
DecoLine,10064.0,-6395.0,10065.0,-6403.0
DecoLine,10065.0,-6403.0,10065.0,-6417.0
DecoLine,10065.0,-6417.0,10065.0,-6418.0
DecoLine,10065.0,-6418.0,10066.0,-6416.0
DecoLine,10066.0,-6416.0,10066.0,-6406.0
DecoLine,10066.0,-6406.0,10069.0,-6395.0
DecoLine,10069.0,-6395.0,10073.0,-6386.0
DecoLine,10073.0,-6386.0,10079.0,-6378.0
DecoLine,10079.0,-6378.0,10081.0,-6375.0
DecoLine,10081.0,-6375.0,10082.0,-6374.0
DecoLine,10082.0,-6374.0,10082.0,-6376.0
DecoLine,10082.0,-6376.0,10081.0,-6392.0
DecoLine,10081.0,-6392.0,10078.0,-6412.0
DecoLine,10078.0,-6412.0,10074.0,-6435.0
DecoLine,10074.0,-6435.0,10073.0,-6438.0
DecoLine,10073.0,-6438.0,10073.0,-6439.0
DecoLine,10073.0,-6439.0,10073.0,-6439.0
DecoLine,10073.0,-6439.0,10074.0,-6431.0
DecoLine,10074.0,-6431.0,10075.0,-6412.0
DecoLine,10075.0,-6412.0,10077.0,-6399.0
DecoLine,10077.0,-6399.0,10078.0,-6387.0
DecoLine,10078.0,-6387.0,10081.0,-6381.0
DecoLine,10081.0,-6381.0,10082.0,-6379.0
DecoLine,10082.0,-6379.0,10082.0,-6379.0
DecoLine,10082.0,-6379.0,10082.0,-6381.0
DecoLine,10082.0,-6381.0,10082.0,-6392.0
DecoLine,10082.0,-6392.0,10082.0,-6405.0
DecoLine,10082.0,-6405.0,10082.0,-6416.0
DecoLine,10082.0,-6416.0,10082.0,-6419.0
DecoLine,10082.0,-6419.0,10082.0,-6415.0
DecoLine,10082.0,-6415.0,10083.0,-6410.0
DecoLine,10083.0,-6410.0,10085.0,-6404.0
DecoLine,10085.0,-6404.0,10088.0,-6393.0
DecoLine,10088.0,-6393.0,10090.0,-6389.0
DecoLine,10090.0,-6389.0,10090.0,-6388.0
DecoLine,10090.0,-6388.0,10091.0,-6388.0
DecoLine,10091.0,-6388.0,10091.0,-6392.0
DecoLine,10091.0,-6392.0,10091.0,-6401.0
DecoLine,10091.0,-6401.0,10090.0,-6417.0
DecoLine,10090.0,-6417.0,10089.0,-6425.0
DecoLine,10089.0,-6425.0,10088.0,-6430.0
DecoLine,10088.0,-6430.0,10088.0,-6424.0
DecoLine,10088.0,-6424.0,10089.0,-6409.0
DecoLine,10089.0,-6409.0,10094.0,-6380.0
DecoLine,10094.0,-6380.0,10096.0,-6367.0
DecoLine,10096.0,-6367.0,10098.0,-6361.0
DecoLine,10098.0,-6361.0,10098.0,-6360.0
DecoLine,10098.0,-6360.0,10099.0,-6360.0
DecoLine,10099.0,-6360.0,10099.0,-6361.0
DecoLine,10099.0,-6361.0,10099.0,-6371.0
DecoLine,10099.0,-6371.0,10099.0,-6384.0
DecoLine,10099.0,-6384.0,10099.0,-6399.0
DecoLine,10099.0,-6399.0,10100.0,-6406.0
DecoLine,10100.0,-6406.0,10100.0,-6407.0
DecoLine,10100.0,-6407.0,10100.0,-6407.0
DecoLine,10100.0,-6407.0,10100.0,-6402.0
DecoLine,10100.0,-6402.0,10101.0,-6394.0
DecoLine,10101.0,-6394.0,10104.0,-6386.0
DecoLine,10104.0,-6386.0,10105.0,-6381.0
DecoLine,10105.0,-6381.0,10107.0,-6374.0
DecoLine,10107.0,-6374.0,10107.0,-6370.0
DecoLine,10107.0,-6370.0,10107.0,-6368.0
DecoLine,10107.0,-6368.0,10107.0,-6369.0
DecoLine,10107.0,-6369.0,10107.0,-6377.0
DecoLine,10107.0,-6377.0,10107.0,-6391.0
DecoLine,10107.0,-6391.0,10106.0,-6401.0
DecoLine,10106.0,-6401.0,10105.0,-6409.0
DecoLine,10105.0,-6409.0,10104.0,-6411.0
DecoLine,10104.0,-6411.0,10104.0,-6411.0
DecoLine,10104.0,-6411.0,10104.0,-6411.0
DecoLine,10104.0,-6411.0,10104.0,-6407.0
DecoLine,10104.0,-6407.0,10103.0,-6394.0
DecoLine,10103.0,-6394.0,10102.0,-6384.0
DecoLine,10102.0,-6384.0,10102.0,-6378.0
DecoLine,10102.0,-6378.0,10102.0,-6375.0
DecoLine,10102.0,-6375.0,10102.0,-6375.0
DecoLine,10102.0,-6375.0,10102.0,-6375.0
DecoLine,10102.0,-6375.0,10102.0,-6375.0
DecoLine,10102.0,-6375.0,10098.0,-6381.0
DecoLine,10098.0,-6381.0,10094.0,-6389.0
DecoLine,10094.0,-6389.0,10086.0,-6399.0
DecoLine,10086.0,-6399.0,10084.0,-6403.0
DecoLine,10084.0,-6403.0,10083.0,-6403.0
DecoLine,10083.0,-6403.0,10082.0,-6403.0
DecoLine,10082.0,-6403.0,10080.0,-6398.0
DecoLine,10080.0,-6398.0,10079.0,-6392.0
DecoLine,10079.0,-6392.0,10079.0,-6386.0
DecoLine,10079.0,-6386.0,10079.0,-6377.0
DecoLine,10079.0,-6377.0,10080.0,-6367.0
DecoLine,10080.0,-6367.0,10080.0,-6365.0
DecoLine,10080.0,-6365.0,10080.0,-6365.0
DecoLine,10080.0,-6365.0,10080.0,-6366.0
DecoLine,10080.0,-6366.0,10079.0,-6376.0
DecoLine,10079.0,-6376.0,10076.0,-6392.0
DecoLine,10076.0,-6392.0,10072.0,-6406.0
DecoLine,10072.0,-6406.0,10071.0,-6407.0
DecoLine,10071.0,-6407.0,10071.0,-6406.0
DecoLine,10071.0,-6406.0,10069.0,-6400.0
DecoLine,10069.0,-6400.0,10069.0,-6389.0
DecoLine,10069.0,-6389.0,10069.0,-6374.0
DecoLine,10069.0,-6374.0,10069.0,-6349.0
DecoLine,10069.0,-6349.0,10069.0,-6341.0
DecoLine,10069.0,-6341.0,10070.0,-6337.0
DecoLine,10070.0,-6337.0,10070.0,-6340.0
DecoLine,10070.0,-6340.0,10071.0,-6352.0
DecoLine,10071.0,-6352.0,10071.0,-6368.0
DecoLine,10071.0,-6368.0,10071.0,-6395.0
DecoLine,10071.0,-6395.0,10069.0,-6409.0
DecoLine,10069.0,-6409.0,10066.0,-6415.0
DecoLine,10066.0,-6415.0,10066.0,-6416.0
DecoLine,10066.0,-6416.0,10065.0,-6415.0
DecoLine,10065.0,-6415.0,10065.0,-6411.0
DecoLine,10065.0,-6411.0,10068.0,-6404.0
DecoLine,10068.0,-6404.0,10071.0,-6399.0
DecoLine,10071.0,-6399.0,10084.0,-6382.0
DecoLine,10084.0,-6382.0,10087.0,-6379.0
DecoLine,10087.0,-6379.0,10090.0,-6375.0
DecoLine,10090.0,-6375.0,10090.0,-6375.0
DecoLine,10090.0,-6375.0,10090.0,-6375.0
DecoLine,10090.0,-6375.0,10090.0,-6379.0
DecoLine,10090.0,-6379.0,10089.0,-6381.0
DecoLine,10089.0,-6381.0,10085.0,-6395.0
DecoLine,10085.0,-6395.0,10081.0,-6401.0
DecoLine,10081.0,-6401.0,10080.0,-6403.0
DecoLine,10080.0,-6403.0,10080.0,-6397.0
DecoLine,10080.0,-6397.0,10080.0,-6388.0
DecoLine,10080.0,-6388.0,10082.0,-6367.0
DecoLine,10082.0,-6367.0,10084.0,-6353.0
DecoLine,10084.0,-6353.0,10085.0,-6347.0
DecoLine,10085.0,-6347.0,10086.0,-6344.0
DecoLine,10086.0,-6344.0,10086.0,-6342.0
DecoLine,10086.0,-6342.0,10086.0,-6341.0
DecoLine,10086.0,-6341.0,10086.0,-6343.0
DecoLine,10086.0,-6343.0,10085.0,-6347.0
DecoLine,10085.0,-6347.0,10083.0,-6352.0
DecoLine,10083.0,-6352.0,10082.0,-6355.0
DecoLine,10082.0,-6355.0,10081.0,-6355.0
DecoLine,10081.0,-6355.0,10079.0,-6357.0
DecoLine,10079.0,-6357.0,10078.0,-6358.0
DecoLine,10078.0,-6358.0,10078.0,-6357.0
DecoLine,10078.0,-6357.0,10078.0,-6349.0
DecoLine,10078.0,-6349.0,10079.0,-6341.0
DecoLine,10079.0,-6341.0,10080.0,-6332.0
DecoLine,10080.0,-6332.0,10080.0,-6328.0
DecoLine,10080.0,-6328.0,10080.0,-6327.0
DecoLine,10080.0,-6327.0,10080.0,-6332.0
DecoLine,10080.0,-6332.0,10079.0,-6340.0
DecoLine,10079.0,-6340.0,10076.0,-6349.0
DecoLine,10076.0,-6349.0,10073.0,-6356.0
DecoLine,10073.0,-6356.0,10073.0,-6357.0
DecoLine,10073.0,-6357.0,10073.0,-6356.0
DecoLine,10073.0,-6356.0,10072.0,-6348.0
DecoLine,10072.0,-6348.0,10072.0,-6339.0
DecoLine,10072.0,-6339.0,10072.0,-6326.0
DecoLine,10072.0,-6326.0,10072.0,-6322.0
DecoLine,10072.0,-6322.0,10072.0,-6321.0
DecoLine,10072.0,-6321.0,10072.0,-6321.0
DecoLine,10072.0,-6321.0,10072.0,-6321.0
DecoLine,10072.0,-6321.0,10071.0,-6326.0
DecoLine,10071.0,-6326.0,10070.0,-6333.0
DecoLine,10070.0,-6333.0,10067.0,-6341.0
DecoLine,10067.0,-6341.0,10065.0,-6344.0
DecoLine,10065.0,-6344.0,10064.0,-6345.0
DecoLine,10064.0,-6345.0,10062.0,-6345.0
DecoLine,10062.0,-6345.0,10060.0,-6341.0
DecoLine,10060.0,-6341.0,10058.0,-6333.0
DecoLine,10058.0,-6333.0,10057.0,-6330.0
DecoLine,10057.0,-6330.0,10056.0,-6323.0
DecoLine,10056.0,-6323.0,10054.0,-6319.0
DecoLine,10054.0,-6319.0,10052.0,-6315.0
DecoLine,10052.0,-6315.0,10052.0,-6315.0
DecoLine,10052.0,-6315.0,10052.0,-6316.0
DecoLine,10052.0,-6316.0,10051.0,-6318.0
DecoLine,10051.0,-6318.0,10048.0,-6330.0
DecoLine,10048.0,-6330.0,10046.0,-6335.0
DecoLine,10046.0,-6335.0,10044.0,-6339.0
DecoLine,10044.0,-6339.0,10044.0,-6339.0
DecoLine,10044.0,-6339.0,10043.0,-6339.0
DecoLine,10043.0,-6339.0,10043.0,-6333.0
DecoLine,10043.0,-6333.0,10042.0,-6325.0
DecoLine,10042.0,-6325.0,10039.0,-6310.0
DecoLine,10039.0,-6310.0,10035.0,-6302.0
DecoLine,10035.0,-6302.0,10035.0,-6301.0
DecoLine,10035.0,-6301.0,10034.0,-6301.0
DecoLine,10034.0,-6301.0,10034.0,-6302.0
DecoLine,10034.0,-6302.0,10035.0,-6306.0
DecoLine,10035.0,-6306.0,10038.0,-6320.0
DecoLine,10038.0,-6320.0,10038.0,-6337.0
DecoLine,10038.0,-6337.0,10038.0,-6341.0
DecoLine,10038.0,-6341.0,10038.0,-6341.0
DecoLine,10038.0,-6341.0,10039.0,-6339.0
DecoLine,10039.0,-6339.0,10041.0,-6334.0
DecoLine,10041.0,-6334.0,10042.0,-6326.0
DecoLine,10042.0,-6326.0,10043.0,-6315.0
DecoLine,10043.0,-6315.0,10043.0,-6310.0
DecoLine,10043.0,-6310.0,10043.0,-6308.0
DecoLine,10043.0,-6308.0,10043.0,-6308.0
DecoLine,10043.0,-6308.0,10045.0,-6309.0
DecoLine,10045.0,-6309.0,10048.0,-6314.0
DecoLine,10048.0,-6314.0,10050.0,-6327.0
DecoLine,10050.0,-6327.0,10050.0,-6333.0
DecoLine,10050.0,-6333.0,10050.0,-6340.0
DecoLine,10050.0,-6340.0,10051.0,-6341.0
DecoLine,10051.0,-6341.0,10051.0,-6341.0
DecoLine,10051.0,-6341.0,10051.0,-6339.0
DecoLine,10051.0,-6339.0,10051.0,-6332.0
DecoLine,10051.0,-6332.0,10051.0,-6325.0
DecoLine,10051.0,-6325.0,10054.0,-6315.0
DecoLine,10054.0,-6315.0,10057.0,-6311.0
DecoLine,10057.0,-6311.0,10059.0,-6307.0
DecoLine,10059.0,-6307.0,10061.0,-6307.0
DecoLine,10061.0,-6307.0,10061.0,-6307.0
DecoLine,10061.0,-6307.0,10063.0,-6310.0
DecoLine,10063.0,-6310.0,10064.0,-6316.0
DecoLine,10064.0,-6316.0,10065.0,-6328.0
DecoLine,10065.0,-6328.0,10066.0,-6339.0
DecoLine,10066.0,-6339.0,10066.0,-6344.0
DecoLine,10066.0,-6344.0,10065.0,-6348.0
DecoLine,10065.0,-6348.0,10065.0,-6342.0
DecoLine,10065.0,-6342.0,10066.0,-6327.0
DecoLine,10066.0,-6327.0,10068.0,-6316.0
DecoLine,10068.0,-6316.0,10072.0,-6302.0
DecoLine,10072.0,-6302.0,10073.0,-6300.0
DecoLine,10073.0,-6300.0,10074.0,-6300.0
DecoLine,10074.0,-6300.0,10074.0,-6300.0
DecoLine,10074.0,-6300.0,10075.0,-6303.0
DecoLine,10075.0,-6303.0,10077.0,-6314.0
DecoLine,10077.0,-6314.0,10077.0,-6322.0
DecoLine,10077.0,-6322.0,10077.0,-6329.0
DecoLine,10077.0,-6329.0,10077.0,-6332.0
DecoLine,10077.0,-6332.0,10077.0,-6332.0
DecoLine,10077.0,-6332.0,10077.0,-6328.0
DecoLine,10077.0,-6328.0,10080.0,-6319.0
DecoLine,10080.0,-6319.0,10082.0,-6313.0
DecoLine,10082.0,-6313.0,10084.0,-6309.0
DecoLine,10084.0,-6309.0,10085.0,-6309.0
DecoLine,10085.0,-6309.0,10085.0,-6309.0
DecoLine,10085.0,-6309.0,10086.0,-6309.0
DecoLine,10086.0,-6309.0,10087.0,-6314.0
DecoLine,10087.0,-6314.0,10088.0,-6329.0
DecoLine,10088.0,-6329.0,10089.0,-6337.0
DecoLine,10089.0,-6337.0,10089.0,-6341.0
DecoLine,10089.0,-6341.0,10089.0,-6342.0
DecoLine,10089.0,-6342.0,10089.0,-6338.0
DecoLine,10089.0,-6338.0,10090.0,-6331.0
DecoLine,10090.0,-6331.0,10092.0,-6318.0
DecoLine,10092.0,-6318.0,10093.0,-6313.0
DecoLine,10093.0,-6313.0,10093.0,-6313.0
DecoLine,10093.0,-6313.0,10094.0,-6315.0
DecoLine,10094.0,-6315.0,10095.0,-6323.0
DecoLine,10095.0,-6323.0,10096.0,-6334.0
DecoLine,10096.0,-6334.0,10096.0,-6347.0
DecoLine,10096.0,-6347.0,10096.0,-6352.0
DecoLine,10096.0,-6352.0,10096.0,-6354.0
DecoLine,10096.0,-6354.0,10096.0,-6354.0
DecoLine,10096.0,-6354.0,10096.0,-6354.0
DecoLine,10096.0,-6354.0,10096.0,-6350.0
DecoLine,10096.0,-6350.0,10098.0,-6339.0
DecoLine,10098.0,-6339.0,10098.0,-6337.0
DecoLine,10098.0,-6337.0,10100.0,-6333.0
DecoLine,10100.0,-6333.0,10100.0,-6333.0
DecoLine,10100.0,-6333.0,10101.0,-6332.0
DecoLine,10101.0,-6332.0,10101.0,-6333.0
DecoLine,10101.0,-6333.0,10102.0,-6336.0
DecoLine,10102.0,-6336.0,10102.0,-6349.0
DecoLine,10102.0,-6349.0,10102.0,-6372.0
DecoLine,10102.0,-6372.0,10102.0,-6387.0
DecoLine,10102.0,-6387.0,10102.0,-6389.0
DecoLine,10102.0,-6389.0,10101.0,-6386.0
DecoLine,10101.0,-6386.0,10101.0,-6380.0
DecoLine,10101.0,-6380.0,10100.0,-6376.0
DecoLine,10100.0,-6376.0,10100.0,-6370.0
DecoLine,10100.0,-6370.0,10100.0,-6366.0
DecoLine,10100.0,-6366.0,10100.0,-6362.0
DecoLine,10100.0,-6362.0,10099.0,-6360.0
DecoLine,10099.0,-6360.0,10098.0,-6359.0
DecoLine,10098.0,-6359.0,10097.0,-6359.0
DecoLine,10097.0,-6359.0,10095.0,-6364.0
DecoLine,10095.0,-6364.0,10091.0,-6371.0
DecoLine,10091.0,-6371.0,10089.0,-6376.0
DecoLine,10089.0,-6376.0,10087.0,-6379.0
DecoLine,10087.0,-6379.0,10087.0,-6379.0
DecoLine,10087.0,-6379.0,10086.0,-6379.0
DecoLine,10086.0,-6379.0,10086.0,-6375.0
DecoLine,10086.0,-6375.0,10086.0,-6363.0
DecoLine,10086.0,-6363.0,10087.0,-6345.0
DecoLine,10087.0,-6345.0,10088.0,-6341.0
DecoLine,10088.0,-6341.0,10089.0,-6338.0
DecoLine,10089.0,-6338.0,10089.0,-6337.0
DecoLine,10089.0,-6337.0,10088.0,-6337.0
DecoLine,10088.0,-6337.0,10087.0,-6337.0
DecoLine,10087.0,-6337.0,10082.0,-6339.0
DecoLine,10082.0,-6339.0,10076.0,-6341.0
DecoLine,10076.0,-6341.0,10067.0,-6341.0
DecoLine,10067.0,-6341.0,10063.0,-6341.0
DecoLine,10063.0,-6341.0,10060.0,-6341.0
DecoLine,10136.0,-6345.0,10135.0,-6345.0
DecoLine,10135.0,-6345.0,10133.0,-6346.0
DecoLine,10133.0,-6346.0,10129.0,-6347.0
DecoLine,10129.0,-6347.0,10124.0,-6348.0
DecoLine,10124.0,-6348.0,10117.0,-6349.0
DecoLine,10117.0,-6349.0,10112.0,-6349.0
DecoLine,10112.0,-6349.0,10109.0,-6350.0
DecoLine,10109.0,-6350.0,10108.0,-6350.0
DecoLine,10108.0,-6350.0,10109.0,-6350.0
DecoLine,10109.0,-6350.0,10111.0,-6349.0
DecoLine,10111.0,-6349.0,10116.0,-6348.0
DecoLine,10116.0,-6348.0,10125.0,-6348.0
DecoLine,10125.0,-6348.0,10138.0,-6347.0
DecoLine,10138.0,-6347.0,10144.0,-6346.0
DecoLine,10144.0,-6346.0,10153.0,-6346.0
DecoLine,10153.0,-6346.0,10155.0,-6346.0
DecoLine,10155.0,-6346.0,10156.0,-6346.0
DecoLine,10156.0,-6346.0,10156.0,-6346.0
DecoLine,10156.0,-6346.0,10150.0,-6345.0
DecoLine,10150.0,-6345.0,10143.0,-6345.0
DecoLine,10143.0,-6345.0,10132.0,-6345.0
DecoLine,10132.0,-6345.0,10112.0,-6345.0
DecoLine,10112.0,-6345.0,10104.0,-6345.0
DecoLine,10104.0,-6345.0,10098.0,-6345.0
DecoLine,10098.0,-6345.0,10097.0,-6344.0
DecoLine,10097.0,-6344.0,10098.0,-6344.0
DecoLine,10098.0,-6344.0,10102.0,-6343.0
DecoLine,10102.0,-6343.0,10111.0,-6343.0
DecoLine,10111.0,-6343.0,10131.0,-6343.0
DecoLine,10131.0,-6343.0,10137.0,-6343.0
DecoLine,10137.0,-6343.0,10155.0,-6345.0
DecoLine,10155.0,-6345.0,10169.0,-6346.0
DecoLine,10169.0,-6346.0,10178.0,-6345.0
DecoLine,10178.0,-6345.0,10181.0,-6345.0
DecoLine,10181.0,-6345.0,10181.0,-6345.0
DecoLine,10181.0,-6345.0,10177.0,-6345.0
DecoLine,10177.0,-6345.0,10168.0,-6346.0
DecoLine,10168.0,-6346.0,10160.0,-6346.0
DecoLine,10160.0,-6346.0,10139.0,-6346.0
DecoLine,10139.0,-6346.0,10128.0,-6346.0
DecoLine,10128.0,-6346.0,10123.0,-6347.0
DecoLine,10123.0,-6347.0,10122.0,-6347.0
DecoLine,10122.0,-6347.0,10121.0,-6347.0
DecoLine,10121.0,-6347.0,10122.0,-6346.0
DecoLine,10122.0,-6346.0,10123.0,-6346.0
DecoLine,10123.0,-6346.0,10132.0,-6346.0
DecoLine,10132.0,-6346.0,10154.0,-6344.0
DecoLine,10154.0,-6344.0,10212.0,-6344.0
DecoLine,10212.0,-6344.0,10257.0,-6344.0
DecoLine,10257.0,-6344.0,10262.0,-6344.0
DecoLine,10262.0,-6344.0,10267.0,-6345.0
DecoLine,10267.0,-6345.0,10267.0,-6345.0
DecoLine,10267.0,-6345.0,10265.0,-6346.0
DecoLine,10265.0,-6346.0,10263.0,-6346.0
DecoLine,10263.0,-6346.0,10254.0,-6346.0
DecoLine,10254.0,-6346.0,10248.0,-6346.0
DecoLine,10248.0,-6346.0,10230.0,-6346.0
DecoLine,10230.0,-6346.0,10207.0,-6346.0
DecoLine,10207.0,-6346.0,10196.0,-6346.0
DecoLine,10196.0,-6346.0,10193.0,-6346.0
DecoLine,10193.0,-6346.0,10191.0,-6346.0
DecoLine,10191.0,-6346.0,10191.0,-6346.0
DecoLine,10191.0,-6346.0,10191.0,-6346.0
DecoLine,10191.0,-6346.0,10193.0,-6347.0
DecoLine,10193.0,-6347.0,10198.0,-6347.0
DecoLine,10198.0,-6347.0,10211.0,-6346.0
DecoLine,10211.0,-6346.0,10227.0,-6346.0
DecoLine,10227.0,-6346.0,10234.0,-6346.0
DecoLine,10234.0,-6346.0,10233.0,-6346.0
DecoLine,10233.0,-6346.0,10224.0,-6346.0
DecoLine,10224.0,-6346.0,10217.0,-6346.0
DecoLine,10217.0,-6346.0,10208.0,-6346.0
DecoLine,10208.0,-6346.0,10202.0,-6346.0
DecoLine,10202.0,-6346.0,10197.0,-6346.0
DecoLine,10197.0,-6346.0,10191.0,-6346.0
DecoLine,10191.0,-6346.0,10188.0,-6346.0
DecoLine,10188.0,-6346.0,10187.0,-6347.0
DecoLine,10187.0,-6347.0,10188.0,-6347.0
DecoLine,10188.0,-6347.0,10194.0,-6347.0
DecoLine,10194.0,-6347.0,10206.0,-6347.0
DecoLine,10206.0,-6347.0,10231.0,-6347.0
DecoLine,10231.0,-6347.0,10260.0,-6347.0
DecoLine,10260.0,-6347.0,10268.0,-6347.0
DecoLine,10268.0,-6347.0,10268.0,-6347.0
DecoLine,10268.0,-6347.0,10268.0,-6347.0
DecoLine,10268.0,-6347.0,10263.0,-6348.0
DecoLine,10263.0,-6348.0,10257.0,-6348.0
DecoLine,10257.0,-6348.0,10235.0,-6348.0
DecoLine,10235.0,-6348.0,10222.0,-6348.0
DecoLine,10222.0,-6348.0,10198.0,-6350.0
DecoLine,10198.0,-6350.0,10181.0,-6350.0
DecoLine,10181.0,-6350.0,10173.0,-6350.0
DecoLine,10173.0,-6350.0,10170.0,-6350.0
DecoLine,10170.0,-6350.0,10170.0,-6350.0
DecoLine,10170.0,-6350.0,10175.0,-6350.0
DecoLine,10175.0,-6350.0,10185.0,-6350.0
DecoLine,10185.0,-6350.0,10191.0,-6350.0
DecoLine,10191.0,-6350.0,10198.0,-6350.0
DecoLine,10198.0,-6350.0,10200.0,-6350.0
DecoLine,10200.0,-6350.0,10200.0,-6350.0
DecoLine,10200.0,-6350.0,10199.0,-6350.0
DecoLine,10199.0,-6350.0,10197.0,-6350.0
DecoLine,10197.0,-6350.0,10187.0,-6350.0
DecoLine,10187.0,-6350.0,10171.0,-6350.0
DecoLine,10171.0,-6350.0,10150.0,-6350.0
DecoLine,10150.0,-6350.0,10138.0,-6350.0
DecoLine,10138.0,-6350.0,10131.0,-6349.0
DecoLine,10131.0,-6349.0,10131.0,-6349.0
DecoLine,10131.0,-6349.0,10132.0,-6349.0
DecoLine,10132.0,-6349.0,10136.0,-6349.0
DecoLine,10136.0,-6349.0,10146.0,-6349.0
DecoLine,10146.0,-6349.0,10157.0,-6349.0
DecoLine,10157.0,-6349.0,10169.0,-6350.0
DecoLine,10169.0,-6350.0,10174.0,-6350.0
DecoLine,10174.0,-6350.0,10175.0,-6350.0
DecoLine,10175.0,-6350.0,10174.0,-6350.0
DecoLine,10174.0,-6350.0,10165.0,-6350.0
DecoLine,10165.0,-6350.0,10152.0,-6350.0
DecoLine,10152.0,-6350.0,10119.0,-6350.0
DecoLine,10119.0,-6350.0,10094.0,-6349.0
DecoLine,10094.0,-6349.0,10082.0,-6348.0
DecoLine,10082.0,-6348.0,10079.0,-6348.0
DecoLine,10079.0,-6348.0,10087.0,-6346.0
DecoLine,10087.0,-6346.0,10093.0,-6346.0
DecoLine,10093.0,-6346.0,10112.0,-6346.0
DecoLine,10112.0,-6346.0,10130.0,-6345.0
DecoLine,10130.0,-6345.0,10141.0,-6345.0
DecoLine,10141.0,-6345.0,10159.0,-6345.0
DecoLine,10159.0,-6345.0,10161.0,-6344.0
DecoLine,10161.0,-6344.0,10161.0,-6344.0
DecoLine,10161.0,-6344.0,10161.0,-6344.0
DecoLine,10161.0,-6344.0,10160.0,-6344.0
DecoLine,10160.0,-6344.0,10158.0,-6344.0
DecoLine,10158.0,-6344.0,10152.0,-6344.0
DecoLine,10152.0,-6344.0,10144.0,-6344.0
DecoLine,10144.0,-6344.0,10141.0,-6344.0
DecoLine,10141.0,-6344.0,10141.0,-6344.0
DecoLine,10141.0,-6344.0,10147.0,-6344.0
DecoLine,10147.0,-6344.0,10155.0,-6343.0
DecoLine,10155.0,-6343.0,10164.0,-6342.0
DecoLine,10164.0,-6342.0,10170.0,-6342.0
DecoLine,10170.0,-6342.0,10173.0,-6342.0
DecoLine,10173.0,-6342.0,10175.0,-6342.0
DecoLine,10175.0,-6342.0,10175.0,-6342.0
DecoLine,10175.0,-6342.0,10173.0,-6342.0
DecoLine,10173.0,-6342.0,10166.0,-6342.0
DecoLine,10166.0,-6342.0,10162.0,-6342.0
DecoLine,10162.0,-6342.0,10157.0,-6343.0
DecoLine,10157.0,-6343.0,10150.0,-6344.0
DecoLine,10150.0,-6344.0,10148.0,-6344.0
DecoLine,10148.0,-6344.0,10148.0,-6344.0
DecoLine,10148.0,-6344.0,10148.0,-6344.0
DecoLine,10148.0,-6344.0,10147.0,-6344.0
DecoLine,10147.0,-6344.0,10149.0,-6344.0
DecoLine,10149.0,-6344.0,10158.0,-6343.0
DecoLine,10158.0,-6343.0,10166.0,-6342.0
DecoLine,10166.0,-6342.0,10185.0,-6341.0
DecoLine,10185.0,-6341.0,10199.0,-6341.0
DecoLine,10199.0,-6341.0,10210.0,-6341.0
DecoLine,10210.0,-6341.0,10213.0,-6341.0
DecoLine,10213.0,-6341.0,10215.0,-6342.0
DecoLine,10215.0,-6342.0,10215.0,-6342.0
DecoLine,10215.0,-6342.0,10215.0,-6342.0
DecoLine,10215.0,-6342.0,10211.0,-6342.0
DecoLine,10211.0,-6342.0,10205.0,-6343.0
DecoLine,10205.0,-6343.0,10197.0,-6343.0
DecoLine,10197.0,-6343.0,10191.0,-6344.0
DecoLine,10191.0,-6344.0,10190.0,-6344.0
DecoLine,10190.0,-6344.0,10192.0,-6344.0
DecoLine,10192.0,-6344.0,10205.0,-6343.0
DecoLine,10205.0,-6343.0,10219.0,-6342.0
DecoLine,10219.0,-6342.0,10243.0,-6341.0
DecoLine,10243.0,-6341.0,10255.0,-6341.0
DecoLine,10255.0,-6341.0,10268.0,-6341.0
DecoLine,10268.0,-6341.0,10274.0,-6341.0
DecoLine,10274.0,-6341.0,10274.0,-6341.0
DecoLine,10274.0,-6341.0,10270.0,-6341.0
DecoLine,10270.0,-6341.0,10258.0,-6342.0
DecoLine,10258.0,-6342.0,10252.0,-6343.0
DecoLine,10252.0,-6343.0,10235.0,-6344.0
DecoLine,10235.0,-6344.0,10234.0,-6344.0
DecoLine,10234.0,-6344.0,10233.0,-6344.0
DecoLine,10233.0,-6344.0,10234.0,-6344.0
DecoLine,10234.0,-6344.0,10240.0,-6345.0
DecoLine,10240.0,-6345.0,10258.0,-6346.0
DecoLine,10258.0,-6346.0,10288.0,-6346.0
DecoLine,10288.0,-6346.0,10327.0,-6346.0
DecoLine,10327.0,-6346.0,10343.0,-6346.0
DecoLine,10343.0,-6346.0,10344.0,-6346.0
DecoLine,10344.0,-6346.0,10343.0,-6346.0
DecoLine,10343.0,-6346.0,10337.0,-6346.0
DecoLine,10337.0,-6346.0,10328.0,-6346.0
DecoLine,10328.0,-6346.0,10327.0,-6346.0
DecoLine,10327.0,-6346.0,10323.0,-6346.0
DecoLine,10323.0,-6346.0,10320.0,-6346.0
DecoLine,10320.0,-6346.0,10319.0,-6346.0
DecoLine,10319.0,-6346.0,10317.0,-6347.0
DecoLine,10317.0,-6347.0,10313.0,-6348.0
DecoLine,10313.0,-6348.0,10310.0,-6348.0
DecoLine,10310.0,-6348.0,10310.0,-6348.0
DecoLine,10310.0,-6348.0,10308.0,-6348.0
DecoLine,10308.0,-6348.0,10306.0,-6349.0
DecoLine,10306.0,-6349.0,10302.0,-6349.0
DecoLine,10302.0,-6349.0,10301.0,-6349.0
DecoLine,10301.0,-6349.0,10299.0,-6350.0
DecoLine,10299.0,-6350.0,10297.0,-6349.0
DecoLine,10297.0,-6349.0,10296.0,-6349.0
DecoLine,10296.0,-6349.0,10295.0,-6349.0
DecoLine,10295.0,-6349.0,10295.0,-6348.0
DecoLine,10295.0,-6348.0,10295.0,-6348.0
DecoLine,10295.0,-6348.0,10295.0,-6348.0
DecoLine,10295.0,-6348.0,10297.0,-6346.0
DecoLine,10297.0,-6346.0,10299.0,-6345.0
DecoLine,10299.0,-6345.0,10300.0,-6345.0
DecoLine,10300.0,-6345.0,10303.0,-6344.0
DecoLine,10303.0,-6344.0,10305.0,-6344.0
DecoLine,10305.0,-6344.0,10306.0,-6344.0
DecoLine,10306.0,-6344.0,10306.0,-6344.0
DecoLine,10306.0,-6344.0,10300.0,-6344.0
DecoLine,10300.0,-6344.0,10292.0,-6344.0
DecoLine,10292.0,-6344.0,10280.0,-6345.0
DecoLine,10280.0,-6345.0,10276.0,-6345.0
DecoLine,10276.0,-6345.0,10273.0,-6345.0
DecoLine,10273.0,-6345.0,10269.0,-6345.0
DecoLine,10269.0,-6345.0,10268.0,-6345.0
DecoLine,10268.0,-6345.0,10272.0,-6343.0
DecoLine,10272.0,-6343.0,10276.0,-6342.0
DecoLine,10276.0,-6342.0,10284.0,-6341.0
DecoLine,10284.0,-6341.0,10295.0,-6339.0
DecoLine,10295.0,-6339.0,10312.0,-6338.0
DecoLine,10312.0,-6338.0,10317.0,-6337.0
DecoLine,10317.0,-6337.0,10318.0,-6337.0
DecoLine,10318.0,-6337.0,10313.0,-6337.0
DecoLine,10313.0,-6337.0,10308.0,-6337.0
DecoLine,10308.0,-6337.0,10290.0,-6338.0
DecoLine,10290.0,-6338.0,10271.0,-6338.0
DecoLine,10271.0,-6338.0,10256.0,-6338.0
DecoLine,10256.0,-6338.0,10250.0,-6338.0
DecoLine,10250.0,-6338.0,10250.0,-6338.0
DecoLine,10250.0,-6338.0,10250.0,-6337.0
DecoLine,10250.0,-6337.0,10254.0,-6337.0
DecoLine,10254.0,-6337.0,10257.0,-6337.0
DecoLine,10257.0,-6337.0,10267.0,-6336.0
DecoLine,10267.0,-6336.0,10273.0,-6336.0
DecoLine,10273.0,-6336.0,10280.0,-6336.0
DecoLine,10280.0,-6336.0,10284.0,-6335.0
DecoLine,10284.0,-6335.0,10286.0,-6335.0
DecoLine,10286.0,-6335.0,10285.0,-6335.0
DecoLine,10285.0,-6335.0,10283.0,-6336.0
DecoLine,10283.0,-6336.0,10278.0,-6337.0
DecoLine,10278.0,-6337.0,10276.0,-6338.0
DecoLine,10276.0,-6338.0,10275.0,-6338.0
DecoLine,10275.0,-6338.0,10276.0,-6338.0
DecoLine,10276.0,-6338.0,10282.0,-6336.0
DecoLine,10282.0,-6336.0,10295.0,-6332.0
DecoLine,10295.0,-6332.0,10313.0,-6330.0
DecoLine,10313.0,-6330.0,10321.0,-6328.0
DecoLine,10321.0,-6328.0,10322.0,-6328.0
DecoLine,10322.0,-6328.0,10320.0,-6328.0
DecoLine,10320.0,-6328.0,10318.0,-6328.0
DecoLine,10318.0,-6328.0,10313.0,-6328.0
DecoLine,10313.0,-6328.0,10303.0,-6329.0
DecoLine,10303.0,-6329.0,10292.0,-6330.0
DecoLine,10292.0,-6330.0,10289.0,-6330.0
DecoLine,10289.0,-6330.0,10289.0,-6330.0
DecoLine,10289.0,-6330.0,10289.0,-6330.0
DecoLine,10289.0,-6330.0,10292.0,-6329.0
DecoLine,10292.0,-6329.0,10297.0,-6327.0
DecoLine,10297.0,-6327.0,10310.0,-6327.0
DecoLine,10310.0,-6327.0,10321.0,-6325.0
DecoLine,10321.0,-6325.0,10325.0,-6325.0
DecoLine,10325.0,-6325.0,10326.0,-6325.0
DecoLine,10326.0,-6325.0,10325.0,-6325.0
DecoLine,10325.0,-6325.0,10322.0,-6325.0
DecoLine,10322.0,-6325.0,10309.0,-6326.0
DecoLine,10309.0,-6326.0,10294.0,-6328.0
DecoLine,10294.0,-6328.0,10280.0,-6328.0
DecoLine,10280.0,-6328.0,10278.0,-6328.0
DecoLine,10278.0,-6328.0,10280.0,-6328.0
DecoLine,10280.0,-6328.0,10284.0,-6326.0
DecoLine,10284.0,-6326.0,10289.0,-6324.0
DecoLine,10289.0,-6324.0,10304.0,-6323.0
DecoLine,10304.0,-6323.0,10305.0,-6323.0
DecoLine,10305.0,-6323.0,10307.0,-6323.0
DecoLine,10307.0,-6323.0,10306.0,-6323.0
DecoLine,10306.0,-6323.0,10306.0,-6323.0
DecoLine,10306.0,-6323.0,10305.0,-6323.0
DecoLine,10305.0,-6323.0,10302.0,-6323.0
DecoLine,10302.0,-6323.0,10296.0,-6324.0
DecoLine,10296.0,-6324.0,10292.0,-6324.0
DecoLine,10292.0,-6324.0,10291.0,-6325.0
DecoLine,10291.0,-6325.0,10291.0,-6324.0
DecoLine,10291.0,-6324.0,10295.0,-6323.0
DecoLine,10295.0,-6323.0,10303.0,-6321.0
DecoLine,10303.0,-6321.0,10308.0,-6321.0
DecoLine,10308.0,-6321.0,10310.0,-6321.0
DecoLine,10310.0,-6321.0,10310.0,-6321.0
DecoLine,10310.0,-6321.0,10310.0,-6321.0
DecoLine,10310.0,-6321.0,10309.0,-6321.0
DecoLine,10309.0,-6321.0,10302.0,-6320.0
DecoLine,10302.0,-6320.0,10287.0,-6320.0
DecoLine,10287.0,-6320.0,10261.0,-6320.0
DecoLine,10261.0,-6320.0,10244.0,-6320.0
DecoLine,10244.0,-6320.0,10243.0,-6319.0
DecoLine,10243.0,-6319.0,10243.0,-6319.0
DecoLine,10243.0,-6319.0,10246.0,-6317.0
DecoLine,10246.0,-6317.0,10254.0,-6315.0
DecoLine,10254.0,-6315.0,10262.0,-6314.0
DecoLine,10262.0,-6314.0,10282.0,-6312.0
DecoLine,10282.0,-6312.0,10294.0,-6311.0
DecoLine,10294.0,-6311.0,10297.0,-6311.0
DecoLine,10297.0,-6311.0,10296.0,-6311.0
DecoLine,10296.0,-6311.0,10292.0,-6312.0
DecoLine,10292.0,-6312.0,10291.0,-6312.0
DecoLine,10291.0,-6312.0,10289.0,-6312.0
DecoLine,10289.0,-6312.0,10289.0,-6312.0
DecoLine,10289.0,-6312.0,10288.0,-6312.0
DecoLine,10288.0,-6312.0,10289.0,-6312.0
DecoLine,10289.0,-6312.0,10289.0,-6312.0
DecoLine,10101.0,-6307.0,10101.0,-6307.0
DecoLine,10101.0,-6307.0,10100.0,-6307.0
DecoLine,10100.0,-6307.0,10099.0,-6307.0
DecoLine,10099.0,-6307.0,10097.0,-6307.0
DecoLine,10097.0,-6307.0,10096.0,-6306.0
DecoLine,10096.0,-6306.0,10096.0,-6306.0
DecoLine,10096.0,-6306.0,10097.0,-6305.0
DecoLine,10097.0,-6305.0,10098.0,-6304.0
DecoLine,10098.0,-6304.0,10105.0,-6302.0
DecoLine,10105.0,-6302.0,10133.0,-6299.0
DecoLine,10133.0,-6299.0,10139.0,-6298.0
DecoLine,10139.0,-6298.0,10155.0,-6297.0
DecoLine,10155.0,-6297.0,10162.0,-6296.0
DecoLine,10162.0,-6296.0,10163.0,-6296.0
DecoLine,10163.0,-6296.0,10162.0,-6296.0
DecoLine,10162.0,-6296.0,10162.0,-6296.0
DecoLine,10162.0,-6296.0,10160.0,-6296.0
DecoLine,10160.0,-6296.0,10157.0,-6297.0
DecoLine,10157.0,-6297.0,10140.0,-6298.0
DecoLine,10140.0,-6298.0,10133.0,-6298.0
DecoLine,10133.0,-6298.0,10115.0,-6299.0
DecoLine,10115.0,-6299.0,10112.0,-6299.0
DecoLine,10112.0,-6299.0,10112.0,-6299.0
DecoLine,10112.0,-6299.0,10111.0,-6299.0
DecoLine,10111.0,-6299.0,10111.0,-6299.0
DecoLine,10111.0,-6299.0,10111.0,-6299.0
DecoLine,10111.0,-6299.0,10110.0,-6299.0
DecoLine,10110.0,-6299.0,10111.0,-6299.0
DecoLine,10111.0,-6299.0,10113.0,-6299.0
DecoLine,10113.0,-6299.0,10118.0,-6299.0
DecoLine,10118.0,-6299.0,10124.0,-6299.0
DecoLine,10124.0,-6299.0,10126.0,-6299.0
DecoLine,10126.0,-6299.0,10126.0,-6299.0
DecoLine,10126.0,-6299.0,10125.0,-6299.0
DecoLine,10125.0,-6299.0,10119.0,-6300.0
DecoLine,10119.0,-6300.0,10110.0,-6302.0
DecoLine,10110.0,-6302.0,10096.0,-6304.0
DecoLine,10096.0,-6304.0,10088.0,-6305.0
DecoLine,10088.0,-6305.0,10081.0,-6305.0
DecoLine,10081.0,-6305.0,10080.0,-6305.0
DecoLine,10080.0,-6305.0,10080.0,-6305.0
DecoLine,10080.0,-6305.0,10080.0,-6305.0
DecoLine,10080.0,-6305.0,10079.0,-6305.0
DecoLine,10079.0,-6305.0,10078.0,-6306.0
DecoLine,10078.0,-6306.0,10075.0,-6306.0
DecoLine,10075.0,-6306.0,10069.0,-6308.0
DecoLine,10069.0,-6308.0,10061.0,-6308.0
DecoLine,10061.0,-6308.0,10057.0,-6308.0
DecoLine,10057.0,-6308.0,10056.0,-6308.0
DecoLine,10056.0,-6308.0,10056.0,-6309.0
DecoLine,10056.0,-6309.0,10056.0,-6308.0
DecoLine,10056.0,-6308.0,10056.0,-6308.0
DecoLine,10056.0,-6308.0,10058.0,-6307.0
DecoLine,10058.0,-6307.0,10069.0,-6303.0
DecoLine,10069.0,-6303.0,10097.0,-6298.0
DecoLine,10097.0,-6298.0,10140.0,-6295.0
DecoLine,10140.0,-6295.0,10177.0,-6295.0
DecoLine,10177.0,-6295.0,10184.0,-6295.0
DecoLine,10184.0,-6295.0,10185.0,-6295.0
DecoLine,10185.0,-6295.0,10184.0,-6295.0
DecoLine,10184.0,-6295.0,10184.0,-6295.0
DecoLine,10184.0,-6295.0,10182.0,-6295.0
DecoLine,10182.0,-6295.0,10177.0,-6296.0
DecoLine,10177.0,-6296.0,10169.0,-6298.0
DecoLine,10169.0,-6298.0,10167.0,-6298.0
DecoLine,10167.0,-6298.0,10159.0,-6298.0
DecoLine,10159.0,-6298.0,10157.0,-6298.0
DecoLine,10157.0,-6298.0,10157.0,-6298.0
DecoLine,10157.0,-6298.0,10163.0,-6298.0
DecoLine,10163.0,-6298.0,10174.0,-6298.0
DecoLine,10174.0,-6298.0,10202.0,-6294.0
DecoLine,10202.0,-6294.0,10240.0,-6290.0
DecoLine,10240.0,-6290.0,10262.0,-6289.0
DecoLine,10262.0,-6289.0,10264.0,-6289.0
DecoLine,10264.0,-6289.0,10263.0,-6289.0
DecoLine,10263.0,-6289.0,10260.0,-6290.0
DecoLine,10260.0,-6290.0,10250.0,-6291.0
DecoLine,10250.0,-6291.0,10238.0,-6293.0
DecoLine,10238.0,-6293.0,10223.0,-6293.0
DecoLine,10223.0,-6293.0,10206.0,-6294.0
DecoLine,10206.0,-6294.0,10202.0,-6294.0
DecoLine,10202.0,-6294.0,10200.0,-6295.0
DecoLine,10200.0,-6295.0,10200.0,-6295.0
DecoLine,10200.0,-6295.0,10199.0,-6296.0
DecoLine,10199.0,-6296.0,10199.0,-6296.0
DecoLine,10199.0,-6296.0,10199.0,-6296.0
DecoLine,10199.0,-6296.0,10202.0,-6294.0
DecoLine,10202.0,-6294.0,10213.0,-6294.0
DecoLine,10213.0,-6294.0,10228.0,-6291.0
DecoLine,10228.0,-6291.0,10251.0,-6291.0
DecoLine,10251.0,-6291.0,10265.0,-6291.0
DecoLine,10265.0,-6291.0,10268.0,-6291.0
DecoLine,10268.0,-6291.0,10268.0,-6291.0
DecoLine,10268.0,-6291.0,10268.0,-6291.0
DecoLine,10268.0,-6291.0,10263.0,-6293.0
DecoLine,10263.0,-6293.0,10247.0,-6294.0
DecoLine,10247.0,-6294.0,10240.0,-6295.0
DecoLine,10240.0,-6295.0,10233.0,-6295.0
DecoLine,10233.0,-6295.0,10232.0,-6295.0
DecoLine,10232.0,-6295.0,10233.0,-6295.0
DecoLine,10233.0,-6295.0,10242.0,-6295.0
DecoLine,10242.0,-6295.0,10255.0,-6295.0
DecoLine,10255.0,-6295.0,10270.0,-6294.0
DecoLine,10270.0,-6294.0,10279.0,-6294.0
DecoLine,10279.0,-6294.0,10283.0,-6294.0
DecoLine,10283.0,-6294.0,10284.0,-6295.0
DecoLine,10284.0,-6295.0,10282.0,-6296.0
DecoLine,10282.0,-6296.0,10278.0,-6296.0
DecoLine,10278.0,-6296.0,10273.0,-6297.0
DecoLine,10273.0,-6297.0,10262.0,-6298.0
DecoLine,10262.0,-6298.0,10259.0,-6299.0
DecoLine,10259.0,-6299.0,10259.0,-6299.0
DecoLine,10259.0,-6299.0,10265.0,-6298.0
DecoLine,10265.0,-6298.0,10273.0,-6297.0
DecoLine,10273.0,-6297.0,10283.0,-6297.0
DecoLine,10283.0,-6297.0,10292.0,-6297.0
DecoLine,10292.0,-6297.0,10295.0,-6297.0
DecoLine,10295.0,-6297.0,10295.0,-6297.0
DecoLine,10295.0,-6297.0,10295.0,-6298.0
DecoLine,10295.0,-6298.0,10295.0,-6298.0
DecoLine,10295.0,-6298.0,10294.0,-6298.0
DecoLine,10294.0,-6298.0,10294.0,-6299.0
DecoLine,10294.0,-6299.0,10292.0,-6299.0
DecoLine,10292.0,-6299.0,10289.0,-6300.0
DecoLine,10289.0,-6300.0,10288.0,-6300.0
DecoLine,10288.0,-6300.0,10291.0,-6300.0
DecoLine,10291.0,-6300.0,10296.0,-6300.0
DecoLine,10296.0,-6300.0,10306.0,-6300.0
DecoLine,10306.0,-6300.0,10316.0,-6300.0
DecoLine,10316.0,-6300.0,10318.0,-6301.0
DecoLine,10318.0,-6301.0,10317.0,-6301.0
DecoLine,10317.0,-6301.0,10315.0,-6302.0
DecoLine,10315.0,-6302.0,10312.0,-6302.0
DecoLine,10312.0,-6302.0,10310.0,-6303.0
DecoLine,10310.0,-6303.0,10305.0,-6304.0
DecoLine,10305.0,-6304.0,10303.0,-6304.0
DecoLine,10303.0,-6304.0,10303.0,-6304.0
DecoLine,10303.0,-6304.0,10303.0,-6304.0
DecoLine,10303.0,-6304.0,10305.0,-6304.0
DecoLine,10305.0,-6304.0,10309.0,-6304.0
DecoLine,10309.0,-6304.0,10312.0,-6304.0
DecoLine,10312.0,-6304.0,10312.0,-6304.0
DecoLine,10312.0,-6304.0,10311.0,-6304.0
DecoLine,10311.0,-6304.0,10306.0,-6304.0
DecoLine,10306.0,-6304.0,10295.0,-6305.0
DecoLine,10295.0,-6305.0,10288.0,-6305.0
DecoLine,10288.0,-6305.0,10284.0,-6305.0
DecoLine,10284.0,-6305.0,10284.0,-6305.0
DecoLine,10284.0,-6305.0,10285.0,-6305.0
DecoLine,10285.0,-6305.0,10285.0,-6305.0
DecoLine,10285.0,-6305.0,10288.0,-6305.0
DecoLine,10288.0,-6305.0,10290.0,-6304.0
DecoLine,10290.0,-6304.0,10293.0,-6304.0
DecoLine,10293.0,-6304.0,10294.0,-6304.0
DecoLine,10294.0,-6304.0,10294.0,-6304.0
DecoLine,10294.0,-6304.0,10294.0,-6304.0
DecoLine,10294.0,-6304.0,10297.0,-6305.0
DecoLine,10297.0,-6305.0,10299.0,-6305.0
DecoLine,10299.0,-6305.0,10300.0,-6305.0
DecoLine,10300.0,-6305.0,10297.0,-6306.0
DecoLine,10297.0,-6306.0,10289.0,-6306.0
DecoLine,10289.0,-6306.0,10281.0,-6306.0
DecoLine,10281.0,-6306.0,10278.0,-6307.0
DecoLine,10278.0,-6307.0,10277.0,-6307.0
DecoLine,10277.0,-6307.0,10279.0,-6307.0
DecoLine,10279.0,-6307.0,10285.0,-6306.0
DecoLine,10285.0,-6306.0,10304.0,-6306.0
DecoLine,10304.0,-6306.0,10320.0,-6305.0
DecoLine,10320.0,-6305.0,10327.0,-6305.0
DecoLine,10327.0,-6305.0,10328.0,-6305.0
DecoLine,10328.0,-6305.0,10328.0,-6305.0
DecoLine,10328.0,-6305.0,10328.0,-6306.0
DecoLine,10328.0,-6306.0,10327.0,-6306.0
DecoLine,10327.0,-6306.0,10325.0,-6306.0
DecoLine,10325.0,-6306.0,10322.0,-6308.0
DecoLine,10322.0,-6308.0,10319.0,-6308.0
DecoLine,10319.0,-6308.0,10319.0,-6308.0
DecoLine,10319.0,-6308.0,10320.0,-6308.0
DecoLine,10320.0,-6308.0,10323.0,-6308.0
DecoLine,10323.0,-6308.0,10323.0,-6308.0
DecoLine,10323.0,-6308.0,10324.0,-6308.0
DecoLine,10324.0,-6308.0,10324.0,-6308.0
DecoLine,10324.0,-6308.0,10319.0,-6309.0
DecoLine,10319.0,-6309.0,10312.0,-6310.0
DecoLine,10312.0,-6310.0,10301.0,-6311.0
DecoLine,10301.0,-6311.0,10295.0,-6311.0
DecoLine,10295.0,-6311.0,10295.0,-6311.0
DecoLine,10295.0,-6311.0,10297.0,-6311.0
DecoLine,10297.0,-6311.0,10298.0,-6311.0
DecoLine,10298.0,-6311.0,10300.0,-6311.0
DecoLine,10300.0,-6311.0,10303.0,-6311.0
DecoLine,10303.0,-6311.0,10306.0,-6311.0
DecoLine,10306.0,-6311.0,10309.0,-6311.0
DecoLine,10309.0,-6311.0,10310.0,-6311.0
DecoLine,10310.0,-6311.0,10310.0,-6312.0
DecoLine,10310.0,-6312.0,10309.0,-6312.0
DecoLine,10309.0,-6312.0,10307.0,-6313.0
DecoLine,10307.0,-6313.0,10301.0,-6315.0
DecoLine,10301.0,-6315.0,10302.0,-6315.0
DecoLine,10302.0,-6315.0,10313.0,-6315.0
DecoLine,10313.0,-6315.0,10319.0,-6315.0
DecoLine,10319.0,-6315.0,10322.0,-6316.0
DecoLine,10322.0,-6316.0,10322.0,-6316.0
DecoLine,10322.0,-6316.0,10321.0,-6317.0
DecoLine,10321.0,-6317.0,10320.0,-6318.0
DecoLine,10320.0,-6318.0,10318.0,-6319.0
DecoLine,10318.0,-6319.0,10316.0,-6320.0
DecoLine,10316.0,-6320.0,10316.0,-6320.0
DecoLine,10316.0,-6320.0,10316.0,-6320.0
DecoLine,10316.0,-6320.0,10319.0,-6320.0
DecoLine,10319.0,-6320.0,10322.0,-6320.0
DecoLine,10322.0,-6320.0,10323.0,-6320.0
DecoLine,10323.0,-6320.0,10327.0,-6320.0
DecoLine,10327.0,-6320.0,10327.0,-6320.0
DecoLine,10327.0,-6320.0,10327.0,-6320.0
DecoLine,10327.0,-6320.0,10326.0,-6322.0
DecoLine,10326.0,-6322.0,10322.0,-6324.0
DecoLine,10322.0,-6324.0,10317.0,-6326.0
DecoLine,10317.0,-6326.0,10307.0,-6329.0
DecoLine,10307.0,-6329.0,10304.0,-6331.0
DecoLine,10304.0,-6331.0,10304.0,-6331.0
DecoLine,10304.0,-6331.0,10304.0,-6331.0
DecoLine,10304.0,-6331.0,10305.0,-6331.0
DecoLine,10305.0,-6331.0,10306.0,-6331.0
DecoLine,10306.0,-6331.0,10307.0,-6331.0
DecoLine,10307.0,-6331.0,10307.0,-6331.0
PhysicLine,12402.0,-7017.0,12402.0,-7017.0
PhysicLine,12401.0,-7017.0,12401.0,-7017.0
PhysicLine,12401.0,-7017.0,12401.0,-7017.0
PhysicLine,12367.0,-7229.0,12367.0,-7229.0
PhysicLine,12367.0,-7230.0,12367.0,-7230.0
PhysicLine,12367.0,-7230.0,12367.0,-7230.0
PhysicLine,12369.0,-7246.0,12369.0,-7246.0
PhysicLine,12371.0,-7256.0,12371.0,-7256.0
DecoLine,14605.0,-7893.0,14604.0,-7893.0
DecoLine,14604.0,-7893.0,14604.0,-7893.0
DecoLine,14604.0,-7893.0,14602.0,-7893.0
DecoLine,14602.0,-7893.0,14601.0,-7893.0
DecoLine,14601.0,-7893.0,14601.0,-7893.0
DecoLine,14601.0,-7893.0,14600.0,-7893.0
DecoLine,14600.0,-7893.0,14600.0,-7893.0
DecoLine,14600.0,-7893.0,14599.0,-7893.0
DecoLine,14599.0,-7893.0,14599.0,-7893.0
DecoLine,14599.0,-7893.0,14598.0,-7893.0
DecoLine,14598.0,-7893.0,14598.0,-7893.0
DecoLine,14598.0,-7893.0,14598.0,-7893.0
DecoLine,14598.0,-7893.0,14597.0,-7892.0
DecoLine,14597.0,-7892.0,14597.0,-7892.0
DecoLine,14597.0,-7892.0,14597.0,-7890.0
DecoLine,14597.0,-7890.0,14597.0,-7890.0
DecoLine,14597.0,-7890.0,14597.0,-7889.0
DecoLine,14597.0,-7889.0,14597.0,-7889.0
DecoLine,14597.0,-7889.0,14597.0,-7888.0
DecoLine,14597.0,-7888.0,14598.0,-7888.0
DecoLine,14598.0,-7888.0,14598.0,-7887.0
DecoLine,14598.0,-7887.0,14599.0,-7886.0
DecoLine,14599.0,-7886.0,14600.0,-7886.0
DecoLine,14600.0,-7886.0,14600.0,-7886.0
DecoLine,14600.0,-7886.0,14600.0,-7886.0
DecoLine,14600.0,-7886.0,14600.0,-7886.0
DecoLine,14600.0,-7886.0,14601.0,-7886.0
DecoLine,14601.0,-7886.0,14601.0,-7886.0
DecoLine,14601.0,-7886.0,14602.0,-7886.0
DecoLine,14602.0,-7886.0,14602.0,-7886.0
DecoLine,14602.0,-7886.0,14603.0,-7886.0
DecoLine,14603.0,-7886.0,14603.0,-7886.0
DecoLine,14603.0,-7886.0,14603.0,-7886.0
DecoLine,14603.0,-7886.0,14604.0,-7886.0
DecoLine,14604.0,-7886.0,14604.0,-7887.0
DecoLine,14604.0,-7887.0,14604.0,-7887.0
DecoLine,14604.0,-7887.0,14604.0,-7888.0
DecoLine,14604.0,-7888.0,14604.0,-7888.0
DecoLine,14604.0,-7888.0,14604.0,-7889.0
DecoLine,14604.0,-7889.0,14604.0,-7889.0
DecoLine,14604.0,-7889.0,14604.0,-7890.0
DecoLine,14604.0,-7890.0,14604.0,-7890.0
DecoLine,14604.0,-7890.0,14604.0,-7891.0
DecoLine,14604.0,-7891.0,14604.0,-7891.0
DecoLine,14604.0,-7891.0,14604.0,-7891.0
DecoLine,14604.0,-7891.0,14604.0,-7891.0
DecoLine,14604.0,-7891.0,14603.0,-7892.0
DecoLine,14603.0,-7892.0,14603.0,-7892.0
DecoLine,14603.0,-7892.0,14603.0,-7892.0
DecoLine,14603.0,-7892.0,14603.0,-7892.0
DecoLine,14603.0,-7892.0,14602.0,-7892.0
DecoLine,14602.0,-7892.0,14602.0,-7892.0
DecoLine,14602.0,-7892.0,14602.0,-7892.0
DecoLine,14602.0,-7892.0,14601.0,-7892.0
DecoLine,14613.0,-7905.0,14613.0,-7905.0
DecoLine,14613.0,-7905.0,14613.0,-7905.0
DecoLine,14613.0,-7905.0,14613.0,-7905.0
DecoLine,14613.0,-7905.0,14612.0,-7906.0
DecoLine,14612.0,-7906.0,14612.0,-7906.0
DecoLine,14612.0,-7906.0,14611.0,-7906.0
DecoLine,14611.0,-7906.0,14611.0,-7906.0
DecoLine,14611.0,-7906.0,14610.0,-7906.0
DecoLine,14610.0,-7906.0,14610.0,-7906.0
DecoLine,14610.0,-7906.0,14610.0,-7906.0
DecoLine,14610.0,-7906.0,14609.0,-7906.0
DecoLine,14609.0,-7906.0,14609.0,-7906.0
DecoLine,14609.0,-7906.0,14608.0,-7906.0
DecoLine,14608.0,-7906.0,14608.0,-7906.0
DecoLine,14608.0,-7906.0,14608.0,-7905.0
DecoLine,14608.0,-7905.0,14608.0,-7905.0
DecoLine,14608.0,-7905.0,14607.0,-7905.0
DecoLine,14607.0,-7905.0,14607.0,-7905.0
DecoLine,14607.0,-7905.0,14606.0,-7904.0
DecoLine,14606.0,-7904.0,14605.0,-7904.0
DecoLine,14605.0,-7904.0,14605.0,-7904.0
DecoLine,14605.0,-7904.0,14605.0,-7904.0
DecoLine,14605.0,-7904.0,14604.0,-7903.0
DecoLine,14604.0,-7903.0,14604.0,-7903.0
DecoLine,14604.0,-7903.0,14603.0,-7902.0
DecoLine,14603.0,-7902.0,14603.0,-7901.0
DecoLine,14603.0,-7901.0,14602.0,-7901.0
DecoLine,14602.0,-7901.0,14601.0,-7900.0
DecoLine,14601.0,-7900.0,14601.0,-7900.0
DecoLine,14601.0,-7900.0,14600.0,-7900.0
DecoLine,14600.0,-7900.0,14600.0,-7899.0
DecoLine,14600.0,-7899.0,14599.0,-7898.0
DecoLine,14599.0,-7898.0,14599.0,-7897.0
DecoLine,14599.0,-7897.0,14598.0,-7896.0
DecoLine,14598.0,-7896.0,14598.0,-7896.0
DecoLine,14598.0,-7896.0,14598.0,-7895.0
DecoLine,14598.0,-7895.0,14597.0,-7895.0
DecoLine,14597.0,-7895.0,14597.0,-7895.0
DecoLine,14597.0,-7895.0,14596.0,-7894.0
DecoLine,14596.0,-7894.0,14596.0,-7894.0
DecoLine,14596.0,-7894.0,14595.0,-7894.0
DecoLine,14595.0,-7894.0,14594.0,-7893.0
DecoLine,14594.0,-7893.0,14593.0,-7893.0
DecoLine,14593.0,-7893.0,14593.0,-7893.0
DecoLine,14593.0,-7893.0,14592.0,-7893.0
DecoLine,14592.0,-7893.0,14592.0,-7893.0
DecoLine,14592.0,-7893.0,14591.0,-7893.0
DecoLine,14591.0,-7893.0,14591.0,-7893.0
DecoLine,14591.0,-7893.0,14590.0,-7893.0
DecoLine,14590.0,-7893.0,14590.0,-7893.0
DecoLine,14590.0,-7893.0,14589.0,-7893.0
DecoLine,14589.0,-7893.0,14589.0,-7893.0
DecoLine,14589.0,-7893.0,14589.0,-7894.0
DecoLine,14589.0,-7894.0,14589.0,-7894.0
DecoLine,14589.0,-7894.0,14588.0,-7894.0
DecoLine,14588.0,-7894.0,14588.0,-7894.0
DecoLine,14588.0,-7894.0,14587.0,-7894.0
DecoLine,14587.0,-7894.0,14587.0,-7894.0
DecoLine,14587.0,-7894.0,14587.0,-7894.0
DecoLine,14587.0,-7894.0,14586.0,-7894.0
DecoLine,14586.0,-7894.0,14585.0,-7895.0
DecoLine,14585.0,-7895.0,14584.0,-7895.0
DecoLine,14584.0,-7895.0,14583.0,-7895.0
DecoLine,14583.0,-7895.0,14583.0,-7895.0
DecoLine,14583.0,-7895.0,14583.0,-7895.0
DecoLine,14583.0,-7895.0,14582.0,-7895.0
DecoLine,14582.0,-7895.0,14582.0,-7894.0
DecoLine,14582.0,-7894.0,14582.0,-7894.0
DecoLine,14582.0,-7894.0,14581.0,-7894.0
DecoLine,14581.0,-7894.0,14581.0,-7894.0
DecoLine,14581.0,-7894.0,14581.0,-7894.0
DecoLine,14616.0,-7892.0,14616.0,-7893.0
DecoLine,14616.0,-7893.0,14615.0,-7893.0
DecoLine,14615.0,-7893.0,14615.0,-7895.0
DecoLine,14615.0,-7895.0,14615.0,-7896.0
DecoLine,14615.0,-7896.0,14615.0,-7897.0
DecoLine,14615.0,-7897.0,14615.0,-7897.0
DecoLine,14615.0,-7897.0,14614.0,-7898.0
DecoLine,14614.0,-7898.0,14614.0,-7899.0
DecoLine,14614.0,-7899.0,14614.0,-7900.0
DecoLine,14614.0,-7900.0,14614.0,-7901.0
DecoLine,14614.0,-7901.0,14614.0,-7902.0
DecoLine,14614.0,-7902.0,14614.0,-7903.0
DecoLine,14614.0,-7903.0,14614.0,-7904.0
DecoLine,14614.0,-7904.0,14614.0,-7904.0
DecoLine,14614.0,-7904.0,14614.0,-7905.0
DecoLine,14614.0,-7905.0,14614.0,-7905.0
DecoLine,14614.0,-7905.0,14613.0,-7906.0
DecoLine,14613.0,-7906.0,14613.0,-7906.0
DecoLine,14613.0,-7906.0,14613.0,-7907.0
DecoLine,14613.0,-7907.0,14613.0,-7907.0
DecoLine,14613.0,-7907.0,14613.0,-7908.0
DecoLine,14613.0,-7908.0,14613.0,-7908.0
DecoLine,14613.0,-7908.0,14613.0,-7909.0
DecoLine,14613.0,-7909.0,14612.0,-7909.0
DecoLine,14612.0,-7909.0,14612.0,-7909.0
DecoLine,14612.0,-7909.0,14612.0,-7910.0
DecoLine,14612.0,-7910.0,14612.0,-7910.0
DecoLine,14612.0,-7910.0,14612.0,-7912.0
DecoLine,14612.0,-7912.0,14612.0,-7913.0
DecoLine,14612.0,-7913.0,14612.0,-7913.0
DecoLine,14612.0,-7913.0,14612.0,-7914.0
DecoLine,14612.0,-7914.0,14612.0,-7914.0
DecoLine,14616.0,-7894.0,14616.0,-7893.0
DecoLine,14616.0,-7893.0,14616.0,-7893.0
DecoLine,14616.0,-7893.0,14616.0,-7892.0
DecoLine,14616.0,-7892.0,14616.0,-7891.0
DecoLine,14616.0,-7891.0,14616.0,-7890.0
DecoLine,14616.0,-7890.0,14616.0,-7890.0
DecoLine,14616.0,-7890.0,14616.0,-7889.0
DecoLine,14616.0,-7889.0,14617.0,-7888.0
DecoLine,14617.0,-7888.0,14617.0,-7888.0
DecoLine,14617.0,-7888.0,14617.0,-7887.0
DecoLine,14617.0,-7887.0,14617.0,-7886.0
DecoLine,14617.0,-7886.0,14617.0,-7886.0
DecoLine,14617.0,-7886.0,14617.0,-7884.0
DecoLine,14617.0,-7884.0,14617.0,-7884.0
DecoLine,14617.0,-7884.0,14618.0,-7883.0
DecoLine,14618.0,-7883.0,14618.0,-7883.0
DecoLine,14618.0,-7883.0,14618.0,-7882.0
DecoLine,14618.0,-7882.0,14618.0,-7881.0
DecoLine,14618.0,-7881.0,14619.0,-7881.0
DecoLine,14619.0,-7881.0,14619.0,-7880.0
DecoLine,14619.0,-7880.0,14619.0,-7879.0
DecoLine,14619.0,-7879.0,14620.0,-7878.0
DecoLine,14620.0,-7878.0,14620.0,-7877.0
DecoLine,14620.0,-7877.0,14620.0,-7875.0
DecoLine,14620.0,-7875.0,14620.0,-7872.0
DecoLine,14620.0,-7872.0,14620.0,-7871.0
DecoLine,14620.0,-7871.0,14621.0,-7871.0
DecoLine,14621.0,-7871.0,14621.0,-7870.0
DecoLine,14621.0,-7870.0,14621.0,-7870.0
DecoLine,14621.0,-7870.0,14621.0,-7869.0
DecoLine,14621.0,-7869.0,14621.0,-7869.0
DecoLine,14621.0,-7869.0,14621.0,-7868.0
DecoLine,14621.0,-7868.0,14621.0,-7868.0
DecoLine,14621.0,-7868.0,14621.0,-7867.0
DecoLine,14621.0,-7867.0,14621.0,-7867.0
DecoLine,14621.0,-7866.0,14621.0,-7867.0
DecoLine,14621.0,-7867.0,14621.0,-7867.0
DecoLine,14621.0,-7867.0,14622.0,-7868.0
DecoLine,14622.0,-7868.0,14622.0,-7868.0
DecoLine,14622.0,-7868.0,14623.0,-7868.0
DecoLine,14623.0,-7868.0,14624.0,-7868.0
DecoLine,14624.0,-7868.0,14625.0,-7868.0
DecoLine,14625.0,-7868.0,14626.0,-7869.0
DecoLine,14626.0,-7869.0,14627.0,-7869.0
DecoLine,14627.0,-7869.0,14628.0,-7870.0
DecoLine,14628.0,-7870.0,14628.0,-7870.0
DecoLine,14628.0,-7870.0,14629.0,-7870.0
DecoLine,14629.0,-7870.0,14629.0,-7870.0
DecoLine,14629.0,-7870.0,14629.0,-7871.0
DecoLine,14629.0,-7871.0,14631.0,-7872.0
DecoLine,14631.0,-7872.0,14632.0,-7872.0
DecoLine,14632.0,-7872.0,14633.0,-7872.0
DecoLine,14633.0,-7872.0,14633.0,-7872.0
DecoLine,14633.0,-7872.0,14634.0,-7872.0
DecoLine,14634.0,-7872.0,14635.0,-7872.0
DecoLine,14635.0,-7872.0,14637.0,-7872.0
DecoLine,14637.0,-7872.0,14638.0,-7872.0
DecoLine,14638.0,-7872.0,14639.0,-7872.0
DecoLine,14639.0,-7872.0,14639.0,-7872.0
DecoLine,14639.0,-7872.0,14640.0,-7872.0
DecoLine,14640.0,-7872.0,14641.0,-7872.0
DecoLine,14641.0,-7872.0,14643.0,-7872.0
DecoLine,14643.0,-7872.0,14645.0,-7872.0
DecoLine,14645.0,-7872.0,14646.0,-7872.0
DecoLine,14646.0,-7872.0,14646.0,-7872.0
DecoLine,14646.0,-7872.0,14648.0,-7872.0
DecoLine,14648.0,-7872.0,14649.0,-7872.0
DecoLine,14649.0,-7872.0,14650.0,-7873.0
DecoLine,14650.0,-7873.0,14650.0,-7873.0
DecoLine,14650.0,-7873.0,14650.0,-7873.0
DecoLine,14650.0,-7873.0,14651.0,-7873.0
DecoLine,14651.0,-7873.0,14651.0,-7873.0
DecoLine,14651.0,-7873.0,14652.0,-7873.0
DecoLine,14652.0,-7873.0,14652.0,-7874.0
DecoLine,14652.0,-7874.0,14653.0,-7874.0
DecoLine,14653.0,-7874.0,14653.0,-7874.0
DecoLine,14653.0,-7874.0,14654.0,-7874.0
DecoLine,14654.0,-7874.0,14654.0,-7874.0
DecoLine,14654.0,-7874.0,14655.0,-7874.0
DecoLine,14655.0,-7874.0,14655.0,-7874.0
DecoLine,14655.0,-7874.0,14655.0,-7874.0
DecoLine,14655.0,-7874.0,14655.0,-7875.0
DecoLine,14655.0,-7875.0,14656.0,-7875.0
DecoLine,14656.0,-7875.0,14656.0,-7875.0
DecoLine,14656.0,-7875.0,14656.0,-7875.0
DecoLine,14656.0,-7875.0,14657.0,-7875.0
DecoLine,14657.0,-7875.0,14657.0,-7876.0
DecoLine,14657.0,-7876.0,14657.0,-7876.0
DecoLine,14657.0,-7876.0,14658.0,-7876.0
DecoLine,14658.0,-7876.0,14658.0,-7876.0
DecoLine,14658.0,-7876.0,14659.0,-7877.0
DecoLine,14659.0,-7877.0,14660.0,-7877.0
DecoLine,14660.0,-7877.0,14660.0,-7877.0
DecoLine,14660.0,-7877.0,14660.0,-7877.0
DecoLine,14660.0,-7877.0,14661.0,-7877.0
DecoLine,14661.0,-7877.0,14663.0,-7877.0
DecoLine,14663.0,-7877.0,14664.0,-7877.0
DecoLine,14664.0,-7877.0,14664.0,-7877.0
DecoLine,14664.0,-7877.0,14664.0,-7877.0
DecoLine,14664.0,-7877.0,14665.0,-7877.0
DecoLine,14665.0,-7877.0,14665.0,-7877.0
DecoLine,14665.0,-7877.0,14665.0,-7877.0
DecoLine,14665.0,-7877.0,14665.0,-7877.0
DecoLine,14665.0,-7877.0,14665.0,-7879.0
DecoLine,14665.0,-7879.0,14664.0,-7881.0
DecoLine,14664.0,-7881.0,14664.0,-7885.0
DecoLine,14664.0,-7885.0,14663.0,-7887.0
DecoLine,14663.0,-7887.0,14663.0,-7890.0
DecoLine,14663.0,-7890.0,14662.0,-7892.0
DecoLine,14662.0,-7892.0,14661.0,-7894.0
DecoLine,14661.0,-7894.0,14660.0,-7897.0
DecoLine,14660.0,-7897.0,14660.0,-7897.0
DecoLine,14660.0,-7897.0,14659.0,-7898.0
DecoLine,14659.0,-7898.0,14659.0,-7899.0
DecoLine,14659.0,-7899.0,14659.0,-7900.0
DecoLine,14659.0,-7900.0,14659.0,-7901.0
DecoLine,14659.0,-7901.0,14659.0,-7902.0
DecoLine,14659.0,-7902.0,14659.0,-7902.0
DecoLine,14659.0,-7902.0,14658.0,-7903.0
DecoLine,14658.0,-7903.0,14658.0,-7903.0
DecoLine,14658.0,-7903.0,14658.0,-7903.0
DecoLine,14658.0,-7903.0,14657.0,-7903.0
DecoLine,14657.0,-7903.0,14657.0,-7903.0
DecoLine,14657.0,-7903.0,14656.0,-7903.0
DecoLine,14656.0,-7903.0,14655.0,-7902.0
DecoLine,14655.0,-7902.0,14654.0,-7902.0
DecoLine,14654.0,-7902.0,14653.0,-7902.0
DecoLine,14653.0,-7902.0,14652.0,-7902.0
DecoLine,14652.0,-7902.0,14650.0,-7902.0
DecoLine,14650.0,-7902.0,14648.0,-7901.0
DecoLine,14648.0,-7901.0,14646.0,-7901.0
DecoLine,14646.0,-7901.0,14646.0,-7901.0
DecoLine,14646.0,-7901.0,14645.0,-7900.0
DecoLine,14645.0,-7900.0,14643.0,-7900.0
DecoLine,14643.0,-7900.0,14643.0,-7900.0
DecoLine,14643.0,-7900.0,14641.0,-7899.0
DecoLine,14641.0,-7899.0,14639.0,-7899.0
DecoLine,14639.0,-7899.0,14636.0,-7899.0
DecoLine,14636.0,-7899.0,14635.0,-7899.0
DecoLine,14635.0,-7899.0,14634.0,-7899.0
DecoLine,14634.0,-7899.0,14633.0,-7898.0
DecoLine,14633.0,-7898.0,14632.0,-7898.0
DecoLine,14632.0,-7898.0,14632.0,-7897.0
DecoLine,14632.0,-7897.0,14631.0,-7897.0
DecoLine,14631.0,-7897.0,14631.0,-7897.0
DecoLine,14631.0,-7897.0,14630.0,-7897.0
DecoLine,14630.0,-7897.0,14628.0,-7896.0
DecoLine,14628.0,-7896.0,14627.0,-7895.0
DecoLine,14627.0,-7895.0,14627.0,-7895.0
DecoLine,14627.0,-7895.0,14625.0,-7894.0
DecoLine,14625.0,-7894.0,14625.0,-7894.0
DecoLine,14625.0,-7894.0,14624.0,-7893.0
DecoLine,14624.0,-7893.0,14624.0,-7893.0
DecoLine,14624.0,-7893.0,14623.0,-7893.0
DecoLine,14623.0,-7893.0,14623.0,-7893.0
DecoLine,14623.0,-7893.0,14622.0,-7893.0
DecoLine,14622.0,-7893.0,14622.0,-7893.0
DecoLine,14622.0,-7893.0,14622.0,-7893.0
DecoLine,14622.0,-7893.0,14621.0,-7893.0
DecoLine,14621.0,-7893.0,14621.0,-7893.0
DecoLine,14621.0,-7893.0,14620.0,-7893.0
DecoLine,14620.0,-7893.0,14620.0,-7893.0
DecoLine,14620.0,-7893.0,14619.0,-7893.0
DecoLine,14619.0,-7893.0,14619.0,-7893.0
DecoLine,14619.0,-7893.0,14618.0,-7893.0
DecoLine,14618.0,-7893.0,14618.0,-7893.0
DecoLine,14618.0,-7893.0,14618.0,-7892.0
DecoLine,14618.0,-7892.0,14617.0,-7892.0
DecoLine,14617.0,-7892.0,14617.0,-7892.0
DecoLine,14617.0,-7892.0,14616.0,-7892.0
DecoLine,14616.0,-7892.0,14616.0,-7892.0
DecoLine,14632.0,-7884.0,14632.0,-7884.0
DecoLine,14632.0,-7884.0,14632.0,-7884.0
DecoLine,14632.0,-7884.0,14631.0,-7884.0
DecoLine,14631.0,-7884.0,14631.0,-7884.0
DecoLine,14631.0,-7884.0,14631.0,-7884.0
DecoLine,14631.0,-7884.0,14630.0,-7884.0
DecoLine,14630.0,-7884.0,14630.0,-7883.0
DecoLine,14630.0,-7883.0,14630.0,-7883.0
DecoLine,14630.0,-7883.0,14630.0,-7883.0
DecoLine,14630.0,-7883.0,14629.0,-7883.0
DecoLine,14629.0,-7883.0,14629.0,-7883.0
DecoLine,14629.0,-7883.0,14629.0,-7882.0
DecoLine,14629.0,-7882.0,14628.0,-7882.0
DecoLine,14628.0,-7882.0,14628.0,-7882.0
DecoLine,14628.0,-7882.0,14628.0,-7882.0
DecoLine,14628.0,-7882.0,14627.0,-7882.0
DecoLine,14627.0,-7882.0,14627.0,-7881.0
DecoLine,14627.0,-7881.0,14627.0,-7881.0
DecoLine,14627.0,-7881.0,14627.0,-7881.0
DecoLine,14627.0,-7881.0,14627.0,-7881.0
DecoLine,14627.0,-7881.0,14627.0,-7880.0
DecoLine,14627.0,-7880.0,14629.0,-7877.0
DecoLine,14629.0,-7877.0,14629.0,-7876.0
DecoLine,14629.0,-7876.0,14629.0,-7875.0
DecoLine,14629.0,-7875.0,14629.0,-7875.0
DecoLine,14629.0,-7875.0,14630.0,-7875.0
DecoLine,14630.0,-7875.0,14630.0,-7876.0
DecoLine,14630.0,-7876.0,14630.0,-7876.0
DecoLine,14630.0,-7876.0,14631.0,-7877.0
DecoLine,14631.0,-7877.0,14631.0,-7878.0
DecoLine,14631.0,-7878.0,14631.0,-7878.0
DecoLine,14631.0,-7878.0,14631.0,-7878.0
DecoLine,14631.0,-7878.0,14632.0,-7878.0
DecoLine,14632.0,-7878.0,14632.0,-7878.0
DecoLine,14632.0,-7878.0,14632.0,-7878.0
DecoLine,14632.0,-7878.0,14632.0,-7879.0
DecoLine,14632.0,-7879.0,14633.0,-7879.0
DecoLine,14633.0,-7879.0,14633.0,-7879.0
DecoLine,14633.0,-7879.0,14633.0,-7879.0
DecoLine,14633.0,-7879.0,14634.0,-7879.0
DecoLine,14634.0,-7879.0,14634.0,-7879.0
DecoLine,14634.0,-7879.0,14634.0,-7879.0
DecoLine,14634.0,-7879.0,14634.0,-7879.0
DecoLine,14634.0,-7879.0,14634.0,-7879.0
DecoLine,14634.0,-7879.0,14635.0,-7879.0
DecoLine,14635.0,-7879.0,14635.0,-7878.0
DecoLine,14635.0,-7878.0,14635.0,-7878.0
DecoLine,14635.0,-7878.0,14635.0,-7877.0
DecoLine,14635.0,-7877.0,14635.0,-7877.0
DecoLine,14635.0,-7877.0,14636.0,-7876.0
DecoLine,14636.0,-7876.0,14636.0,-7876.0
DecoLine,14636.0,-7876.0,14636.0,-7876.0
DecoLine,14636.0,-7876.0,14637.0,-7876.0
DecoLine,14637.0,-7876.0,14637.0,-7876.0
DecoLine,14637.0,-7876.0,14638.0,-7876.0
DecoLine,14638.0,-7876.0,14638.0,-7876.0
DecoLine,14638.0,-7876.0,14638.0,-7876.0
DecoLine,14638.0,-7876.0,14639.0,-7876.0
DecoLine,14639.0,-7876.0,14639.0,-7876.0
DecoLine,14639.0,-7876.0,14640.0,-7876.0
DecoLine,14640.0,-7876.0,14640.0,-7876.0
DecoLine,14640.0,-7876.0,14640.0,-7876.0
DecoLine,14640.0,-7876.0,14641.0,-7876.0
DecoLine,14641.0,-7876.0,14642.0,-7877.0
DecoLine,14642.0,-7877.0,14642.0,-7877.0
DecoLine,14642.0,-7877.0,14643.0,-7877.0
DecoLine,14643.0,-7877.0,14644.0,-7877.0
DecoLine,14644.0,-7877.0,14644.0,-7877.0
DecoLine,14644.0,-7877.0,14644.0,-7877.0
DecoLine,14644.0,-7877.0,14645.0,-7877.0
DecoLine,14645.0,-7877.0,14645.0,-7877.0
DecoLine,14645.0,-7877.0,14646.0,-7877.0
DecoLine,14646.0,-7877.0,14646.0,-7877.0
DecoLine,14646.0,-7877.0,14645.0,-7878.0
DecoLine,14645.0,-7878.0,14645.0,-7878.0
DecoLine,14645.0,-7878.0,14644.0,-7879.0
DecoLine,14644.0,-7879.0,14644.0,-7879.0
DecoLine,14644.0,-7879.0,14644.0,-7880.0
DecoLine,14644.0,-7880.0,14643.0,-7880.0
DecoLine,14643.0,-7880.0,14643.0,-7880.0
DecoLine,14643.0,-7880.0,14643.0,-7880.0
DecoLine,14643.0,-7880.0,14642.0,-7881.0
DecoLine,14642.0,-7881.0,14642.0,-7881.0
DecoLine,14642.0,-7881.0,14642.0,-7881.0
DecoLine,14642.0,-7881.0,14643.0,-7881.0
DecoLine,14643.0,-7881.0,14644.0,-7882.0
DecoLine,14644.0,-7882.0,14645.0,-7882.0
DecoLine,14645.0,-7882.0,14646.0,-7883.0
DecoLine,14646.0,-7883.0,14646.0,-7883.0
DecoLine,14646.0,-7883.0,14647.0,-7883.0
DecoLine,14647.0,-7883.0,14647.0,-7883.0
DecoLine,14647.0,-7883.0,14648.0,-7883.0
DecoLine,14648.0,-7883.0,14649.0,-7883.0
DecoLine,14649.0,-7883.0,14649.0,-7883.0
DecoLine,14649.0,-7883.0,14651.0,-7883.0
DecoLine,14651.0,-7883.0,14652.0,-7882.0
DecoLine,14652.0,-7882.0,14652.0,-7882.0
DecoLine,14652.0,-7882.0,14653.0,-7882.0
DecoLine,14653.0,-7882.0,14653.0,-7882.0
DecoLine,14653.0,-7882.0,14654.0,-7882.0
DecoLine,14654.0,-7882.0,14654.0,-7882.0
DecoLine,14654.0,-7882.0,14654.0,-7882.0
DecoLine,14654.0,-7882.0,14654.0,-7883.0
DecoLine,14654.0,-7883.0,14654.0,-7884.0
DecoLine,14654.0,-7884.0,14654.0,-7888.0
DecoLine,14654.0,-7888.0,14654.0,-7889.0
DecoLine,14654.0,-7889.0,14654.0,-7889.0
DecoLine,14654.0,-7889.0,14654.0,-7890.0
DecoLine,14654.0,-7890.0,14653.0,-7890.0
DecoLine,14653.0,-7890.0,14653.0,-7890.0
DecoLine,14653.0,-7890.0,14653.0,-7890.0
DecoLine,14653.0,-7890.0,14652.0,-7890.0
DecoLine,14652.0,-7890.0,14652.0,-7890.0
DecoLine,14652.0,-7890.0,14651.0,-7889.0
DecoLine,14651.0,-7889.0,14651.0,-7889.0
DecoLine,14651.0,-7889.0,14650.0,-7889.0
DecoLine,14650.0,-7889.0,14649.0,-7889.0
DecoLine,14649.0,-7889.0,14649.0,-7889.0
DecoLine,14649.0,-7889.0,14649.0,-7889.0
DecoLine,14649.0,-7889.0,14648.0,-7889.0
DecoLine,14648.0,-7889.0,14648.0,-7888.0
DecoLine,14648.0,-7888.0,14647.0,-7888.0
DecoLine,14647.0,-7888.0,14647.0,-7888.0
DecoLine,14647.0,-7888.0,14646.0,-7888.0
DecoLine,14646.0,-7888.0,14646.0,-7888.0
DecoLine,14646.0,-7888.0,14645.0,-7887.0
DecoLine,14645.0,-7887.0,14645.0,-7887.0
DecoLine,14645.0,-7887.0,14644.0,-7887.0
DecoLine,14644.0,-7887.0,14644.0,-7887.0
DecoLine,14644.0,-7887.0,14644.0,-7887.0
DecoLine,14644.0,-7887.0,14644.0,-7886.0
DecoLine,14644.0,-7886.0,14643.0,-7886.0
DecoLine,14643.0,-7886.0,14643.0,-7886.0
DecoLine,14643.0,-7886.0,14643.0,-7886.0
DecoLine,14643.0,-7886.0,14642.0,-7886.0
DecoLine,14642.0,-7886.0,14642.0,-7886.0
DecoLine,14642.0,-7886.0,14642.0,-7886.0
DecoLine,14642.0,-7886.0,14641.0,-7886.0
DecoLine,14641.0,-7886.0,14641.0,-7886.0
DecoLine,14641.0,-7886.0,14641.0,-7886.0
DecoLine,14641.0,-7886.0,14641.0,-7887.0
DecoLine,14641.0,-7887.0,14641.0,-7888.0
DecoLine,14641.0,-7888.0,14641.0,-7889.0
DecoLine,14641.0,-7889.0,14641.0,-7890.0
DecoLine,14641.0,-7890.0,14641.0,-7890.0
DecoLine,14641.0,-7890.0,14640.0,-7890.0
DecoLine,14640.0,-7890.0,14640.0,-7891.0
DecoLine,14640.0,-7891.0,14640.0,-7892.0
DecoLine,14640.0,-7892.0,14640.0,-7892.0
DecoLine,14640.0,-7892.0,14640.0,-7893.0
DecoLine,14640.0,-7893.0,14640.0,-7893.0
DecoLine,14640.0,-7893.0,14640.0,-7893.0
DecoLine,14640.0,-7893.0,14639.0,-7893.0
DecoLine,14639.0,-7893.0,14639.0,-7893.0
DecoLine,14639.0,-7893.0,14638.0,-7893.0
DecoLine,14638.0,-7893.0,14637.0,-7893.0
DecoLine,14637.0,-7893.0,14637.0,-7893.0
DecoLine,14637.0,-7893.0,14636.0,-7892.0
DecoLine,14636.0,-7892.0,14636.0,-7892.0
DecoLine,14636.0,-7892.0,14635.0,-7892.0
DecoLine,14635.0,-7892.0,14635.0,-7892.0
DecoLine,14635.0,-7892.0,14634.0,-7892.0
DecoLine,14634.0,-7892.0,14634.0,-7891.0
DecoLine,14634.0,-7891.0,14634.0,-7891.0
DecoLine,14634.0,-7891.0,14633.0,-7891.0
DecoLine,14633.0,-7891.0,14633.0,-7891.0
DecoLine,14633.0,-7891.0,14632.0,-7891.0
DecoLine,14632.0,-7891.0,14632.0,-7891.0
DecoLine,14632.0,-7891.0,14632.0,-7891.0
DecoLine,14632.0,-7891.0,14632.0,-7890.0
DecoLine,14632.0,-7890.0,14632.0,-7889.0
DecoLine,14632.0,-7889.0,14632.0,-7889.0
DecoLine,14632.0,-7889.0,14632.0,-7888.0
DecoLine,14632.0,-7888.0,14633.0,-7888.0
DecoLine,14633.0,-7888.0,14633.0,-7887.0
DecoLine,14633.0,-7887.0,14633.0,-7887.0
DecoLine,14633.0,-7887.0,14634.0,-7886.0
DecoLine,14634.0,-7886.0,14634.0,-7886.0
DecoLine,14634.0,-7886.0,14634.0,-7886.0
DecoLine,14634.0,-7886.0,14635.0,-7886.0
DecoLine,14635.0,-7886.0,14635.0,-7885.0
DecoLine,14635.0,-7885.0,14634.0,-7885.0
DecoLine,14634.0,-7885.0,14634.0,-7885.0
DecoLine,14634.0,-7885.0,14634.0,-7885.0
PhysicLine,12092.0,-7443.0,12103.0,-7447.0
PhysicLine,12103.0,-7447.0,12110.0,-7451.0
PhysicLine,12110.0,-7451.0,12121.0,-7456.0
PhysicLine,12121.0,-7456.0,12134.0,-7463.0
PhysicLine,12134.0,-7463.0,12149.0,-7468.0
PhysicLine,12149.0,-7468.0,12164.0,-7474.0
PhysicLine,12164.0,-7474.0,12177.0,-7478.0
PhysicLine,12177.0,-7478.0,12190.0,-7483.0
PhysicLine,12190.0,-7483.0,12203.0,-7488.0
PhysicLine,12203.0,-7488.0,12209.0,-7490.0
PhysicLine,12209.0,-7490.0,12216.0,-7493.0
PhysicLine,12216.0,-7493.0,12227.0,-7496.0
PhysicLine,12227.0,-7496.0,12238.0,-7499.0
PhysicLine,12238.0,-7499.0,12257.0,-7504.0
PhysicLine,12257.0,-7504.0,12272.0,-7506.0
PhysicLine,12272.0,-7506.0,12280.0,-7507.0
PhysicLine,12280.0,-7507.0,12285.0,-7508.0
PhysicLine,12285.0,-7508.0,12294.0,-7512.0
PhysicLine,12294.0,-7512.0,12310.0,-7516.0
PhysicLine,12310.0,-7516.0,12328.0,-7521.0
PhysicLine,12328.0,-7521.0,12341.0,-7524.0
PhysicLine,12341.0,-7524.0,12353.0,-7526.0
PhysicLine,12353.0,-7526.0,12362.0,-7528.0
PhysicLine,12362.0,-7528.0,12377.0,-7532.0
PhysicLine,12377.0,-7532.0,12386.0,-7534.0
PhysicLine,12386.0,-7534.0,12396.0,-7536.0
PhysicLine,12396.0,-7536.0,12414.0,-7539.0
PhysicLine,12414.0,-7539.0,12428.0,-7542.0
PhysicLine,12428.0,-7542.0,12459.0,-7548.0
PhysicLine,12459.0,-7548.0,12474.0,-7551.0
PhysicLine,12474.0,-7551.0,12487.0,-7552.0
PhysicLine,12487.0,-7552.0,12495.0,-7554.0
PhysicLine,12495.0,-7554.0,12503.0,-7555.0
PhysicLine,12503.0,-7555.0,12511.0,-7556.0
PhysicLine,12511.0,-7556.0,12522.0,-7557.0
PhysicLine,12522.0,-7557.0,12540.0,-7559.0
PhysicLine,12540.0,-7559.0,12560.0,-7560.0
PhysicLine,12560.0,-7560.0,12570.0,-7560.0
PhysicLine,12570.0,-7560.0,12581.0,-7560.0
PhysicLine,12581.0,-7560.0,12588.0,-7560.0
PhysicLine,12588.0,-7560.0,12605.0,-7561.0
PhysicLine,12605.0,-7561.0,12627.0,-7563.0
PhysicLine,12627.0,-7563.0,12651.0,-7565.0
PhysicLine,12651.0,-7565.0,12679.0,-7566.0
PhysicLine,12679.0,-7566.0,12705.0,-7568.0
PhysicLine,12705.0,-7568.0,12716.0,-7568.0
PhysicLine,12716.0,-7568.0,12729.0,-7569.0
PhysicLine,12729.0,-7569.0,12737.0,-7569.0
PhysicLine,12737.0,-7569.0,12745.0,-7569.0
PhysicLine,12745.0,-7569.0,12750.0,-7569.0
PhysicLine,12755.0,-7568.0,12755.0,-7568.0
PhysicLine,12756.0,-7568.0,12756.0,-7568.0
PhysicLine,12757.0,-7567.0,12757.0,-7567.0
PhysicLine,12763.0,-7564.0,12763.0,-7564.0
PhysicLine,12777.0,-7562.0,12777.0,-7562.0
PhysicLine,12798.0,-7561.0,12798.0,-7561.0
PhysicLine,12801.0,-7560.0,12801.0,-7560.0
PhysicLine,12810.0,-7557.0,12810.0,-7557.0
PhysicLine,12811.0,-7557.0,12811.0,-7557.0
PhysicLine,12812.0,-7557.0,12812.0,-7557.0
PhysicLine,12814.0,-7556.0,12814.0,-7556.0
PhysicLine,12817.0,-7554.0,12817.0,-7554.0
PhysicLine,12818.0,-7552.0,12818.0,-7552.0
PhysicLine,12818.0,-7552.0,12818.0,-7552.0
PhysicLine,12819.0,-7552.0,12819.0,-7552.0
PhysicLine,11343.0,-7041.0,11343.0,-7042.0
PhysicLine,11343.0,-7042.0,11343.0,-7042.0
PhysicLine,11343.0,-7042.0,11343.0,-7043.0
PhysicLine,11343.0,-7043.0,11343.0,-7045.0
PhysicLine,11343.0,-7045.0,11344.0,-7047.0
PhysicLine,11344.0,-7047.0,11346.0,-7053.0
PhysicLine,11346.0,-7053.0,11349.0,-7061.0
PhysicLine,11349.0,-7061.0,11352.0,-7066.0
PhysicLine,11352.0,-7066.0,11356.0,-7074.0
PhysicLine,11356.0,-7074.0,11359.0,-7079.0
PhysicLine,11359.0,-7079.0,11363.0,-7085.0
PhysicLine,11363.0,-7085.0,11365.0,-7090.0
PhysicLine,11365.0,-7090.0,11369.0,-7095.0
PhysicLine,11369.0,-7095.0,11372.0,-7098.0
PhysicLine,11372.0,-7098.0,11380.0,-7107.0
PhysicLine,11380.0,-7107.0,11386.0,-7112.0
PhysicLine,11386.0,-7112.0,11389.0,-7115.0
PhysicLine,11389.0,-7115.0,11392.0,-7119.0
PhysicLine,11392.0,-7119.0,11401.0,-7129.0
PhysicLine,11401.0,-7129.0,11404.0,-7132.0
PhysicLine,11404.0,-7132.0,11411.0,-7139.0
PhysicLine,11411.0,-7139.0,11425.0,-7151.0
PhysicLine,11425.0,-7151.0,11431.0,-7156.0
PhysicLine,11431.0,-7156.0,11437.0,-7161.0
PhysicLine,11437.0,-7161.0,11442.0,-7164.0
PhysicLine,11442.0,-7164.0,11449.0,-7169.0
PhysicLine,11449.0,-7169.0,11458.0,-7176.0
PhysicLine,11458.0,-7176.0,11461.0,-7179.0
PhysicLine,11461.0,-7179.0,11472.0,-7186.0
PhysicLine,11472.0,-7186.0,11480.0,-7191.0
PhysicLine,11480.0,-7191.0,11486.0,-7195.0
PhysicLine,11486.0,-7195.0,11490.0,-7198.0
PhysicLine,11490.0,-7198.0,11494.0,-7201.0
PhysicLine,11494.0,-7201.0,11504.0,-7209.0
PhysicLine,11504.0,-7209.0,11506.0,-7210.0
PhysicLine,11506.0,-7210.0,11518.0,-7218.0
PhysicLine,11518.0,-7218.0,11526.0,-7222.0
PhysicLine,11526.0,-7222.0,11533.0,-7224.0
PhysicLine,11533.0,-7224.0,11536.0,-7225.0
PhysicLine,11536.0,-7225.0,11546.0,-7230.0
PhysicLine,11546.0,-7230.0,11560.0,-7237.0
PhysicLine,11560.0,-7237.0,11575.0,-7243.0
PhysicLine,11575.0,-7243.0,11595.0,-7251.0
PhysicLine,11595.0,-7251.0,11606.0,-7257.0
PhysicLine,11606.0,-7257.0,11619.0,-7263.0
PhysicLine,11619.0,-7263.0,11630.0,-7267.0
PhysicLine,11630.0,-7267.0,11643.0,-7272.0
PhysicLine,11643.0,-7272.0,11664.0,-7281.0
PhysicLine,11664.0,-7281.0,11678.0,-7286.0
PhysicLine,11678.0,-7286.0,11697.0,-7293.0
PhysicLine,11697.0,-7293.0,11728.0,-7307.0
PhysicLine,11728.0,-7307.0,11744.0,-7313.0
PhysicLine,11744.0,-7313.0,11756.0,-7318.0
PhysicLine,11756.0,-7318.0,11767.0,-7323.0
PhysicLine,11767.0,-7323.0,11777.0,-7327.0
PhysicLine,11777.0,-7327.0,11794.0,-7334.0
PhysicLine,11794.0,-7334.0,11813.0,-7342.0
PhysicLine,11813.0,-7342.0,11820.0,-7344.0
PhysicLine,11820.0,-7344.0,11824.0,-7346.0
PhysicLine,11824.0,-7346.0,11831.0,-7348.0
PhysicLine,11831.0,-7348.0,11836.0,-7350.0
PhysicLine,11836.0,-7350.0,11843.0,-7352.0
PhysicLine,11843.0,-7352.0,11859.0,-7359.0
PhysicLine,11859.0,-7359.0,11867.0,-7361.0
PhysicLine,11867.0,-7361.0,11882.0,-7367.0
PhysicLine,11882.0,-7367.0,11890.0,-7368.0
PhysicLine,11890.0,-7368.0,11895.0,-7371.0
PhysicLine,11895.0,-7371.0,11901.0,-7373.0
PhysicLine,11901.0,-7373.0,11906.0,-7374.0
PhysicLine,11906.0,-7374.0,11913.0,-7376.0
PhysicLine,11913.0,-7376.0,11922.0,-7380.0
PhysicLine,11922.0,-7380.0,11928.0,-7381.0
PhysicLine,11928.0,-7381.0,11932.0,-7383.0
PhysicLine,11932.0,-7383.0,11938.0,-7385.0
PhysicLine,11938.0,-7385.0,11946.0,-7387.0
PhysicLine,11946.0,-7387.0,11951.0,-7388.0
PhysicLine,11951.0,-7388.0,11956.0,-7389.0
PhysicLine,11956.0,-7389.0,11960.0,-7391.0
PhysicLine,11960.0,-7391.0,11965.0,-7392.0
PhysicLine,11965.0,-7392.0,11971.0,-7393.0
PhysicLine,11971.0,-7393.0,11976.0,-7395.0
PhysicLine,11976.0,-7395.0,11985.0,-7398.0
PhysicLine,11985.0,-7398.0,11991.0,-7400.0
PhysicLine,11991.0,-7400.0,11997.0,-7402.0
PhysicLine,11997.0,-7402.0,12007.0,-7403.0
PhysicLine,12007.0,-7403.0,12013.0,-7405.0
PhysicLine,12013.0,-7405.0,12020.0,-7407.0
PhysicLine,12020.0,-7407.0,12025.0,-7409.0
PhysicLine,12025.0,-7409.0,12031.0,-7411.0
PhysicLine,12031.0,-7411.0,12035.0,-7412.0
PhysicLine,12035.0,-7412.0,12041.0,-7414.0
PhysicLine,12041.0,-7414.0,12046.0,-7415.0
PhysicLine,12046.0,-7415.0,12049.0,-7415.0
PhysicLine,12049.0,-7415.0,12051.0,-7416.0
PhysicLine,12051.0,-7416.0,12052.0,-7417.0
PhysicLine,12052.0,-7417.0,12054.0,-7418.0
PhysicLine,12054.0,-7418.0,12063.0,-7421.0
PhysicLine,12063.0,-7421.0,12064.0,-7422.0
PhysicLine,12064.0,-7422.0,12067.0,-7422.0
PhysicLine,12067.0,-7422.0,12069.0,-7423.0
PhysicLine,12069.0,-7423.0,12070.0,-7423.0
PhysicLine,12070.0,-7423.0,12074.0,-7425.0
PhysicLine,12074.0,-7425.0,12075.0,-7425.0
PhysicLine,12075.0,-7425.0,12077.0,-7427.0
PhysicLine,12077.0,-7427.0,12087.0,-7432.0
PhysicLine,12087.0,-7432.0,12092.0,-7434.0
PhysicLine,12092.0,-7434.0,12095.0,-7436.0
PhysicLine,12095.0,-7436.0,12095.0,-7436.0
PhysicLine,12095.0,-7436.0,12096.0,-7436.0
PhysicLine,12096.0,-7436.0,12096.0,-7437.0
PhysicLine,12096.0,-7437.0,12099.0,-7438.0
PhysicLine,12099.0,-7438.0,12102.0,-7440.0
PhysicLine,12102.0,-7440.0,12103.0,-7440.0
PhysicLine,12103.0,-7440.0,12103.0,-7441.0
PhysicLine,12103.0,-7441.0,12105.0,-7442.0
PhysicLine,12105.0,-7442.0,12107.0,-7442.0
PhysicLine,12107.0,-7442.0,12111.0,-7446.0
PhysicLine,12111.0,-7446.0,12116.0,-7449.0
PhysicLine,12116.0,-7449.0,12119.0,-7451.0
PhysicLine,12119.0,-7451.0,12123.0,-7453.0
PhysicLine,12123.0,-7453.0,12127.0,-7457.0
PhysicLine,12127.0,-7457.0,12129.0,-7458.0
PhysicLine,12129.0,-7458.0,12131.0,-7458.0
PhysicLine,12131.0,-7458.0,12132.0,-7459.0
PhysicLine,12132.0,-7459.0,12134.0,-7460.0
PhysicLine,12134.0,-7460.0,12135.0,-7461.0
PhysicLine,12135.0,-7461.0,12136.0,-7462.0
PhysicLine,12136.0,-7462.0,12136.0,-7462.0
PhysicLine,12136.0,-7462.0,12137.0,-7462.0
DecoLine,17432.0,-8639.0,17432.0,-8639.0
DecoLine,17432.0,-8639.0,17431.0,-8639.0
DecoLine,17431.0,-8639.0,17431.0,-8639.0
DecoLine,17431.0,-8639.0,17430.0,-8639.0
DecoLine,17430.0,-8639.0,17429.0,-8639.0
DecoLine,17429.0,-8639.0,17428.0,-8639.0
DecoLine,17428.0,-8639.0,17427.0,-8639.0
DecoLine,17427.0,-8639.0,17427.0,-8639.0
DecoLine,17427.0,-8639.0,17426.0,-8639.0
DecoLine,17426.0,-8639.0,17426.0,-8638.0
DecoLine,17426.0,-8638.0,17426.0,-8637.0
DecoLine,17426.0,-8637.0,17425.0,-8637.0
DecoLine,17425.0,-8637.0,17425.0,-8636.0
DecoLine,17425.0,-8636.0,17425.0,-8636.0
DecoLine,17425.0,-8636.0,17425.0,-8634.0
DecoLine,17425.0,-8634.0,17425.0,-8634.0
DecoLine,17425.0,-8634.0,17426.0,-8633.0
DecoLine,17426.0,-8633.0,17426.0,-8632.0
DecoLine,17426.0,-8632.0,17426.0,-8632.0
DecoLine,17426.0,-8632.0,17427.0,-8632.0
DecoLine,17427.0,-8632.0,17427.0,-8631.0
DecoLine,17427.0,-8631.0,17428.0,-8631.0
DecoLine,17428.0,-8631.0,17429.0,-8631.0
DecoLine,17429.0,-8631.0,17429.0,-8631.0
DecoLine,17429.0,-8631.0,17430.0,-8631.0
DecoLine,17430.0,-8631.0,17431.0,-8631.0
DecoLine,17431.0,-8631.0,17432.0,-8631.0
DecoLine,17432.0,-8631.0,17432.0,-8631.0
DecoLine,17432.0,-8631.0,17432.0,-8632.0
DecoLine,17432.0,-8632.0,17433.0,-8633.0
DecoLine,17433.0,-8633.0,17433.0,-8634.0
DecoLine,17433.0,-8634.0,17433.0,-8634.0
DecoLine,17433.0,-8634.0,17433.0,-8635.0
DecoLine,17433.0,-8635.0,17433.0,-8635.0
DecoLine,17433.0,-8635.0,17433.0,-8636.0
DecoLine,17433.0,-8636.0,17432.0,-8636.0
DecoLine,17432.0,-8636.0,17432.0,-8637.0
DecoLine,17432.0,-8637.0,17432.0,-8637.0
DecoLine,17432.0,-8637.0,17432.0,-8637.0
DecoLine,17432.0,-8637.0,17431.0,-8637.0
DecoLine,17431.0,-8637.0,17431.0,-8637.0
DecoLine,17431.0,-8637.0,17430.0,-8637.0
DecoLine,17430.0,-8637.0,17430.0,-8637.0
DecoLine,17430.0,-8637.0,17429.0,-8637.0
DecoLine,17429.0,-8637.0,17429.0,-8638.0
DecoLine,17425.0,-8651.0,17425.0,-8651.0
DecoLine,17425.0,-8651.0,17426.0,-8651.0
DecoLine,17426.0,-8651.0,17427.0,-8650.0
DecoLine,17427.0,-8650.0,17428.0,-8649.0
DecoLine,17428.0,-8649.0,17428.0,-8649.0
DecoLine,17428.0,-8649.0,17429.0,-8648.0
DecoLine,17429.0,-8648.0,17430.0,-8648.0
DecoLine,17430.0,-8648.0,17430.0,-8647.0
DecoLine,17430.0,-8647.0,17431.0,-8647.0
DecoLine,17431.0,-8647.0,17431.0,-8647.0
DecoLine,17431.0,-8647.0,17432.0,-8647.0
DecoLine,17432.0,-8647.0,17432.0,-8646.0
DecoLine,17432.0,-8646.0,17432.0,-8646.0
DecoLine,17432.0,-8646.0,17432.0,-8646.0
DecoLine,17432.0,-8646.0,17433.0,-8646.0
DecoLine,17433.0,-8646.0,17433.0,-8647.0
DecoLine,17433.0,-8647.0,17434.0,-8647.0
DecoLine,17434.0,-8647.0,17435.0,-8648.0
DecoLine,17435.0,-8648.0,17435.0,-8648.0
DecoLine,17435.0,-8648.0,17436.0,-8648.0
DecoLine,17436.0,-8648.0,17436.0,-8648.0
DecoLine,17436.0,-8648.0,17436.0,-8649.0
DecoLine,17436.0,-8649.0,17436.0,-8649.0
PhysicLine,1037.0,376.0,1037.0,376.0
PhysicLine,1737.0,-1584.0,866.0,-1423.0
PhysicLine,2932.0,-1545.0,3653.0,-1514.0
PhysicLine,3651.0,-1511.0,4285.0,-1463.0
DecoLine,3454.0,-1414.0,3452.0,-1521.0
DecoLine,3353.0,-1431.0,3351.0,-1451.0
DecoLine,3353.0,-1433.0,3374.0,-1434.0
DecoLine,3374.0,-1434.0,3374.0,-1453.0
DecoLine,3374.0,-1452.0,3350.0,-1452.0
DecoLine,3407.0,-1434.0,3407.0,-1452.0
DecoLine,3407.0,-1452.0,3433.0,-1452.0
DecoLine,3433.0,-1452.0,3433.0,-1434.0
DecoLine,3433.0,-1434.0,3408.0,-1434.0
DecoLine,3362.0,-1524.0,3362.0,-1488.0
DecoLine,3362.0,-1488.0,3378.0,-1489.0
DecoLine,3377.0,-1489.0,3378.0,-1526.0
DecoLine,3373.0,-1505.0,3369.0,-1505.0
DecoLine,3357.0,-1440.0,3361.0,-1437.0
DecoLine,3359.0,-1448.0,3365.0,-1444.0
DecoLine,3412.0,-1442.0,3414.0,-1438.0
DecoLine,3415.0,-1445.0,3424.0,-1438.0
DecoLine,3421.0,-1448.0,3424.0,-1445.0
DecoLine,3313.0,-1420.0,3478.0,-1418.0
DecoLine,2810.0,-1597.0,2808.0,-1541.0
DecoLine,2824.0,-1538.0,2827.0,-1590.0
DecoLine,2837.0,-1534.0,2772.0,-1542.0
DecoLine,2772.0,-1542.0,2821.0,-1377.0
DecoLine,2821.0,-1377.0,2840.0,-1527.0
DecoLine,2881.0,-1571.0,2880.0,-1552.0
DecoLine,2895.0,-1552.0,2896.0,-1570.0
DecoLine,2909.0,-1546.0,2862.0,-1550.0
DecoLine,2862.0,-1550.0,2884.0,-1309.0
DecoLine,2884.0,-1309.0,2907.0,-1541.0
DecoLine,2965.0,-1543.0,2965.0,-1527.0
DecoLine,2965.0,-1527.0,2976.0,-1526.0
DecoLine,2976.0,-1526.0,2978.0,-1540.0
DecoLine,2989.0,-1523.0,2941.0,-1527.0
DecoLine,2941.0,-1527.0,2960.0,-1415.0
DecoLine,2960.0,-1415.0,2989.0,-1519.0
DecoLine,2054.0,-1697.0,2054.0,-1663.0
DecoLine,2054.0,-1663.0,2035.0,-1662.0
DecoLine,2036.0,-1662.0,2036.0,-1678.0
DecoLine,2023.0,-1660.0,2093.0,-1666.0
DecoLine,2093.0,-1666.0,2057.0,-1452.0
DecoLine,2057.0,-1452.0,2022.0,-1655.0
DecoLine,1978.0,-1639.0,1977.0,-1617.0
DecoLine,1952.0,-1634.0,1951.0,-1618.0
DecoLine,1951.0,-1618.0,1974.0,-1618.0
DecoLine,1997.0,-1616.0,1925.0,-1617.0
DecoLine,1925.0,-1617.0,1966.0,-1426.0
DecoLine,1966.0,-1426.0,1995.0,-1614.0
DecoLine,1998.0,-552.0,1948.0,-611.0
DecoLine,1948.0,-611.0,1948.0,-611.0
DecoLine,1954.0,-621.0,2018.0,-577.0
DecoLine,1996.0,-554.0,1956.0,-619.0
DecoLine,1949.0,-607.0,2016.0,-578.0
DecoLine,1999.0,-551.0,1984.0,-598.0
DecoLine,2016.0,-577.0,1975.0,-577.0
DecoLine,1975.0,-577.0,1988.0,-596.0
DecoLine,2452.0,-777.0,2452.0,-735.0
DecoLine,2480.0,-755.0,2478.0,-732.0
DecoLine,2782.0,-713.0,2780.0,-687.0
DecoLine,2805.0,-699.0,2804.0,-683.0
DecoLine,4206.0,-3782.0,4209.0,-3757.0
DecoLine,4217.0,-3761.0,4213.0,-3785.0
DecoLine,4231.0,-3761.0,4193.0,-3752.0
DecoLine,4193.0,-3752.0,4235.0,-3615.0
DecoLine,4235.0,-3615.0,4231.0,-3762.0
DecoLine,4165.0,-3609.0,4169.0,-3574.0
DecoLine,4169.0,-3574.0,4161.0,-3573.0
DecoLine,4161.0,-3573.0,4161.0,-3577.0
DecoLine,3411.0,-3420.0,3411.0,-3420.0
DecoLine,4744.0,-4408.0,4744.0,-4370.0
DecoLine,4758.0,-4375.0,4757.0,-4406.0
DecoLine,4771.0,-4370.0,4730.0,-4369.0
DecoLine,4730.0,-4369.0,4751.0,-4259.0
DecoLine,4751.0,-4260.0,4770.0,-4370.0
DecoLine,5029.0,-4687.0,5029.0,-4665.0
DecoLine,5029.0,-4665.0,5041.0,-4666.0
DecoLine,5041.0,-4666.0,5038.0,-4697.0
DecoLine,5049.0,-4663.0,5015.0,-4661.0
DecoLine,5015.0,-4661.0,5046.0,-4491.0
DecoLine,5046.0,-4491.0,5045.0,-4664.0
DecoLine,5640.0,-5219.0,5639.0,-5195.0
DecoLine,5639.0,-5196.0,5661.0,-5195.0
DecoLine,5661.0,-5195.0,5665.0,-5235.0
DecoLine,5661.0,-5194.0,5696.0,-5193.0
DecoLine,5696.0,-5193.0,5663.0,-5135.0
DecoLine,5635.0,-5195.0,5621.0,-5195.0
DecoLine,5601.0,-5183.0,5621.0,-5141.0
DecoLine,5684.0,-5133.0,5599.0,-5136.0
DecoLine,5599.0,-5136.0,5620.0,-5046.0
DecoLine,5646.0,-5042.0,5681.0,-5127.0
DecoLine,5662.0,-5039.0,5604.0,-5043.0
DecoLine,5604.0,-5043.0,5630.0,-4945.0
DecoLine,5630.0,-4945.0,5662.0,-5037.0
DecoLine,10432.0,-6702.0,10491.0,-6399.0
DecoLine,10468.0,-6396.0,10465.0,-6684.0
DecoLine,10444.0,-6672.0,10542.0,-6411.0
DecoLine,10542.0,-6411.0,10531.0,-6675.0
DecoLine,10516.0,-6669.0,10621.0,-6410.0
DecoLine,10621.0,-6410.0,10594.0,-6807.0
DecoLine,10490.0,-6764.0,10587.0,-6410.0
DecoLine,10499.0,-6410.0,10514.0,-6775.0
DecoLine,10448.0,-6431.0,10593.0,-6758.0
DecoLine,10547.0,-6764.0,10600.0,-6408.0
DecoLine,10517.0,-6415.0,10482.0,-6756.0
DecoLine,10476.0,-6411.0,10492.0,-6758.0
DecoLine,10525.0,-6740.0,10562.0,-6419.0
DecoLine,10562.0,-6419.0,10582.0,-6798.0
DecoLine,10525.0,-6753.0,10621.0,-6436.0
DecoLine,10597.0,-6398.0,10582.0,-6769.0
DecoLine,10605.0,-6763.0,10661.0,-6428.0
DecoLine,10627.0,-6410.0,10632.0,-6758.0
DecoLine,10645.0,-6745.0,10666.0,-6433.0
DecoLine,10642.0,-6437.0,10660.0,-6778.0
DecoLine,10660.0,-6778.0,10729.0,-6443.0
DecoLine,10729.0,-6443.0,10741.0,-6783.0
DecoLine,10741.0,-6783.0,10799.0,-6423.0
DecoLine,10800.0,-6422.0,10807.0,-6804.0
DecoLine,10807.0,-6804.0,10828.0,-6430.0
DecoLine,10828.0,-6430.0,10702.0,-6776.0
DecoLine,10702.0,-6776.0,10623.0,-6446.0
DecoLine,10641.0,-6442.0,10768.0,-6783.0
DecoLine,10768.0,-6783.0,10764.0,-6452.0
DecoLine,10764.0,-6452.0,10683.0,-6765.0
DecoLine,10683.0,-6765.0,10688.0,-6431.0
DecoLine,10688.0,-6431.0,10716.0,-6768.0
DecoLine,10716.0,-6768.0,10778.0,-6430.0
DecoLine,10778.0,-6430.0,10779.0,-6759.0
DecoLine,10779.0,-6759.0,10812.0,-6416.0
DecoLine,10493.0,-6410.0,10519.0,-6765.0
DecoLine,10537.0,-6763.0,10699.0,-6460.0
DecoLine,10594.0,-6453.0,10685.0,-6772.0
DecoLine,10685.0,-6772.0,10809.0,-6428.0
DecoLine,10710.0,-6451.0,10727.0,-6727.0
DecoLine,10801.0,-6783.0,10516.0,-6441.0
DecoLine,10498.0,-6443.0,10643.0,-6750.0
DecoLine,10640.0,-6736.0,10731.0,-6464.0
DecoLine,14074.0,-5856.0,14077.0,-6351.0
DecoLine,14140.0,-6207.0,14197.0,-5966.0
DecoLine,14186.0,-5978.0,14402.0,-5756.0
DecoLine,14364.0,-5815.0,14540.0,-5570.0
DecoLine,14523.0,-5583.0,14778.0,-5346.0
DecoLine,14766.0,-5371.0,14910.0,-5114.0
DecoLine,14902.0,-5120.0,15194.0,-4902.0
DecoLine,14078.0,-6341.0,14137.0,-5945.0
DecoLine,14143.0,-6222.0,14075.0,-5946.0
DecoLine,14075.0,-5946.0,14139.0,-5943.0
DecoLine,14139.0,-5943.0,14075.0,-5656.0
DecoLine,14075.0,-5945.0,14137.0,-5661.0
DecoLine,14137.0,-5661.0,14073.0,-5659.0
DecoLine,14072.0,-5662.0,14133.0,-5387.0
DecoLine,14077.0,-5389.0,14137.0,-5659.0
DecoLine,14133.0,-5389.0,14076.0,-5391.0
DecoLine,14076.0,-5391.0,14130.0,-5118.0
DecoLine,14078.0,-5122.0,14134.0,-5386.0
DecoLine,14078.0,-5119.0,14129.0,-5121.0
DecoLine,14129.0,-5121.0,14077.0,-5025.0
DecoLine,14079.0,-5120.0,14127.0,-5025.0
DecoLine,13936.0,-5026.0,14302.0,-5025.0
DecoLine,13938.0,-5023.0,13947.0,-4989.0
DecoLine,14300.0,-5023.0,14287.0,-4992.0
DecoLine,14287.0,-4992.0,13946.0,-4989.0
DecoLine,13946.0,-4989.0,13997.0,-5024.0
DecoLine,13997.0,-5024.0,14078.0,-4990.0
DecoLine,14078.0,-4990.0,14126.0,-5022.0
DecoLine,14079.0,-5025.0,14129.0,-4992.0
DecoLine,14129.0,-4992.0,14204.0,-5023.0
DecoLine,14204.0,-5023.0,14283.0,-4993.0
DecoLine,14299.0,-5028.0,14201.0,-4991.0
DecoLine,14201.0,-4991.0,14128.0,-5022.0
DecoLine,14080.0,-5024.0,13996.0,-4990.0
DecoLine,13996.0,-4990.0,13936.0,-5027.0
DecoLine,13996.0,-4990.0,13999.0,-5022.0
DecoLine,14077.0,-4991.0,14078.0,-5023.0
DecoLine,14129.0,-4992.0,14129.0,-5023.0
DecoLine,14202.0,-4990.0,14204.0,-5023.0
DecoLine,13939.0,-5026.0,13944.0,-5099.0
DecoLine,13944.0,-5099.0,13957.0,-5026.0
DecoLine,13946.0,-4988.0,13960.0,-4926.0
DecoLine,13960.0,-4926.0,13962.0,-4987.0
DecoLine,14287.0,-4991.0,14268.0,-4923.0
DecoLine,14267.0,-4923.0,14268.0,-4988.0
DecoLine,14272.0,-5032.0,14272.0,-5031.0
DecoLine,14268.0,-5025.0,14287.0,-5094.0
DecoLine,14287.0,-5094.0,14298.0,-5024.0
DecoLine,13656.0,-6663.0,13654.0,-6381.0
DecoLine,13647.0,-6380.0,14065.0,-6375.0
DecoLine,13646.0,-6380.0,13646.0,-6359.0
DecoLine,13645.0,-6359.0,14078.0,-6355.0
DecoLine,13652.0,-6378.0,13661.0,-6361.0
DecoLine,13700.0,-6375.0,13707.0,-6361.0
DecoLine,13750.0,-6373.0,13757.0,-6361.0
DecoLine,13813.0,-6374.0,13821.0,-6359.0
DecoLine,13878.0,-6374.0,13886.0,-6357.0
DecoLine,13945.0,-6372.0,13951.0,-6357.0
DecoLine,14006.0,-6370.0,14012.0,-6356.0
DecoLine,13658.0,-6607.0,13651.0,-6606.0
DecoLine,13651.0,-6606.0,13652.0,-6662.0
DecoLine,13676.0,-6418.0,13678.0,-6467.0
DecoLine,13678.0,-6467.0,13832.0,-6465.0
DecoLine,13832.0,-6465.0,13831.0,-6418.0
DecoLine,13831.0,-6418.0,13677.0,-6420.0
DecoLine,13686.0,-6439.0,13695.0,-6423.0
DecoLine,13724.0,-6464.0,13736.0,-6445.0
DecoLine,13779.0,-6457.0,13807.0,-6418.0
DecoLine,13344.0,-6670.0,13343.0,-6523.0
DecoLine,13343.0,-6523.0,13305.0,-6503.0
DecoLine,13305.0,-6503.0,13305.0,-6669.0
DecoLine,13327.0,-6670.0,13310.0,-6660.0
DecoLine,13307.0,-6643.0,13341.0,-6663.0
DecoLine,13342.0,-6644.0,13309.0,-6627.0
DecoLine,13305.0,-6605.0,13344.0,-6625.0
DecoLine,13343.0,-6604.0,13305.0,-6586.0
DecoLine,13306.0,-6565.0,13341.0,-6582.0
DecoLine,13341.0,-6560.0,13306.0,-6543.0
DecoLine,13306.0,-6524.0,13339.0,-6541.0
DecoLine,13334.0,-6519.0,13336.0,-6669.0
DecoLine,13325.0,-6670.0,13324.0,-6511.0
DecoLine,13316.0,-6510.0,13315.0,-6667.0
DecoLine,13304.0,-6523.0,13317.0,-6509.0
DecoLine,13305.0,-6542.0,13334.0,-6519.0
DecoLine,13304.0,-6566.0,13341.0,-6524.0
DecoLine,13305.0,-6586.0,13341.0,-6542.0
DecoLine,13305.0,-6607.0,13341.0,-6563.0
DecoLine,13305.0,-6627.0,13342.0,-6589.0
DecoLine,13305.0,-6642.0,13343.0,-6609.0
DecoLine,13306.0,-6660.0,13343.0,-6629.0
DecoLine,13314.0,-6669.0,13342.0,-6649.0
DecoLine,13306.0,-6507.0,13341.0,-6611.0
DecoLine,13322.0,-6530.0,13322.0,-6530.0
DecoLine,13316.0,-6513.0,13340.0,-6574.0
DecoLine,13327.0,-6511.0,13341.0,-6552.0
DecoLine,13306.0,-6544.0,13343.0,-6635.0
DecoLine,13306.0,-6568.0,13343.0,-6660.0
DecoLine,13304.0,-6589.0,13341.0,-6672.0
DecoLine,13306.0,-6611.0,13333.0,-6671.0
DecoLine,13307.0,-6630.0,13324.0,-6668.0
DecoLine,13304.0,-6648.0,13315.0,-6669.0
DecoLine,13151.0,-7565.0,13151.0,-7494.0
DecoLine,13151.0,-7494.0,13284.0,-7498.0
DecoLine,13284.0,-7498.0,13284.0,-7613.0
DecoLine,13348.0,-7637.0,13348.0,-7573.0
DecoLine,13348.0,-7573.0,13473.0,-7571.0
DecoLine,13473.0,-7571.0,13477.0,-7685.0
DecoLine,13561.0,-7715.0,13559.0,-7637.0
DecoLine,13559.0,-7637.0,13712.0,-7640.0
DecoLine,13712.0,-7640.0,13716.0,-7771.0
DecoLine,13550.0,-7646.0,13642.0,-7554.0
DecoLine,13642.0,-7554.0,13714.0,-7639.0
DecoLine,13344.0,-7579.0,13418.0,-7501.0
DecoLine,13418.0,-7501.0,13482.0,-7578.0
DecoLine,13142.0,-7500.0,13220.0,-7438.0
DecoLine,13220.0,-7438.0,13289.0,-7499.0
DecoLine,13427.0,-7663.0,13425.0,-7626.0
DecoLine,13425.0,-7626.0,13454.0,-7628.0
DecoLine,13454.0,-7628.0,13458.0,-7675.0
DecoLine,13658.0,-7748.0,13657.0,-7707.0
DecoLine,13657.0,-7707.0,13685.0,-7708.0
DecoLine,13684.0,-7708.0,13683.0,-7756.0
DecoLine,13221.0,-7587.0,13220.0,-7550.0
DecoLine,13220.0,-7550.0,13250.0,-7550.0
DecoLine,13250.0,-7550.0,13249.0,-7596.0
DecoLine,13164.0,-7509.0,13164.0,-7536.0
DecoLine,13164.0,-7536.0,13199.0,-7537.0
DecoLine,13198.0,-7537.0,13195.0,-7505.0
DecoLine,13195.0,-7506.0,13167.0,-7508.0
DecoLine,13167.0,-7508.0,13195.0,-7532.0
DecoLine,13164.0,-7530.0,13193.0,-7507.0
DecoLine,13228.0,-7508.0,13226.0,-7542.0
DecoLine,13226.0,-7542.0,13265.0,-7542.0
DecoLine,13265.0,-7542.0,13265.0,-7510.0
DecoLine,13265.0,-7510.0,13230.0,-7509.0
DecoLine,13230.0,-7509.0,13262.0,-7540.0
DecoLine,13223.0,-7537.0,13261.0,-7510.0
DecoLine,13361.0,-7591.0,13361.0,-7613.0
DecoLine,13361.0,-7613.0,13398.0,-7613.0
DecoLine,13398.0,-7613.0,13396.0,-7582.0
DecoLine,13396.0,-7582.0,13360.0,-7583.0
DecoLine,13360.0,-7583.0,13396.0,-7607.0
DecoLine,13362.0,-7610.0,13395.0,-7583.0
DecoLine,13417.0,-7581.0,13419.0,-7610.0
DecoLine,13418.0,-7610.0,13453.0,-7609.0
DecoLine,13453.0,-7609.0,13451.0,-7584.0
DecoLine,13451.0,-7584.0,13419.0,-7583.0
DecoLine,13574.0,-7653.0,13575.0,-7686.0
DecoLine,13575.0,-7686.0,13621.0,-7686.0
DecoLine,13621.0,-7686.0,13616.0,-7652.0
DecoLine,13616.0,-7652.0,13572.0,-7654.0
DecoLine,13650.0,-7655.0,13651.0,-7687.0
DecoLine,13651.0,-7687.0,13694.0,-7686.0
DecoLine,13694.0,-7686.0,13690.0,-7656.0
DecoLine,13691.0,-7656.0,13651.0,-7653.0
DecoLine,13651.0,-7653.0,13691.0,-7681.0
DecoLine,13686.0,-7654.0,13654.0,-7686.0
DecoLine,13575.0,-7655.0,13619.0,-7684.0
DecoLine,13577.0,-7683.0,13614.0,-7654.0
DecoLine,13419.0,-7605.0,13453.0,-7584.0
DecoLine,13416.0,-7583.0,13447.0,-7606.0
DecoLine,13445.0,-7534.0,13443.0,-7518.0
DecoLine,13443.0,-7518.0,13455.0,-7518.0
DecoLine,13455.0,-7518.0,13455.0,-7539.0
PhysicLine,19562.0,-9892.0,19553.0,-9568.0
PhysicLine,19291.0,-9695.0,19287.0,-9621.0
PhysicLine,19287.0,-9621.0,19323.0,-9619.0
PhysicLine,19292.0,-9659.0,19312.0,-9658.0
PhysicLine,19361.0,-9660.0,19361.0,-9687.0
PhysicLine,19361.0,-9623.0,19360.0,-9628.0
PhysicLine,19355.0,-9620.0,19364.0,-9629.0
PhysicLine,19400.0,-9690.0,19398.0,-9654.0
PhysicLine,921.0,915.0,921.0,916.0
PhysicLine,921.0,916.0,920.0,923.0
PhysicLine,920.0,923.0,917.0,928.0
PhysicLine,917.0,928.0,915.0,935.0
PhysicLine,915.0,935.0,912.0,942.0
PhysicLine,912.0,942.0,909.0,951.0
PhysicLine,909.0,951.0,905.0,961.0
PhysicLine,905.0,961.0,901.0,972.0
PhysicLine,901.0,972.0,897.0,981.0
PhysicLine,897.0,981.0,893.0,992.0
PhysicLine,893.0,992.0,887.0,1003.0
PhysicLine,887.0,1003.0,881.0,1013.0
PhysicLine,881.0,1013.0,874.0,1025.0
PhysicLine,874.0,1025.0,865.0,1038.0
PhysicLine,865.0,1038.0,856.0,1049.0
PhysicLine,856.0,1049.0,847.0,1059.0
PhysicLine,847.0,1059.0,839.0,1067.0
PhysicLine,839.0,1067.0,831.0,1074.0
PhysicLine,831.0,1074.0,823.0,1081.0
PhysicLine,823.0,1081.0,813.0,1089.0
PhysicLine,813.0,1089.0,802.0,1096.0
PhysicLine,802.0,1096.0,789.0,1103.0
PhysicLine,789.0,1103.0,770.0,1112.0
PhysicLine,770.0,1112.0,755.0,1118.0
PhysicLine,755.0,1118.0,729.0,1127.0
PhysicLine,729.0,1127.0,710.0,1131.0
PhysicLine,710.0,1131.0,693.0,1135.0
PhysicLine,693.0,1135.0,676.0,1138.0
PhysicLine,676.0,1138.0,661.0,1140.0
PhysicLine,661.0,1140.0,650.0,1142.0
PhysicLine,650.0,1142.0,641.0,1143.0
PhysicLine,641.0,1143.0,634.0,1145.0
PhysicLine,634.0,1145.0,625.0,1147.0
PhysicLine,625.0,1147.0,619.0,1148.0
PhysicLine,619.0,1148.0,614.0,1149.0
PhysicLine,614.0,1149.0,612.0,1150.0
PhysicLine,612.0,1150.0,610.0,1150.0
PhysicLine,610.0,1150.0,608.0,1151.0
PhysicLine,608.0,1151.0,608.0,1151.0
PhysicLine,608.0,1151.0,607.0,1152.0
PhysicLine,607.0,1152.0,607.0,1152.0
PhysicLine,607.0,1152.0,607.0,1152.0
PhysicLine,607.0,1152.0,606.0,1152.0
PhysicLine,606.0,1152.0,603.0,1152.0
PhysicLine,603.0,1152.0,601.0,1152.0
PhysicLine,601.0,1152.0,598.0,1152.0
PhysicLine,598.0,1152.0,593.0,1152.0
PhysicLine,593.0,1152.0,585.0,1152.0
PhysicLine,585.0,1152.0,579.0,1152.0
PhysicLine,579.0,1152.0,576.0,1152.0
PhysicLine,576.0,1152.0,568.0,1153.0
PhysicLine,568.0,1153.0,561.0,1155.0
PhysicLine,561.0,1155.0,554.0,1156.0
PhysicLine,554.0,1156.0,546.0,1157.0
PhysicLine,546.0,1157.0,536.0,1159.0
PhysicLine,536.0,1159.0,528.0,1159.0
PhysicLine,528.0,1159.0,508.0,1162.0
PhysicLine,508.0,1162.0,501.0,1163.0
PhysicLine,501.0,1163.0,481.0,1165.0
PhysicLine,481.0,1165.0,462.0,1168.0
PhysicLine,462.0,1168.0,436.0,1173.0
PhysicLine,436.0,1173.0,411.0,1180.0
PhysicLine,411.0,1180.0,384.0,1191.0
PhysicLine,384.0,1191.0,355.0,1201.0
PhysicLine,355.0,1201.0,329.0,1211.0
PhysicLine,329.0,1211.0,307.0,1217.0
PhysicLine,307.0,1217.0,291.0,1221.0
PhysicLine,291.0,1221.0,273.0,1224.0
PhysicLine,273.0,1224.0,262.0,1227.0
PhysicLine,262.0,1227.0,252.0,1230.0
PhysicLine,252.0,1230.0,244.0,1233.0
PhysicLine,244.0,1233.0,241.0,1235.0
PhysicLine,241.0,1235.0,239.0,1236.0
PhysicLine,239.0,1236.0,238.0,1237.0
PhysicLine,238.0,1237.0,238.0,1238.0
PhysicLine,238.0,1238.0,237.0,1238.0
PhysicLine,237.0,1238.0,237.0,1238.0
PhysicLine,237.0,1238.0,237.0,1238.0
PhysicLine,237.0,1238.0,237.0,1238.0
PhysicLine,237.0,1238.0,237.0,1238.0
PhysicLine,237.0,1238.0,237.0,1237.0
PhysicLine,237.0,1237.0,237.0,1237.0
PhysicLine,237.0,1237.0,237.0,1236.0
PhysicLine,237.0,1236.0,236.0,1236.0
PhysicLine,236.0,1236.0,235.0,1236.0
PhysicLine,235.0,1236.0,234.0,1236.0
PhysicLine,234.0,1236.0,232.0,1236.0
PhysicLine,232.0,1236.0,229.0,1236.0
PhysicLine,229.0,1236.0,227.0,1236.0
PhysicLine,227.0,1236.0,221.0,1236.0
PhysicLine,221.0,1236.0,214.0,1236.0
PhysicLine,214.0,1236.0,205.0,1236.0
PhysicLine,205.0,1236.0,195.0,1236.0
PhysicLine,195.0,1236.0,183.0,1236.0
PhysicLine,183.0,1236.0,172.0,1236.0
PhysicLine,172.0,1236.0,163.0,1236.0
PhysicLine,163.0,1236.0,151.0,1235.0
PhysicLine,151.0,1235.0,140.0,1235.0
PhysicLine,140.0,1235.0,129.0,1235.0
PhysicLine,129.0,1235.0,116.0,1235.0
PhysicLine,116.0,1235.0,100.0,1235.0
PhysicLine,100.0,1235.0,89.0,1236.0
PhysicLine,89.0,1236.0,81.0,1238.0
PhysicLine,81.0,1238.0,75.0,1240.0
PhysicLine,75.0,1240.0,75.0,1241.0
PhysicLine,75.0,1241.0,75.0,1241.0
PhysicLine,75.0,1241.0,75.0,1239.0
PhysicLine,75.0,1239.0,75.0,1236.0
PhysicLine,978.0,1053.0,978.0,1053.0
PhysicLine,978.0,1053.0,977.0,1053.0
PhysicLine,977.0,1053.0,976.0,1053.0
PhysicLine,976.0,1053.0,975.0,1053.0
PhysicLine,975.0,1053.0,975.0,1053.0
PhysicLine,975.0,1053.0,974.0,1053.0
PhysicLine,974.0,1053.0,972.0,1053.0
PhysicLine,972.0,1053.0,970.0,1053.0
PhysicLine,970.0,1053.0,969.0,1053.0
PhysicLine,969.0,1053.0,968.0,1053.0
PhysicLine,968.0,1053.0,967.0,1053.0
PhysicLine,967.0,1053.0,966.0,1053.0
PhysicLine,966.0,1053.0,962.0,1052.0
PhysicLine,962.0,1052.0,956.0,1052.0
PhysicLine,956.0,1052.0,948.0,1052.0
PhysicLine,948.0,1052.0,944.0,1052.0
PhysicLine,944.0,1052.0,941.0,1052.0
PhysicLine,941.0,1052.0,939.0,1052.0
PhysicLine,939.0,1052.0,939.0,1052.0
PhysicLine,939.0,1052.0,938.0,1052.0
PhysicLine,938.0,1052.0,937.0,1052.0
PhysicLine,937.0,1052.0,935.0,1052.0
PhysicLine,935.0,1052.0,932.0,1052.0
PhysicLine,932.0,1052.0,928.0,1052.0
PhysicLine,928.0,1052.0,924.0,1052.0
PhysicLine,924.0,1052.0,921.0,1052.0
PhysicLine,921.0,1052.0,920.0,1052.0
PhysicLine,920.0,1052.0,918.0,1052.0
PhysicLine,918.0,1052.0,916.0,1052.0
PhysicLine,916.0,1052.0,913.0,1052.0
PhysicLine,913.0,1052.0,912.0,1052.0
PhysicLine,912.0,1052.0,911.0,1053.0
PhysicLine,911.0,1053.0,910.0,1053.0
PhysicLine,910.0,1053.0,910.0,1053.0
PhysicLine,910.0,1053.0,910.0,1054.0
PhysicLine,910.0,1054.0,908.0,1054.0
PhysicLine,908.0,1054.0,906.0,1055.0
PhysicLine,906.0,1055.0,904.0,1057.0
PhysicLine,904.0,1057.0,901.0,1058.0
PhysicLine,901.0,1058.0,899.0,1059.0
PhysicLine,899.0,1059.0,898.0,1060.0
PhysicLine,898.0,1060.0,897.0,1060.0
PhysicLine,897.0,1060.0,897.0,1061.0
PhysicLine,897.0,1061.0,897.0,1061.0
PhysicLine,897.0,1061.0,897.0,1061.0
PhysicLine,897.0,1061.0,897.0,1062.0
PhysicLine,897.0,1062.0,897.0,1062.0
PhysicLine,897.0,1062.0,897.0,1063.0
PhysicLine,897.0,1063.0,897.0,1063.0
PhysicLine,897.0,1063.0,897.0,1064.0
PhysicLine,897.0,1064.0,897.0,1065.0
PhysicLine,897.0,1065.0,897.0,1065.0
PhysicLine,897.0,1065.0,897.0,1065.0
PhysicLine,897.0,1065.0,898.0,1066.0
PhysicLine,898.0,1066.0,898.0,1066.0
PhysicLine,898.0,1066.0,898.0,1066.0
PhysicLine,898.0,1066.0,899.0,1066.0
PhysicLine,899.0,1066.0,899.0,1067.0
PhysicLine,899.0,1067.0,900.0,1067.0
PhysicLine,900.0,1067.0,901.0,1068.0
PhysicLine,901.0,1068.0,901.0,1068.0
PhysicLine,901.0,1068.0,902.0,1068.0
PhysicLine,902.0,1068.0,902.0,1068.0
PhysicLine,902.0,1068.0,902.0,1068.0
PhysicLine,902.0,1068.0,903.0,1068.0
PhysicLine,903.0,1068.0,904.0,1068.0
PhysicLine,904.0,1068.0,905.0,1069.0
PhysicLine,905.0,1069.0,906.0,1069.0
PhysicLine,906.0,1069.0,907.0,1069.0
PhysicLine,907.0,1069.0,908.0,1070.0
PhysicLine,908.0,1070.0,909.0,1070.0
PhysicLine,909.0,1070.0,910.0,1071.0
PhysicLine,910.0,1071.0,912.0,1071.0
PhysicLine,912.0,1071.0,913.0,1071.0
PhysicLine,913.0,1071.0,914.0,1072.0
PhysicLine,914.0,1072.0,915.0,1072.0
PhysicLine,915.0,1072.0,916.0,1072.0
PhysicLine,916.0,1072.0,918.0,1072.0
PhysicLine,918.0,1072.0,920.0,1073.0
PhysicLine,920.0,1073.0,923.0,1074.0
PhysicLine,923.0,1074.0,925.0,1074.0
PhysicLine,925.0,1074.0,926.0,1074.0
PhysicLine,926.0,1074.0,928.0,1074.0
PhysicLine,928.0,1074.0,929.0,1075.0
PhysicLine,929.0,1075.0,931.0,1075.0
PhysicLine,931.0,1075.0,933.0,1075.0
PhysicLine,933.0,1075.0,935.0,1075.0
PhysicLine,935.0,1075.0,937.0,1076.0
PhysicLine,937.0,1076.0,939.0,1076.0
PhysicLine,939.0,1076.0,942.0,1076.0
PhysicLine,942.0,1076.0,943.0,1076.0
PhysicLine,943.0,1076.0,945.0,1076.0
PhysicLine,945.0,1076.0,946.0,1076.0
PhysicLine,946.0,1076.0,948.0,1076.0
PhysicLine,948.0,1076.0,949.0,1076.0
PhysicLine,949.0,1076.0,951.0,1077.0
PhysicLine,951.0,1077.0,952.0,1077.0
PhysicLine,952.0,1077.0,954.0,1077.0
PhysicLine,954.0,1077.0,956.0,1077.0
PhysicLine,956.0,1077.0,958.0,1077.0
PhysicLine,958.0,1077.0,960.0,1078.0
PhysicLine,960.0,1078.0,962.0,1078.0
PhysicLine,962.0,1078.0,964.0,1078.0
PhysicLine,964.0,1078.0,966.0,1078.0
PhysicLine,966.0,1078.0,967.0,1078.0
PhysicLine,967.0,1078.0,969.0,1078.0
PhysicLine,969.0,1078.0,971.0,1078.0
PhysicLine,971.0,1078.0,973.0,1078.0
PhysicLine,973.0,1078.0,976.0,1078.0
PhysicLine,976.0,1078.0,978.0,1078.0
PhysicLine,978.0,1078.0,980.0,1077.0
PhysicLine,980.0,1077.0,980.0,1077.0
PhysicLine,980.0,1077.0,981.0,1077.0
PhysicLine,981.0,1077.0,981.0,1077.0
PhysicLine,981.0,1077.0,981.0,1076.0
PhysicLine,981.0,1076.0,982.0,1075.0
PhysicLine,982.0,1075.0,983.0,1075.0
PhysicLine,983.0,1075.0,984.0,1074.0
PhysicLine,984.0,1074.0,985.0,1074.0
PhysicLine,985.0,1074.0,985.0,1073.0
PhysicLine,985.0,1073.0,986.0,1072.0
PhysicLine,986.0,1072.0,986.0,1072.0
PhysicLine,986.0,1072.0,986.0,1071.0
PhysicLine,986.0,1071.0,986.0,1071.0
PhysicLine,986.0,1071.0,986.0,1070.0
PhysicLine,986.0,1070.0,986.0,1070.0
PhysicLine,986.0,1070.0,986.0,1069.0
PhysicLine,986.0,1069.0,986.0,1069.0
PhysicLine,986.0,1069.0,986.0,1069.0
PhysicLine,986.0,1069.0,986.0,1068.0
PhysicLine,986.0,1068.0,986.0,1068.0
PhysicLine,986.0,1068.0,986.0,1067.0
PhysicLine,986.0,1067.0,986.0,1067.0
PhysicLine,986.0,1067.0,986.0,1067.0
PhysicLine,986.0,1067.0,986.0,1066.0
PhysicLine,986.0,1066.0,986.0,1066.0
PhysicLine,986.0,1066.0,986.0,1065.0
PhysicLine,986.0,1065.0,986.0,1065.0
PhysicLine,986.0,1065.0,986.0,1064.0
PhysicLine,986.0,1064.0,986.0,1064.0
PhysicLine,986.0,1064.0,985.0,1064.0
PhysicLine,985.0,1064.0,985.0,1063.0
PhysicLine,985.0,1063.0,985.0,1063.0
PhysicLine,985.0,1063.0,985.0,1062.0
PhysicLine,985.0,1062.0,985.0,1062.0
PhysicLine,985.0,1062.0,984.0,1061.0
PhysicLine,984.0,1061.0,984.0,1061.0
PhysicLine,984.0,1061.0,984.0,1060.0
PhysicLine,984.0,1060.0,984.0,1060.0
PhysicLine,984.0,1060.0,984.0,1059.0
PhysicLine,984.0,1059.0,983.0,1059.0
PhysicLine,983.0,1059.0,983.0,1058.0
PhysicLine,983.0,1058.0,983.0,1058.0
PhysicLine,983.0,1058.0,982.0,1057.0
PhysicLine,982.0,1057.0,982.0,1056.0
PhysicLine,982.0,1056.0,982.0,1056.0
PhysicLine,982.0,1056.0,981.0,1055.0
PhysicLine,981.0,1055.0,981.0,1055.0
PhysicLine,981.0,1055.0,981.0,1054.0
PhysicLine,981.0,1054.0,981.0,1054.0
PhysicLine,981.0,1054.0,981.0,1054.0
PhysicLine,981.0,1054.0,980.0,1053.0
PhysicLine,980.0,1053.0,980.0,1053.0
PhysicLine,980.0,1053.0,979.0,1053.0
PhysicLine,979.0,1053.0,979.0,1053.0
PhysicLine,979.0,1053.0,979.0,1053.0
PhysicLine,979.0,1053.0,978.0,1053.0
PhysicLine,978.0,1053.0,978.0,1053.0
PhysicLine,978.0,1053.0,977.0,1053.0
PhysicLine,977.0,1053.0,977.0,1053.0
PhysicLine,977.0,1053.0,977.0,1053.0
PhysicLine,977.0,1053.0,977.0,1053.0
PhysicLine,977.0,1053.0,977.0,1053.0
PhysicLine,977.0,1053.0,976.0,1053.0
PhysicLine,976.0,1053.0,976.0,1053.0
PhysicLine,976.0,1053.0,976.0,1053.0
PhysicLine,976.0,1053.0,976.0,1053.0
PhysicLine,976.0,1053.0,976.0,1053.0
PhysicLine,976.0,1053.0,975.0,1053.0
PhysicLine,975.0,1053.0,975.0,1053.0
PhysicLine,975.0,1053.0,975.0,1054.0
PhysicLine,975.0,1054.0,975.0,1056.0
PhysicLine,975.0,1056.0,975.0,1057.0
PhysicLine,945.0,1062.0,945.0,1062.0
PhysicLine,945.0,1062.0,945.0,1061.0
PhysicLine,945.0,1061.0,945.0,1060.0
PhysicLine,945.0,1060.0,945.0,1059.0
PhysicLine,945.0,1059.0,945.0,1058.0
PhysicLine,945.0,1058.0,945.0,1058.0
PhysicLine,945.0,1058.0,945.0,1057.0
PhysicLine,945.0,1057.0,945.0,1056.0
PhysicLine,945.0,1056.0,945.0,1055.0
PhysicLine,945.0,1055.0,945.0,1054.0
PhysicLine,945.0,1054.0,945.0,1052.0
PhysicLine,945.0,1052.0,945.0,1051.0
PhysicLine,945.0,1051.0,945.0,1049.0
PhysicLine,945.0,1049.0,945.0,1048.0
PhysicLine,945.0,1048.0,945.0,1047.0
PhysicLine,945.0,1047.0,945.0,1047.0
PhysicLine,945.0,1047.0,945.0,1046.0
PhysicLine,945.0,1046.0,945.0,1046.0
PhysicLine,945.0,1046.0,945.0,1046.0
PhysicLine,945.0,1046.0,945.0,1045.0
PhysicLine,945.0,1045.0,945.0,1045.0
PhysicLine,945.0,1045.0,945.0,1045.0
PhysicLine,945.0,1045.0,945.0,1044.0
PhysicLine,945.0,1044.0,945.0,1044.0
PhysicLine,945.0,1044.0,945.0,1044.0
PhysicLine,945.0,1044.0,946.0,1044.0
PhysicLine,946.0,1044.0,946.0,1043.0
PhysicLine,946.0,1043.0,946.0,1043.0
PhysicLine,946.0,1043.0,946.0,1043.0
PhysicLine,946.0,1043.0,946.0,1043.0
PhysicLine,946.0,1043.0,946.0,1043.0
PhysicLine,946.0,1043.0,946.0,1043.0
PhysicLine,919.0,1044.0,919.0,1044.0
PhysicLine,919.0,1044.0,920.0,1044.0
PhysicLine,920.0,1044.0,921.0,1044.0
PhysicLine,921.0,1044.0,921.0,1044.0
PhysicLine,921.0,1044.0,921.0,1044.0
PhysicLine,921.0,1044.0,922.0,1044.0
PhysicLine,922.0,1044.0,922.0,1044.0
PhysicLine,922.0,1044.0,923.0,1044.0
PhysicLine,923.0,1044.0,924.0,1045.0
PhysicLine,924.0,1045.0,926.0,1045.0
PhysicLine,926.0,1045.0,928.0,1046.0
PhysicLine,928.0,1046.0,930.0,1047.0
PhysicLine,930.0,1047.0,931.0,1047.0
PhysicLine,931.0,1047.0,932.0,1047.0
PhysicLine,932.0,1047.0,932.0,1047.0
PhysicLine,932.0,1047.0,934.0,1047.0
PhysicLine,934.0,1047.0,936.0,1047.0
PhysicLine,936.0,1047.0,936.0,1048.0
PhysicLine,936.0,1048.0,938.0,1048.0
PhysicLine,938.0,1048.0,940.0,1048.0
PhysicLine,940.0,1048.0,941.0,1048.0
PhysicLine,941.0,1048.0,942.0,1048.0
PhysicLine,942.0,1048.0,943.0,1048.0
PhysicLine,943.0,1048.0,944.0,1048.0
PhysicLine,944.0,1048.0,946.0,1048.0
PhysicLine,946.0,1048.0,947.0,1048.0
PhysicLine,947.0,1048.0,949.0,1048.0
PhysicLine,949.0,1048.0,951.0,1048.0
PhysicLine,951.0,1048.0,953.0,1048.0
PhysicLine,953.0,1048.0,956.0,1048.0
PhysicLine,956.0,1048.0,957.0,1048.0
PhysicLine,957.0,1048.0,959.0,1047.0
PhysicLine,959.0,1047.0,960.0,1047.0
PhysicLine,960.0,1047.0,962.0,1046.0
PhysicLine,962.0,1046.0,963.0,1045.0
PhysicLine,963.0,1045.0,965.0,1044.0
PhysicLine,965.0,1044.0,966.0,1043.0
PhysicLine,966.0,1043.0,967.0,1042.0
PhysicLine,967.0,1042.0,968.0,1042.0
PhysicLine,968.0,1042.0,968.0,1041.0
PhysicLine,968.0,1041.0,968.0,1041.0
PhysicLine,968.0,1041.0,968.0,1040.0
PhysicLine,968.0,1040.0,968.0,1040.0
PhysicLine,968.0,1040.0,969.0,1039.0
PhysicLine,969.0,1039.0,969.0,1038.0
PhysicLine,969.0,1038.0,970.0,1036.0
PhysicLine,970.0,1036.0,971.0,1034.0
PhysicLine,971.0,1034.0,972.0,1033.0
PhysicLine,972.0,1033.0,972.0,1032.0
PhysicLine,972.0,1032.0,973.0,1031.0
PhysicLine,973.0,1031.0,973.0,1031.0
PhysicLine,973.0,1031.0,973.0,1030.0
PhysicLine,973.0,1030.0,974.0,1029.0
PhysicLine,974.0,1029.0,974.0,1027.0
PhysicLine,974.0,1027.0,974.0,1026.0
PhysicLine,974.0,1026.0,974.0,1025.0
PhysicLine,974.0,1025.0,974.0,1024.0
PhysicLine,974.0,1024.0,974.0,1024.0
PhysicLine,974.0,1024.0,974.0,1023.0
PhysicLine,974.0,1023.0,974.0,1022.0
PhysicLine,974.0,1022.0,974.0,1022.0
PhysicLine,974.0,1022.0,974.0,1021.0
PhysicLine,974.0,1021.0,974.0,1020.0
PhysicLine,974.0,1020.0,974.0,1019.0
PhysicLine,974.0,1019.0,974.0,1019.0
PhysicLine,974.0,1019.0,973.0,1017.0
PhysicLine,973.0,1017.0,973.0,1017.0
PhysicLine,973.0,1017.0,972.0,1016.0
PhysicLine,972.0,1016.0,972.0,1015.0
PhysicLine,972.0,1015.0,972.0,1014.0
PhysicLine,972.0,1014.0,971.0,1013.0
PhysicLine,971.0,1013.0,971.0,1012.0
PhysicLine,971.0,1012.0,971.0,1011.0
PhysicLine,971.0,1011.0,970.0,1011.0
PhysicLine,970.0,1011.0,969.0,1010.0
PhysicLine,969.0,1010.0,968.0,1010.0
PhysicLine,968.0,1010.0,968.0,1010.0
PhysicLine,968.0,1010.0,967.0,1010.0
PhysicLine,967.0,1010.0,966.0,1010.0
PhysicLine,966.0,1010.0,965.0,1010.0
PhysicLine,965.0,1010.0,965.0,1010.0
PhysicLine,965.0,1010.0,964.0,1010.0
PhysicLine,964.0,1010.0,964.0,1010.0
PhysicLine,964.0,1010.0,963.0,1010.0
PhysicLine,963.0,1010.0,963.0,1010.0
PhysicLine,963.0,1010.0,963.0,1011.0
PhysicLine,963.0,1011.0,962.0,1011.0
PhysicLine,962.0,1011.0,962.0,1012.0
PhysicLine,962.0,1012.0,962.0,1012.0
PhysicLine,962.0,1012.0,961.0,1013.0
PhysicLine,961.0,1013.0,961.0,1013.0
PhysicLine,961.0,1013.0,961.0,1014.0
PhysicLine,961.0,1014.0,961.0,1014.0
PhysicLine,961.0,1014.0,960.0,1014.0
PhysicLine,960.0,1014.0,960.0,1015.0
PhysicLine,960.0,1015.0,960.0,1015.0
PhysicLine,960.0,1015.0,960.0,1016.0
PhysicLine,960.0,1016.0,959.0,1016.0
PhysicLine,959.0,1016.0,959.0,1016.0
PhysicLine,959.0,1016.0,958.0,1016.0
PhysicLine,958.0,1016.0,954.0,1016.0
PhysicLine,954.0,1016.0,951.0,1015.0
PhysicLine,951.0,1015.0,950.0,1015.0
PhysicLine,950.0,1015.0,948.0,1015.0
PhysicLine,948.0,1015.0,947.0,1015.0
PhysicLine,947.0,1015.0,947.0,1015.0
PhysicLine,947.0,1015.0,947.0,1015.0
PhysicLine,947.0,1015.0,946.0,1015.0
PhysicLine,946.0,1015.0,946.0,1015.0
PhysicLine,946.0,1015.0,946.0,1015.0
PhysicLine,946.0,1015.0,946.0,1015.0
PhysicLine,946.0,1015.0,945.0,1015.0
PhysicLine,945.0,1015.0,945.0,1016.0
PhysicLine,945.0,1016.0,945.0,1016.0
PhysicLine,945.0,1016.0,945.0,1016.0
PhysicLine,945.0,1016.0,945.0,1017.0
PhysicLine,945.0,1017.0,944.0,1017.0
PhysicLine,944.0,1017.0,942.0,1017.0
PhysicLine,942.0,1017.0,941.0,1017.0
PhysicLine,941.0,1017.0,939.0,1017.0
PhysicLine,939.0,1017.0,938.0,1017.0
PhysicLine,938.0,1017.0,938.0,1017.0
PhysicLine,938.0,1017.0,938.0,1017.0
PhysicLine,938.0,1017.0,937.0,1017.0
PhysicLine,937.0,1017.0,936.0,1017.0
PhysicLine,936.0,1017.0,934.0,1017.0
PhysicLine,934.0,1017.0,933.0,1017.0
PhysicLine,933.0,1017.0,931.0,1017.0
PhysicLine,931.0,1017.0,931.0,1017.0
PhysicLine,931.0,1017.0,931.0,1017.0
PhysicLine,931.0,1017.0,930.0,1018.0
PhysicLine,930.0,1018.0,930.0,1018.0
PhysicLine,930.0,1018.0,930.0,1018.0
PhysicLine,930.0,1018.0,929.0,1018.0
PhysicLine,929.0,1018.0,928.0,1018.0
PhysicLine,928.0,1018.0,927.0,1018.0
PhysicLine,927.0,1018.0,926.0,1018.0
PhysicLine,926.0,1018.0,926.0,1019.0
PhysicLine,926.0,1019.0,925.0,1019.0
PhysicLine,925.0,1019.0,924.0,1019.0
PhysicLine,924.0,1019.0,923.0,1020.0
PhysicLine,923.0,1020.0,922.0,1020.0
PhysicLine,922.0,1020.0,921.0,1021.0
PhysicLine,921.0,1021.0,921.0,1021.0
PhysicLine,921.0,1021.0,921.0,1022.0
PhysicLine,921.0,1022.0,920.0,1022.0
PhysicLine,920.0,1022.0,920.0,1023.0
PhysicLine,920.0,1023.0,919.0,1024.0
PhysicLine,919.0,1024.0,918.0,1025.0
PhysicLine,918.0,1025.0,918.0,1026.0
PhysicLine,918.0,1026.0,918.0,1027.0
PhysicLine,918.0,1027.0,918.0,1028.0
PhysicLine,918.0,1028.0,918.0,1028.0
PhysicLine,918.0,1028.0,918.0,1029.0
PhysicLine,918.0,1029.0,918.0,1030.0
PhysicLine,918.0,1030.0,918.0,1030.0
PhysicLine,918.0,1030.0,918.0,1031.0
PhysicLine,918.0,1031.0,918.0,1031.0
PhysicLine,918.0,1031.0,918.0,1032.0
PhysicLine,918.0,1032.0,918.0,1034.0
PhysicLine,918.0,1034.0,918.0,1035.0
PhysicLine,918.0,1035.0,918.0,1036.0
PhysicLine,918.0,1036.0,918.0,1036.0
PhysicLine,918.0,1036.0,918.0,1037.0
PhysicLine,918.0,1037.0,918.0,1038.0
PhysicLine,918.0,1038.0,918.0,1039.0
PhysicLine,918.0,1039.0,918.0,1040.0
PhysicLine,918.0,1040.0,918.0,1041.0
PhysicLine,918.0,1041.0,918.0,1043.0
PhysicLine,918.0,1043.0,918.0,1045.0
PhysicLine,918.0,1045.0,918.0,1046.0
PhysicLine,918.0,1046.0,918.0,1047.0
PhysicLine,918.0,1047.0,918.0,1048.0
PhysicLine,918.0,1048.0,918.0,1048.0
PhysicLine,918.0,1048.0,918.0,1048.0
PhysicLine,918.0,1048.0,919.0,1048.0
PhysicLine,919.0,1048.0,919.0,1048.0
PhysicLine,919.0,1048.0,919.0,1048.0
PhysicLine,919.0,1048.0,920.0,1048.0
PhysicLine,920.0,1048.0,920.0,1048.0
PhysicLine,920.0,1048.0,920.0,1048.0
PhysicLine,920.0,1048.0,920.0,1048.0
PhysicLine,920.0,1048.0,920.0,1048.0
PhysicLine,920.0,1048.0,920.0,1048.0
PhysicLine,920.0,1048.0,921.0,1047.0
PhysicLine,921.0,1047.0,921.0,1047.0
PhysicLine,921.0,1047.0,921.0,1047.0
PhysicLine,921.0,1047.0,921.0,1047.0
PhysicLine,921.0,1047.0,921.0,1047.0
PhysicLine,921.0,1047.0,921.0,1046.0
PhysicLine,921.0,1046.0,921.0,1046.0
PhysicLine,921.0,1046.0,921.0,1046.0
PhysicLine,921.0,1046.0,921.0,1046.0
PhysicLine,921.0,1046.0,921.0,1046.0
PhysicLine,965.0,1043.0,965.0,1043.0
PhysicLine,965.0,1043.0,968.0,1043.0
PhysicLine,968.0,1043.0,972.0,1043.0
PhysicLine,972.0,1043.0,977.0,1043.0
PhysicLine,977.0,1043.0,983.0,1043.0
PhysicLine,983.0,1043.0,989.0,1043.0
PhysicLine,989.0,1043.0,993.0,1043.0
PhysicLine,993.0,1043.0,999.0,1043.0
PhysicLine,999.0,1043.0,1003.0,1043.0
PhysicLine,1003.0,1043.0,1010.0,1043.0
PhysicLine,1010.0,1043.0,1014.0,1043.0
PhysicLine,1014.0,1043.0,1020.0,1043.0
PhysicLine,1020.0,1043.0,1021.0,1043.0
PhysicLine,1021.0,1043.0,1024.0,1043.0
PhysicLine,1024.0,1043.0,1025.0,1043.0
PhysicLine,1025.0,1043.0,1025.0,1043.0
PhysicLine,1025.0,1043.0,1027.0,1043.0
PhysicLine,1027.0,1043.0,1029.0,1044.0
PhysicLine,1029.0,1044.0,1031.0,1044.0
PhysicLine,1031.0,1044.0,1033.0,1045.0
PhysicLine,1033.0,1045.0,1034.0,1045.0
PhysicLine,1034.0,1045.0,1034.0,1045.0
PhysicLine,1034.0,1045.0,1034.0,1045.0
PhysicLine,1034.0,1045.0,1034.0,1045.0
PhysicLine,1034.0,1045.0,1035.0,1045.0
PhysicLine,1035.0,1045.0,1035.0,1045.0
PhysicLine,974.0,1025.0,974.0,1025.0
PhysicLine,974.0,1025.0,974.0,1025.0
PhysicLine,974.0,1025.0,976.0,1025.0
PhysicLine,976.0,1025.0,977.0,1025.0
PhysicLine,977.0,1025.0,980.0,1025.0
PhysicLine,980.0,1025.0,982.0,1025.0
PhysicLine,982.0,1025.0,985.0,1026.0
PhysicLine,985.0,1026.0,987.0,1027.0
PhysicLine,987.0,1027.0,989.0,1027.0
PhysicLine,989.0,1027.0,990.0,1028.0
PhysicLine,990.0,1028.0,992.0,1028.0
PhysicLine,992.0,1028.0,994.0,1029.0
PhysicLine,994.0,1029.0,996.0,1030.0
PhysicLine,996.0,1030.0,998.0,1031.0
PhysicLine,998.0,1031.0,999.0,1031.0
PhysicLine,999.0,1031.0,1000.0,1031.0
PhysicLine,1000.0,1031.0,1001.0,1032.0
PhysicLine,1001.0,1032.0,1002.0,1033.0
PhysicLine,1002.0,1033.0,1003.0,1033.0
PhysicLine,1003.0,1033.0,1005.0,1034.0
PhysicLine,1005.0,1034.0,1007.0,1035.0
PhysicLine,1007.0,1035.0,1008.0,1035.0
PhysicLine,1008.0,1035.0,1008.0,1036.0
PhysicLine,1008.0,1036.0,1009.0,1036.0
PhysicLine,1009.0,1036.0,1011.0,1037.0
PhysicLine,1011.0,1037.0,1013.0,1038.0
PhysicLine,1013.0,1038.0,1014.0,1038.0
PhysicLine,1014.0,1038.0,1016.0,1039.0
PhysicLine,1016.0,1039.0,1018.0,1040.0
PhysicLine,1018.0,1040.0,1019.0,1040.0
PhysicLine,1019.0,1040.0,1021.0,1041.0
PhysicLine,1021.0,1041.0,1021.0,1041.0
PhysicLine,1021.0,1041.0,1022.0,1041.0
PhysicLine,1022.0,1041.0,1022.0,1041.0
PhysicLine,1022.0,1041.0,1022.0,1041.0
PhysicLine,1022.0,1041.0,1023.0,1041.0
PhysicLine,1023.0,1041.0,1024.0,1042.0
PhysicLine,1024.0,1042.0,1024.0,1042.0
PhysicLine,1024.0,1042.0,1025.0,1042.0
PhysicLine,1025.0,1042.0,1026.0,1042.0
PhysicLine,1026.0,1042.0,1026.0,1042.0
PhysicLine,1026.0,1042.0,1027.0,1042.0
PhysicLine,1027.0,1042.0,1027.0,1042.0
PhysicLine,1027.0,1042.0,1028.0,1042.0
PhysicLine,1028.0,1042.0,1028.0,1042.0
PhysicLine,1028.0,1042.0,1028.0,1042.0
PhysicLine,1028.0,1042.0,1029.0,1043.0
PhysicLine,1029.0,1043.0,1029.0,1043.0
PhysicLine,1029.0,1043.0,1029.0,1043.0
PhysicLine,1029.0,1043.0,1030.0,1043.0
PhysicLine,1030.0,1043.0,1030.0,1043.0
PhysicLine,979.0,1043.0,979.0,1043.0
PhysicLine,979.0,1043.0,979.0,1043.0
PhysicLine,979.0,1043.0,979.0,1043.0
PhysicLine,979.0,1043.0,979.0,1042.0
PhysicLine,979.0,1042.0,979.0,1041.0
PhysicLine,979.0,1041.0,979.0,1040.0
PhysicLine,979.0,1040.0,979.0,1039.0
PhysicLine,979.0,1039.0,979.0,1038.0
PhysicLine,979.0,1038.0,979.0,1038.0
PhysicLine,979.0,1038.0,979.0,1038.0
PhysicLine,979.0,1038.0,979.0,1038.0
PhysicLine,979.0,1038.0,979.0,1038.0
PhysicLine,979.0,1038.0,980.0,1037.0
PhysicLine,980.0,1037.0,980.0,1036.0
PhysicLine,980.0,1036.0,980.0,1036.0
PhysicLine,980.0,1036.0,980.0,1036.0
PhysicLine,980.0,1036.0,980.0,1035.0
PhysicLine,980.0,1035.0,980.0,1035.0
PhysicLine,980.0,1035.0,981.0,1035.0
PhysicLine,981.0,1035.0,981.0,1034.0
PhysicLine,981.0,1034.0,981.0,1033.0
PhysicLine,981.0,1033.0,981.0,1032.0
PhysicLine,981.0,1032.0,982.0,1032.0
PhysicLine,989.0,1041.0,989.0,1041.0
PhysicLine,989.0,1041.0,989.0,1040.0
PhysicLine,989.0,1040.0,989.0,1039.0
PhysicLine,989.0,1039.0,989.0,1038.0
PhysicLine,989.0,1038.0,989.0,1037.0
PhysicLine,989.0,1037.0,989.0,1036.0
PhysicLine,989.0,1036.0,989.0,1036.0
PhysicLine,1002.0,1042.0,1002.0,1042.0
PhysicLine,1002.0,1042.0,1002.0,1042.0
PhysicLine,1002.0,1042.0,1002.0,1041.0
PhysicLine,1002.0,1041.0,1002.0,1040.0
PhysicLine,1002.0,1040.0,1002.0,1038.0
PhysicLine,1002.0,1038.0,1002.0,1038.0
PhysicLine,1002.0,1038.0,1002.0,1037.0
PhysicLine,1002.0,1037.0,1002.0,1037.0
PhysicLine,1002.0,1037.0,1002.0,1036.0
PhysicLine,1002.0,1036.0,1002.0,1036.0
PhysicLine,1002.0,1036.0,1002.0,1036.0
PhysicLine,1002.0,1036.0,1002.0,1035.0
PhysicLine,1002.0,1035.0,1003.0,1035.0
PhysicLine,1003.0,1035.0,1003.0,1035.0
PhysicLine,1003.0,1035.0,1003.0,1035.0
PhysicLine,1003.0,1035.0,1003.0,1034.0
PhysicLine,909.0,1058.0,909.0,1058.0
PhysicLine,909.0,1058.0,909.0,1058.0
PhysicLine,909.0,1058.0,910.0,1058.0
PhysicLine,910.0,1058.0,910.0,1058.0
PhysicLine,910.0,1058.0,911.0,1058.0
PhysicLine,911.0,1058.0,911.0,1058.0
PhysicLine,911.0,1058.0,912.0,1058.0
PhysicLine,912.0,1058.0,914.0,1058.0
PhysicLine,914.0,1058.0,914.0,1058.0
PhysicLine,914.0,1058.0,915.0,1058.0
PhysicLine,915.0,1058.0,916.0,1058.0
PhysicLine,916.0,1058.0,918.0,1058.0
PhysicLine,918.0,1058.0,919.0,1058.0
PhysicLine,919.0,1058.0,920.0,1058.0
PhysicLine,920.0,1058.0,922.0,1058.0
PhysicLine,922.0,1058.0,923.0,1058.0
PhysicLine,923.0,1058.0,924.0,1059.0
PhysicLine,924.0,1059.0,925.0,1059.0
PhysicLine,925.0,1059.0,925.0,1059.0
PhysicLine,925.0,1059.0,926.0,1059.0
PhysicLine,926.0,1059.0,927.0,1059.0
PhysicLine,927.0,1059.0,927.0,1059.0
PhysicLine,927.0,1059.0,928.0,1059.0
PhysicLine,928.0,1059.0,929.0,1059.0
PhysicLine,929.0,1059.0,930.0,1060.0
PhysicLine,930.0,1060.0,931.0,1060.0
PhysicLine,931.0,1060.0,931.0,1060.0
PhysicLine,931.0,1060.0,931.0,1060.0
PhysicLine,931.0,1060.0,932.0,1060.0
PhysicLine,932.0,1060.0,932.0,1060.0
PhysicLine,932.0,1060.0,934.0,1061.0
PhysicLine,934.0,1061.0,935.0,1061.0
PhysicLine,935.0,1061.0,936.0,1061.0
PhysicLine,936.0,1061.0,937.0,1062.0
PhysicLine,937.0,1062.0,938.0,1062.0
PhysicLine,938.0,1062.0,938.0,1062.0
PhysicLine,938.0,1062.0,938.0,1062.0
PhysicLine,938.0,1062.0,939.0,1062.0
PhysicLine,939.0,1062.0,939.0,1062.0
PhysicLine,939.0,1062.0,940.0,1062.0
PhysicLine,940.0,1062.0,941.0,1062.0
PhysicLine,941.0,1062.0,942.0,1062.0
PhysicLine,942.0,1062.0,942.0,1062.0
PhysicLine,942.0,1062.0,943.0,1062.0
PhysicLine,952.0,1065.0,953.0,1065.0
PhysicLine,953.0,1065.0,953.0,1065.0
PhysicLine,953.0,1065.0,954.0,1065.0
PhysicLine,954.0,1065.0,956.0,1065.0
PhysicLine,956.0,1065.0,957.0,1065.0
PhysicLine,957.0,1065.0,959.0,1066.0
PhysicLine,959.0,1066.0,961.0,1067.0
PhysicLine,961.0,1067.0,963.0,1068.0
PhysicLine,963.0,1068.0,964.0,1068.0
PhysicLine,964.0,1068.0,964.0,1069.0
PhysicLine,964.0,1069.0,965.0,1069.0
PhysicLine,965.0,1069.0,966.0,1069.0
PhysicLine,966.0,1069.0,967.0,1070.0
PhysicLine,967.0,1070.0,969.0,1070.0
PhysicLine,969.0,1070.0,971.0,1071.0
PhysicLine,971.0,1071.0,972.0,1071.0
PhysicLine,972.0,1071.0,973.0,1072.0
PhysicLine,973.0,1072.0,974.0,1072.0
PhysicLine,974.0,1072.0,974.0,1072.0
PhysicLine,974.0,1072.0,974.0,1072.0
PhysicLine,974.0,1072.0,975.0,1072.0
PhysicLine,975.0,1072.0,975.0,1072.0
PhysicLine,975.0,1072.0,976.0,1072.0
PhysicLine,976.0,1072.0,976.0,1072.0
PhysicLine,976.0,1072.0,976.0,1072.0
PhysicLine,976.0,1072.0,976.0,1072.0
PhysicLine,976.0,1072.0,977.0,1073.0
PhysicLine,977.0,1073.0,978.0,1073.0
PhysicLine,978.0,1073.0,978.0,1073.0
PhysicLine,978.0,1073.0,978.0,1073.0
PhysicLine,978.0,1073.0,979.0,1074.0
PhysicLine,979.0,1074.0,980.0,1074.0
PhysicLine,980.0,1074.0,980.0,1074.0
PhysicLine,980.0,1074.0,981.0,1074.0
PhysicLine,981.0,1074.0,981.0,1074.0
PhysicLine,981.0,1074.0,981.0,1075.0
PhysicLine,981.0,1075.0,981.0,1075.0
PhysicLine,921.0,1028.0,921.0,1028.0
PhysicLine,921.0,1028.0,922.0,1028.0
PhysicLine,922.0,1028.0,924.0,1028.0
PhysicLine,924.0,1028.0,925.0,1028.0
PhysicLine,925.0,1028.0,927.0,1028.0
PhysicLine,927.0,1028.0,928.0,1028.0
PhysicLine,928.0,1028.0,930.0,1028.0
PhysicLine,930.0,1028.0,932.0,1028.0
PhysicLine,932.0,1028.0,934.0,1028.0
PhysicLine,934.0,1028.0,936.0,1028.0
PhysicLine,936.0,1028.0,938.0,1029.0
PhysicLine,938.0,1029.0,940.0,1029.0
PhysicLine,940.0,1029.0,941.0,1030.0
PhysicLine,941.0,1030.0,942.0,1030.0
PhysicLine,942.0,1030.0,942.0,1031.0
PhysicLine,942.0,1031.0,942.0,1031.0
PhysicLine,942.0,1031.0,942.0,1031.0
PhysicLine,942.0,1031.0,942.0,1032.0
PhysicLine,942.0,1032.0,942.0,1032.0
PhysicLine,942.0,1032.0,942.0,1033.0
PhysicLine,942.0,1033.0,942.0,1034.0
PhysicLine,942.0,1034.0,942.0,1035.0
PhysicLine,942.0,1035.0,942.0,1035.0
PhysicLine,942.0,1035.0,942.0,1036.0
PhysicLine,942.0,1036.0,942.0,1036.0
PhysicLine,942.0,1036.0,942.0,1037.0
PhysicLine,942.0,1037.0,941.0,1038.0
PhysicLine,941.0,1038.0,941.0,1038.0
PhysicLine,941.0,1038.0,941.0,1038.0
PhysicLine,941.0,1038.0,941.0,1039.0
PhysicLine,941.0,1039.0,940.0,1040.0
PhysicLine,940.0,1040.0,940.0,1041.0
PhysicLine,940.0,1041.0,940.0,1042.0
PhysicLine,940.0,1042.0,939.0,1043.0
PhysicLine,939.0,1043.0,939.0,1043.0
PhysicLine,939.0,1043.0,939.0,1044.0
PhysicLine,939.0,1044.0,939.0,1044.0
PhysicLine,939.0,1044.0,938.0,1044.0
PhysicLine,938.0,1044.0,938.0,1045.0
PhysicLine,938.0,1045.0,938.0,1045.0
PhysicLine,938.0,1045.0,938.0,1045.0
PhysicLine,938.0,1045.0,938.0,1045.0
PhysicLine,938.0,1045.0,938.0,1046.0
PhysicLine,938.0,1046.0,938.0,1046.0
PhysicLine,938.0,1046.0,938.0,1046.0
PhysicLine,938.0,1046.0,938.0,1046.0
PhysicLine,938.0,1046.0,938.0,1047.0
PhysicLine,959.0,1039.0,959.0,1039.0
PhysicLine,959.0,1039.0,959.0,1039.0
PhysicLine,959.0,1039.0,958.0,1039.0
PhysicLine,958.0,1039.0,958.0,1039.0
PhysicLine,958.0,1039.0,957.0,1039.0
PhysicLine,957.0,1039.0,956.0,1039.0
PhysicLine,956.0,1039.0,955.0,1039.0
PhysicLine,955.0,1039.0,954.0,1038.0
PhysicLine,954.0,1038.0,953.0,1038.0
PhysicLine,953.0,1038.0,952.0,1038.0
PhysicLine,952.0,1038.0,952.0,1037.0
PhysicLine,952.0,1037.0,952.0,1037.0
PhysicLine,952.0,1037.0,951.0,1036.0
PhysicLine,951.0,1036.0,951.0,1036.0
PhysicLine,951.0,1036.0,951.0,1035.0
PhysicLine,951.0,1035.0,951.0,1035.0
PhysicLine,951.0,1035.0,951.0,1034.0
PhysicLine,951.0,1034.0,951.0,1034.0
PhysicLine,951.0,1034.0,951.0,1034.0
PhysicLine,951.0,1034.0,951.0,1033.0
PhysicLine,951.0,1033.0,951.0,1032.0
PhysicLine,951.0,1032.0,951.0,1032.0
PhysicLine,951.0,1032.0,951.0,1031.0
PhysicLine,951.0,1031.0,951.0,1030.0
PhysicLine,951.0,1030.0,951.0,1030.0
PhysicLine,951.0,1030.0,951.0,1029.0
PhysicLine,951.0,1029.0,951.0,1028.0
PhysicLine,951.0,1028.0,951.0,1027.0
PhysicLine,951.0,1027.0,951.0,1027.0
PhysicLine,951.0,1027.0,951.0,1026.0
PhysicLine,951.0,1026.0,951.0,1025.0
PhysicLine,951.0,1025.0,951.0,1025.0
PhysicLine,951.0,1025.0,952.0,1024.0
PhysicLine,952.0,1024.0,952.0,1024.0
PhysicLine,952.0,1024.0,952.0,1023.0
PhysicLine,952.0,1023.0,952.0,1023.0
PhysicLine,952.0,1023.0,953.0,1023.0
PhysicLine,953.0,1023.0,953.0,1022.0
PhysicLine,953.0,1022.0,954.0,1022.0
PhysicLine,954.0,1022.0,954.0,1022.0
PhysicLine,954.0,1022.0,954.0,1022.0
PhysicLine,954.0,1022.0,955.0,1022.0
PhysicLine,955.0,1022.0,955.0,1022.0
PhysicLine,955.0,1022.0,956.0,1022.0
PhysicLine,956.0,1022.0,957.0,1022.0
PhysicLine,957.0,1022.0,958.0,1022.0
PhysicLine,958.0,1022.0,959.0,1022.0
PhysicLine,959.0,1022.0,959.0,1022.0
PhysicLine,959.0,1022.0,960.0,1022.0
PhysicLine,960.0,1022.0,961.0,1022.0
PhysicLine,961.0,1022.0,961.0,1022.0
PhysicLine,961.0,1022.0,962.0,1023.0
PhysicLine,962.0,1023.0,963.0,1023.0
PhysicLine,963.0,1023.0,963.0,1023.0
PhysicLine,963.0,1023.0,963.0,1024.0
PhysicLine,963.0,1024.0,964.0,1025.0
PhysicLine,964.0,1025.0,964.0,1026.0
PhysicLine,964.0,1026.0,964.0,1026.0
PhysicLine,964.0,1026.0,965.0,1027.0
PhysicLine,965.0,1027.0,965.0,1027.0
PhysicLine,965.0,1027.0,965.0,1028.0
PhysicLine,965.0,1028.0,965.0,1029.0
PhysicLine,965.0,1029.0,965.0,1029.0
PhysicLine,965.0,1029.0,965.0,1030.0
PhysicLine,965.0,1030.0,965.0,1031.0
PhysicLine,965.0,1031.0,965.0,1032.0
PhysicLine,965.0,1032.0,965.0,1032.0
PhysicLine,965.0,1032.0,965.0,1033.0
PhysicLine,965.0,1033.0,965.0,1033.0
PhysicLine,965.0,1033.0,965.0,1034.0
PhysicLine,965.0,1034.0,965.0,1034.0
PhysicLine,965.0,1034.0,965.0,1035.0
PhysicLine,965.0,1035.0,965.0,1036.0
PhysicLine,965.0,1036.0,965.0,1036.0
PhysicLine,965.0,1036.0,964.0,1037.0
PhysicLine,964.0,1037.0,964.0,1038.0
PhysicLine,964.0,1038.0,963.0,1038.0
PhysicLine,963.0,1038.0,963.0,1038.0
PhysicLine,963.0,1038.0,963.0,1039.0
PhysicLine,963.0,1039.0,962.0,1039.0
PhysicLine,962.0,1039.0,962.0,1039.0
PhysicLine,962.0,1039.0,961.0,1040.0
PhysicLine,961.0,1040.0,960.0,1040.0
PhysicLine,960.0,1040.0,960.0,1040.0
PhysicLine,960.0,1040.0,959.0,1041.0
PhysicLine,959.0,1041.0,959.0,1041.0
PhysicLine,959.0,1041.0,958.0,1041.0
PhysicLine,958.0,1041.0,958.0,1041.0
PhysicLine,958.0,1041.0,958.0,1041.0
PhysicLine,958.0,1041.0,957.0,1041.0
PhysicLine,957.0,1041.0,957.0,1041.0
PhysicLine,944.0,1015.0,944.0,1015.0
PhysicLine,944.0,1015.0,944.0,1014.0
PhysicLine,944.0,1014.0,944.0,1013.0
PhysicLine,944.0,1013.0,944.0,1013.0
PhysicLine,944.0,1013.0,944.0,1013.0
PhysicLine,944.0,1013.0,944.0,1012.0
PhysicLine,944.0,1012.0,944.0,1012.0
PhysicLine,944.0,1012.0,944.0,1011.0
PhysicLine,944.0,1011.0,945.0,1011.0
PhysicLine,945.0,1011.0,945.0,1010.0
PhysicLine,945.0,1010.0,945.0,1010.0
PhysicLine,945.0,1010.0,945.0,1009.0
PhysicLine,945.0,1009.0,945.0,1009.0
PhysicLine,945.0,1009.0,945.0,1009.0
PhysicLine,945.0,1009.0,945.0,1008.0
PhysicLine,945.0,1008.0,945.0,1008.0
PhysicLine,945.0,1008.0,945.0,1008.0
PhysicLine,945.0,1008.0,945.0,1008.0
PhysicLine,945.0,1008.0,945.0,1007.0
PhysicLine,945.0,1007.0,945.0,1007.0
PhysicLine,945.0,1007.0,945.0,1007.0
PhysicLine,921.0,1008.0,921.0,1008.0
PhysicLine,921.0,1008.0,921.0,1008.0
PhysicLine,921.0,1008.0,923.0,1008.0
PhysicLine,923.0,1008.0,923.0,1008.0
PhysicLine,923.0,1008.0,925.0,1008.0
PhysicLine,925.0,1008.0,926.0,1008.0
PhysicLine,926.0,1008.0,928.0,1008.0
PhysicLine,928.0,1008.0,930.0,1008.0
PhysicLine,930.0,1008.0,931.0,1008.0
PhysicLine,931.0,1008.0,932.0,1008.0
PhysicLine,932.0,1008.0,934.0,1008.0
PhysicLine,934.0,1008.0,936.0,1008.0
PhysicLine,936.0,1008.0,937.0,1008.0
PhysicLine,937.0,1008.0,939.0,1008.0
PhysicLine,939.0,1008.0,941.0,1008.0
PhysicLine,941.0,1008.0,942.0,1008.0
PhysicLine,942.0,1008.0,944.0,1008.0
PhysicLine,944.0,1008.0,945.0,1008.0
PhysicLine,945.0,1008.0,946.0,1008.0
PhysicLine,946.0,1008.0,947.0,1008.0
PhysicLine,947.0,1008.0,948.0,1008.0
PhysicLine,948.0,1008.0,950.0,1008.0
PhysicLine,950.0,1008.0,951.0,1008.0
PhysicLine,951.0,1008.0,952.0,1008.0
PhysicLine,952.0,1008.0,953.0,1008.0
PhysicLine,953.0,1008.0,955.0,1008.0
PhysicLine,955.0,1008.0,957.0,1008.0
PhysicLine,957.0,1008.0,958.0,1008.0
PhysicLine,958.0,1008.0,960.0,1009.0
PhysicLine,960.0,1009.0,961.0,1009.0
PhysicLine,961.0,1009.0,961.0,1009.0
PhysicLine,961.0,1009.0,962.0,1009.0
PhysicLine,962.0,1009.0,962.0,1009.0
PhysicLine,962.0,1009.0,964.0,1009.0
PhysicLine,964.0,1009.0,965.0,1009.0
PhysicLine,965.0,1009.0,968.0,1009.0
PhysicLine,968.0,1009.0,970.0,1009.0
PhysicLine,970.0,1009.0,971.0,1009.0
PhysicLine,971.0,1009.0,971.0,1009.0
PhysicLine,971.0,1009.0,972.0,1009.0
PhysicLine,972.0,1009.0,974.0,1009.0
PhysicLine,974.0,1009.0,975.0,1009.0
PhysicLine,975.0,1009.0,976.0,1009.0
PhysicLine,976.0,1009.0,977.0,1009.0
PhysicLine,977.0,1009.0,978.0,1009.0
PhysicLine,978.0,1009.0,978.0,1009.0
PhysicLine,978.0,1009.0,978.0,1009.0
PhysicLine,921.0,1007.0,921.0,1007.0
PhysicLine,921.0,1007.0,920.0,1007.0
PhysicLine,920.0,1007.0,919.0,1008.0
PhysicLine,919.0,1008.0,918.0,1008.0
PhysicLine,918.0,1008.0,917.0,1008.0
PhysicLine,917.0,1008.0,917.0,1008.0
PhysicLine,917.0,1008.0,917.0,1008.0
PhysicLine,917.0,1008.0,917.0,1009.0
PhysicLine,917.0,1009.0,917.0,1009.0
PhysicLine,917.0,1009.0,917.0,1010.0
PhysicLine,917.0,1010.0,916.0,1011.0
PhysicLine,916.0,1011.0,916.0,1011.0
PhysicLine,916.0,1011.0,915.0,1011.0
PhysicLine,915.0,1011.0,915.0,1011.0
PhysicLine,915.0,1011.0,915.0,1012.0
PhysicLine,915.0,1012.0,915.0,1012.0
PhysicLine,915.0,1012.0,915.0,1012.0
PhysicLine,915.0,1012.0,915.0,1012.0
PhysicLine,915.0,1012.0,915.0,1013.0
PhysicLine,915.0,1013.0,915.0,1013.0
PhysicLine,915.0,1013.0,915.0,1013.0
PhysicLine,915.0,1013.0,915.0,1013.0
PhysicLine,915.0,1013.0,915.0,1014.0
PhysicLine,915.0,1014.0,915.0,1014.0
PhysicLine,915.0,1014.0,915.0,1014.0
PhysicLine,915.0,1014.0,915.0,1015.0
PhysicLine,915.0,1015.0,915.0,1015.0
PhysicLine,1044.0,1034.0,1044.0,1034.0
PhysicLine,1044.0,1034.0,1043.0,1034.0
PhysicLine,1043.0,1034.0,1043.0,1034.0
PhysicLine,1043.0,1034.0,1042.0,1034.0
PhysicLine,1042.0,1034.0,1042.0,1035.0
PhysicLine,1042.0,1035.0,1041.0,1036.0
PhysicLine,1041.0,1036.0,1041.0,1036.0
PhysicLine,1041.0,1036.0,1041.0,1036.0
PhysicLine,1041.0,1036.0,1041.0,1037.0
PhysicLine,1041.0,1037.0,1040.0,1038.0
PhysicLine,1040.0,1038.0,1039.0,1039.0
PhysicLine,1039.0,1039.0,1038.0,1041.0
PhysicLine,1038.0,1041.0,1037.0,1042.0
PhysicLine,1037.0,1042.0,1036.0,1043.0
PhysicLine,1036.0,1043.0,1036.0,1044.0
PhysicLine,1036.0,1044.0,1036.0,1044.0
PhysicLine,1036.0,1044.0,1036.0,1045.0
PhysicLine,1036.0,1045.0,1035.0,1048.0
PhysicLine,1035.0,1048.0,1035.0,1049.0
PhysicLine,1035.0,1049.0,1035.0,1050.0
PhysicLine,1035.0,1050.0,1035.0,1050.0
PhysicLine,1035.0,1050.0,1035.0,1051.0
PhysicLine,1035.0,1051.0,1035.0,1051.0
PhysicLine,1035.0,1051.0,1035.0,1052.0
PhysicLine,1035.0,1052.0,1035.0,1053.0
PhysicLine,1035.0,1053.0,1035.0,1053.0
PhysicLine,1035.0,1053.0,1035.0,1054.0
PhysicLine,1035.0,1054.0,1035.0,1054.0
PhysicLine,1035.0,1054.0,1036.0,1054.0
PhysicLine,1036.0,1054.0,1036.0,1054.0
PhysicLine,1036.0,1054.0,1037.0,1054.0
PhysicLine,1037.0,1054.0,1037.0,1055.0
PhysicLine,1037.0,1055.0,1038.0,1055.0
PhysicLine,1038.0,1055.0,1038.0,1055.0
PhysicLine,1038.0,1055.0,1039.0,1055.0
PhysicLine,1039.0,1055.0,1040.0,1055.0
PhysicLine,1040.0,1055.0,1040.0,1055.0
PhysicLine,1040.0,1055.0,1041.0,1055.0
PhysicLine,1041.0,1055.0,1042.0,1055.0
PhysicLine,1042.0,1055.0,1043.0,1055.0
PhysicLine,1043.0,1055.0,1044.0,1056.0
PhysicLine,1044.0,1056.0,1045.0,1056.0
PhysicLine,1045.0,1056.0,1046.0,1056.0
PhysicLine,1046.0,1056.0,1046.0,1056.0
PhysicLine,1046.0,1056.0,1047.0,1056.0
PhysicLine,1047.0,1056.0,1047.0,1056.0
PhysicLine,1047.0,1056.0,1047.0,1056.0
PhysicLine,1047.0,1056.0,1048.0,1056.0
PhysicLine,1048.0,1056.0,1048.0,1055.0
PhysicLine,1048.0,1055.0,1049.0,1055.0
PhysicLine,1049.0,1055.0,1050.0,1055.0
PhysicLine,1050.0,1055.0,1051.0,1054.0
PhysicLine,1051.0,1054.0,1052.0,1053.0
PhysicLine,1052.0,1053.0,1053.0,1053.0
PhysicLine,1053.0,1053.0,1054.0,1053.0
PhysicLine,1054.0,1053.0,1054.0,1052.0
PhysicLine,1054.0,1052.0,1055.0,1052.0
PhysicLine,1055.0,1052.0,1055.0,1051.0
PhysicLine,1055.0,1051.0,1055.0,1051.0
PhysicLine,1055.0,1051.0,1055.0,1050.0
PhysicLine,1055.0,1050.0,1055.0,1049.0
PhysicLine,1055.0,1049.0,1055.0,1048.0
PhysicLine,1055.0,1048.0,1055.0,1047.0
PhysicLine,1055.0,1047.0,1055.0,1046.0
PhysicLine,1055.0,1046.0,1055.0,1045.0
PhysicLine,1055.0,1045.0,1054.0,1044.0
PhysicLine,1054.0,1044.0,1054.0,1043.0
PhysicLine,1054.0,1043.0,1054.0,1043.0
PhysicLine,1054.0,1043.0,1053.0,1042.0
PhysicLine,1053.0,1042.0,1053.0,1041.0
PhysicLine,1053.0,1041.0,1052.0,1040.0
PhysicLine,1052.0,1040.0,1052.0,1040.0
PhysicLine,1052.0,1040.0,1052.0,1039.0
PhysicLine,1052.0,1039.0,1052.0,1039.0
PhysicLine,1052.0,1039.0,1051.0,1038.0
PhysicLine,1051.0,1038.0,1051.0,1038.0
PhysicLine,1051.0,1038.0,1051.0,1037.0
PhysicLine,1051.0,1037.0,1050.0,1037.0
PhysicLine,1050.0,1037.0,1050.0,1036.0
PhysicLine,1050.0,1036.0,1050.0,1036.0
PhysicLine,1050.0,1036.0,1049.0,1036.0
PhysicLine,1049.0,1036.0,1049.0,1035.0
PhysicLine,1049.0,1035.0,1048.0,1035.0
PhysicLine,1048.0,1035.0,1048.0,1035.0
PhysicLine,1048.0,1035.0,1048.0,1034.0
PhysicLine,1048.0,1034.0,1047.0,1034.0
PhysicLine,1047.0,1034.0,1047.0,1034.0
PhysicLine,1047.0,1034.0,1047.0,1034.0
PhysicLine,1047.0,1034.0,1046.0,1034.0
PhysicLine,1046.0,1034.0,1046.0,1034.0
PhysicLine,1046.0,1034.0,1046.0,1034.0
PhysicLine,1046.0,1034.0,1046.0,1034.0
PhysicLine,1046.0,1034.0,1046.0,1033.0
PhysicLine,1046.0,1033.0,1046.0,1033.0
PhysicLine,1046.0,1033.0,1046.0,1032.0
PhysicLine,1046.0,1032.0,1046.0,1032.0
PhysicLine,1046.0,1032.0,1046.0,1033.0
PhysicLine,1046.0,1044.0,1046.0,1044.0
PhysicLine,1046.0,1044.0,1046.0,1044.0
PhysicLine,1046.0,1044.0,1046.0,1045.0
PhysicLine,1046.0,1045.0,1046.0,1045.0
PhysicLine,1046.0,1045.0,1046.0,1045.0
PhysicLine,1046.0,1045.0,1046.0,1045.0
PhysicLine,1046.0,1045.0,1046.0,1046.0
PhysicLine,1046.0,1046.0,1046.0,1046.0
PhysicLine,1046.0,1046.0,1047.0,1046.0
PhysicLine,1047.0,1046.0,1047.0,1046.0
PhysicLine,1047.0,1046.0,1048.0,1046.0
PhysicLine,1048.0,1046.0,1048.0,1046.0
PhysicLine,1048.0,1046.0,1048.0,1047.0
PhysicLine,1048.0,1047.0,1049.0,1047.0
PhysicLine,1049.0,1047.0,1049.0,1047.0
PhysicLine,1049.0,1047.0,1048.0,1047.0
PhysicLine,1048.0,1047.0,1048.0,1047.0
PhysicLine,1048.0,1047.0,1047.0,1046.0
PhysicLine,1047.0,1046.0,1047.0,1046.0
PhysicLine,1047.0,1046.0,1046.0,1046.0
PhysicLine,1046.0,1046.0,1046.0,1046.0
PhysicLine,1046.0,1046.0,1046.0,1046.0
PhysicLine,1046.0,1046.0,1046.0,1046.0
PhysicLine,1046.0,1046.0,1046.0,1046.0
PhysicLine,1046.0,1046.0,1046.0,1046.0
PhysicLine,1046.0,1046.0,1046.0,1045.0
PhysicLine,1046.0,1045.0,1046.0,1045.0
PhysicLine,1046.0,1045.0,1046.0,1044.0
PhysicLine,1046.0,1044.0,1046.0,1044.0
PhysicLine,1046.0,1044.0,1045.0,1044.0
PhysicLine,1045.0,1044.0,1045.0,1044.0
PhysicLine,1045.0,1044.0,1045.0,1044.0
PhysicLine,1045.0,1044.0,1045.0,1045.0
PhysicLine,1045.0,1045.0,1045.0,1045.0
PhysicLine,1045.0,1045.0,1045.0,1046.0
PhysicLine,1045.0,1046.0,1045.0,1046.0
PhysicLine,1045.0,1046.0,1045.0,1046.0
PhysicLine,1045.0,1046.0,1045.0,1046.0
PhysicLine,1045.0,1046.0,1045.0,1046.0
PhysicLine,1045.0,1046.0,1045.0,1046.0
PhysicLine,1045.0,1046.0,1045.0,1046.0
PhysicLine,1045.0,1046.0,1045.0,1046.0
PhysicLine,1045.0,1046.0,1046.0,1046.0
PhysicLine,1046.0,1046.0,1046.0,1046.0
PhysicLine,1046.0,1046.0,1047.0,1046.0
PhysicLine,1047.0,1046.0,1046.0,1046.0
PhysicLine,1046.0,1046.0,1046.0,1046.0
PhysicLine,1046.0,1046.0,1046.0,1046.0
PhysicLine,1046.0,1046.0,1046.0,1046.0
PhysicLine,1046.0,1046.0,1046.0,1046.0
PhysicLine,1046.0,1046.0,1046.0,1046.0
PhysicLine,1046.0,1046.0,1046.0,1046.0
PhysicLine,1046.0,1046.0,1046.0,1047.0
PhysicLine,1046.0,1047.0,1046.0,1047.0
PhysicLine,1046.0,1047.0,1046.0,1047.0
PhysicLine,1046.0,1047.0,1045.0,1047.0
PhysicLine,1045.0,1047.0,1045.0,1047.0
PhysicLine,1045.0,1047.0,1044.0,1047.0
PhysicLine,1044.0,1047.0,1044.0,1047.0
PhysicLine,1044.0,1047.0,1044.0,1047.0
PhysicLine,1044.0,1047.0,1043.0,1047.0
PhysicLine,1043.0,1047.0,1042.0,1048.0
PhysicLine,1042.0,1048.0,1042.0,1048.0
PhysicLine,1042.0,1048.0,1041.0,1048.0
PhysicLine,1041.0,1048.0,1041.0,1048.0
PhysicLine,1041.0,1048.0,1041.0,1048.0
PhysicLine,1041.0,1048.0,1040.0,1049.0
PhysicLine,1040.0,1049.0,1039.0,1049.0
PhysicLine,1039.0,1049.0,1039.0,1050.0
PhysicLine,1039.0,1050.0,1038.0,1050.0
PhysicLine,1048.0,1044.0,1048.0,1044.0
PhysicLine,1048.0,1044.0,1048.0,1043.0
PhysicLine,1048.0,1043.0,1048.0,1039.0
PhysicLine,1048.0,1039.0,1048.0,1034.0
PhysicLine,1048.0,1034.0,1048.0,1030.0
PhysicLine,1048.0,1030.0,1048.0,1028.0
PhysicLine,1048.0,1028.0,1048.0,1028.0
PhysicLine,1048.0,1028.0,1048.0,1027.0
PhysicLine,1047.0,1048.0,1047.0,1048.0
PhysicLine,1047.0,1048.0,1048.0,1048.0
PhysicLine,1048.0,1048.0,1048.0,1048.0
PhysicLine,1048.0,1048.0,1049.0,1048.0
PhysicLine,1049.0,1048.0,1049.0,1048.0
PhysicLine,1049.0,1048.0,1049.0,1048.0
PhysicLine,1049.0,1048.0,1050.0,1048.0
PhysicLine,1050.0,1048.0,1050.0,1048.0
PhysicLine,1050.0,1048.0,1050.0,1048.0
PhysicLine,1050.0,1048.0,1050.0,1048.0
PhysicLine,1050.0,1048.0,1051.0,1048.0
PhysicLine,1051.0,1048.0,1051.0,1049.0
PhysicLine,1051.0,1049.0,1051.0,1049.0
PhysicLine,1051.0,1049.0,1052.0,1049.0
PhysicLine,1052.0,1049.0,1052.0,1049.0
PhysicLine,1052.0,1049.0,1053.0,1049.0
PhysicLine,1053.0,1049.0,1053.0,1049.0
DecoLine,3337.0,-1528.0,3337.0,-1528.0
DecoLine,3337.0,-1528.0,3337.0,-1526.0
DecoLine,3337.0,-1526.0,3337.0,-1518.0
DecoLine,3337.0,-1518.0,3337.0,-1499.0
DecoLine,3337.0,-1499.0,3337.0,-1472.0
DecoLine,3337.0,-1472.0,3337.0,-1456.0
DecoLine,3337.0,-1456.0,3337.0,-1442.0
DecoLine,3337.0,-1442.0,3337.0,-1432.0
DecoLine,3337.0,-1432.0,3337.0,-1426.0
DecoLine,3337.0,-1426.0,3337.0,-1423.0
DecoLine,3337.0,-1423.0,3337.0,-1422.0
DecoLine,3337.0,-1422.0,3337.0,-1421.0
DecoLine,3337.0,-1421.0,3336.0,-1421.0
DecoLine,3336.0,-1421.0,3336.0,-1421.0
DecoLine,3336.0,-1421.0,3336.0,-1421.0
DecoLine,3336.0,-1421.0,3336.0,-1421.0
DecoLine,3336.0,-1421.0,3335.0,-1421.0
DecoLine,3306.0,-1419.0,3307.0,-1419.0
DecoLine,3307.0,-1419.0,3315.0,-1418.0
DecoLine,3315.0,-1418.0,3318.0,-1417.0
DecoLine,3318.0,-1417.0,3329.0,-1412.0
DecoLine,3329.0,-1412.0,3333.0,-1411.0
DecoLine,3333.0,-1411.0,3342.0,-1406.0
DecoLine,3342.0,-1406.0,3349.0,-1402.0
DecoLine,3349.0,-1402.0,3357.0,-1396.0
DecoLine,3357.0,-1396.0,3364.0,-1391.0
DecoLine,3364.0,-1391.0,3370.0,-1385.0
DecoLine,3370.0,-1385.0,3376.0,-1381.0
DecoLine,3376.0,-1381.0,3381.0,-1375.0
DecoLine,3381.0,-1375.0,3385.0,-1371.0
DecoLine,3385.0,-1371.0,3388.0,-1367.0
DecoLine,3388.0,-1367.0,3389.0,-1365.0
DecoLine,3389.0,-1365.0,3390.0,-1364.0
DecoLine,3390.0,-1364.0,3390.0,-1364.0
DecoLine,3390.0,-1364.0,3390.0,-1363.0
DecoLine,3390.0,-1363.0,3390.0,-1363.0
DecoLine,3390.0,-1363.0,3390.0,-1363.0
DecoLine,3390.0,-1363.0,3390.0,-1362.0
DecoLine,3390.0,-1362.0,3391.0,-1361.0
DecoLine,3391.0,-1361.0,3393.0,-1358.0
DecoLine,3393.0,-1358.0,3396.0,-1355.0
DecoLine,3396.0,-1355.0,3397.0,-1353.0
DecoLine,3397.0,-1353.0,3398.0,-1352.0
DecoLine,3398.0,-1352.0,3398.0,-1352.0
DecoLine,3398.0,-1352.0,3398.0,-1352.0
DecoLine,3398.0,-1352.0,3398.0,-1352.0
DecoLine,3398.0,-1352.0,3398.0,-1351.0
DecoLine,3398.0,-1351.0,3399.0,-1351.0
DecoLine,3399.0,-1351.0,3399.0,-1351.0
DecoLine,3399.0,-1351.0,3399.0,-1351.0
DecoLine,3399.0,-1351.0,3399.0,-1350.0
DecoLine,3399.0,-1350.0,3399.0,-1350.0
DecoLine,3399.0,-1350.0,3399.0,-1350.0
DecoLine,3399.0,-1350.0,3399.0,-1349.0
DecoLine,3399.0,-1349.0,3399.0,-1349.0
DecoLine,3399.0,-1349.0,3399.0,-1349.0
DecoLine,3399.0,-1349.0,3399.0,-1349.0
DecoLine,3399.0,-1349.0,3399.0,-1348.0
DecoLine,3399.0,-1348.0,3399.0,-1348.0
DecoLine,3399.0,-1348.0,3399.0,-1348.0
DecoLine,3399.0,-1348.0,3399.0,-1348.0
DecoLine,3399.0,-1348.0,3399.0,-1349.0
DecoLine,3399.0,-1349.0,3399.0,-1351.0
DecoLine,3399.0,-1351.0,3399.0,-1353.0
DecoLine,3399.0,-1353.0,3399.0,-1356.0
DecoLine,3399.0,-1356.0,3399.0,-1358.0
DecoLine,3399.0,-1358.0,3400.0,-1361.0
DecoLine,3400.0,-1361.0,3401.0,-1365.0
DecoLine,3401.0,-1365.0,3402.0,-1369.0
DecoLine,3402.0,-1369.0,3406.0,-1375.0
DecoLine,3406.0,-1375.0,3410.0,-1380.0
DecoLine,3410.0,-1380.0,3413.0,-1385.0
DecoLine,3413.0,-1385.0,3416.0,-1388.0
DecoLine,3416.0,-1388.0,3420.0,-1393.0
DecoLine,3420.0,-1393.0,3427.0,-1399.0
DecoLine,3427.0,-1399.0,3430.0,-1402.0
DecoLine,3430.0,-1402.0,3435.0,-1405.0
DecoLine,3435.0,-1405.0,3441.0,-1408.0
DecoLine,3441.0,-1408.0,3446.0,-1411.0
DecoLine,3446.0,-1411.0,3451.0,-1413.0
DecoLine,3451.0,-1413.0,3454.0,-1414.0
DecoLine,3454.0,-1414.0,3461.0,-1416.0
DecoLine,3461.0,-1416.0,3463.0,-1417.0
DecoLine,3463.0,-1417.0,3466.0,-1417.0
DecoLine,3466.0,-1417.0,3472.0,-1417.0
DecoLine,3472.0,-1417.0,3475.0,-1416.0
DecoLine,3475.0,-1416.0,3481.0,-1415.0
DecoLine,3481.0,-1415.0,3486.0,-1413.0
DecoLine,3486.0,-1413.0,3490.0,-1412.0
DecoLine,3490.0,-1412.0,3492.0,-1411.0
DecoLine,3492.0,-1411.0,3493.0,-1410.0
DecoLine,3493.0,-1410.0,3494.0,-1410.0
DecoLine,3494.0,-1410.0,3494.0,-1409.0
DecoLine,3494.0,-1409.0,3495.0,-1409.0
DecoLine,3495.0,-1409.0,3495.0,-1409.0
DecoLine,3495.0,-1409.0,3495.0,-1408.0
DecoLine,3495.0,-1408.0,3495.0,-1408.0
DecoLine,3495.0,-1408.0,3495.0,-1407.0
DecoLine,3495.0,-1407.0,3495.0,-1407.0
DecoLine,3495.0,-1407.0,3495.0,-1407.0
DecoLine,3495.0,-1407.0,3495.0,-1406.0
DecoLine,3495.0,-1406.0,3495.0,-1406.0
DecoLine,3359.0,-1418.0,3359.0,-1418.0
DecoLine,3359.0,-1418.0,3359.0,-1418.0
DecoLine,3359.0,-1418.0,3360.0,-1417.0
DecoLine,3360.0,-1417.0,3361.0,-1417.0
DecoLine,3361.0,-1417.0,3363.0,-1415.0
DecoLine,3363.0,-1415.0,3364.0,-1413.0
DecoLine,3364.0,-1413.0,3365.0,-1412.0
DecoLine,3365.0,-1412.0,3368.0,-1409.0
DecoLine,3368.0,-1409.0,3369.0,-1407.0
DecoLine,3369.0,-1407.0,3372.0,-1403.0
DecoLine,3372.0,-1403.0,3373.0,-1401.0
DecoLine,3373.0,-1401.0,3375.0,-1399.0
DecoLine,3375.0,-1399.0,3377.0,-1397.0
DecoLine,3377.0,-1397.0,3379.0,-1395.0
DecoLine,3379.0,-1395.0,3380.0,-1392.0
DecoLine,3380.0,-1392.0,3381.0,-1390.0
DecoLine,3381.0,-1390.0,3382.0,-1389.0
DecoLine,3382.0,-1389.0,3383.0,-1388.0
DecoLine,3383.0,-1388.0,3384.0,-1386.0
DecoLine,3384.0,-1386.0,3385.0,-1385.0
DecoLine,3385.0,-1385.0,3386.0,-1383.0
DecoLine,3386.0,-1383.0,3386.0,-1383.0
DecoLine,3386.0,-1383.0,3387.0,-1382.0
DecoLine,3387.0,-1382.0,3387.0,-1381.0
DecoLine,3387.0,-1381.0,3388.0,-1380.0
DecoLine,3388.0,-1380.0,3389.0,-1378.0
DecoLine,3389.0,-1378.0,3389.0,-1377.0
DecoLine,3389.0,-1377.0,3390.0,-1374.0
DecoLine,3390.0,-1374.0,3392.0,-1372.0
DecoLine,3392.0,-1372.0,3393.0,-1371.0
DecoLine,3393.0,-1371.0,3393.0,-1370.0
DecoLine,3393.0,-1370.0,3394.0,-1369.0
DecoLine,3394.0,-1369.0,3394.0,-1369.0
DecoLine,3394.0,-1369.0,3394.0,-1368.0
DecoLine,3394.0,-1368.0,3394.0,-1366.0
DecoLine,3394.0,-1366.0,3395.0,-1366.0
DecoLine,3395.0,-1366.0,3395.0,-1365.0
DecoLine,3395.0,-1365.0,3395.0,-1365.0
DecoLine,3385.0,-1412.0,3385.0,-1411.0
DecoLine,3385.0,-1411.0,3386.0,-1409.0
DecoLine,3386.0,-1409.0,3386.0,-1407.0
DecoLine,3386.0,-1407.0,3387.0,-1405.0
DecoLine,3387.0,-1405.0,3387.0,-1403.0
DecoLine,3387.0,-1403.0,3388.0,-1400.0
DecoLine,3388.0,-1400.0,3388.0,-1398.0
DecoLine,3388.0,-1398.0,3389.0,-1395.0
DecoLine,3389.0,-1395.0,3390.0,-1392.0
DecoLine,3390.0,-1392.0,3391.0,-1389.0
DecoLine,3391.0,-1389.0,3392.0,-1386.0
DecoLine,3392.0,-1386.0,3392.0,-1384.0
DecoLine,3392.0,-1384.0,3393.0,-1382.0
DecoLine,3393.0,-1382.0,3394.0,-1379.0
DecoLine,3394.0,-1379.0,3394.0,-1377.0
DecoLine,3394.0,-1377.0,3395.0,-1375.0
DecoLine,3395.0,-1375.0,3395.0,-1374.0
DecoLine,3395.0,-1374.0,3395.0,-1373.0
DecoLine,3395.0,-1373.0,3395.0,-1372.0
DecoLine,3395.0,-1372.0,3395.0,-1370.0
DecoLine,3395.0,-1370.0,3396.0,-1369.0
DecoLine,3396.0,-1369.0,3396.0,-1368.0
DecoLine,3396.0,-1368.0,3396.0,-1367.0
DecoLine,3396.0,-1367.0,3396.0,-1367.0
DecoLine,3396.0,-1367.0,3396.0,-1366.0
DecoLine,3410.0,-1410.0,3410.0,-1410.0
DecoLine,3410.0,-1410.0,3410.0,-1410.0
DecoLine,3410.0,-1410.0,3410.0,-1409.0
DecoLine,3410.0,-1409.0,3410.0,-1408.0
DecoLine,3410.0,-1408.0,3410.0,-1407.0
DecoLine,3410.0,-1407.0,3410.0,-1406.0
DecoLine,3410.0,-1406.0,3410.0,-1405.0
DecoLine,3410.0,-1405.0,3410.0,-1404.0
DecoLine,3410.0,-1404.0,3410.0,-1403.0
DecoLine,3410.0,-1403.0,3409.0,-1402.0
DecoLine,3409.0,-1402.0,3408.0,-1400.0
DecoLine,3408.0,-1400.0,3407.0,-1397.0
DecoLine,3407.0,-1397.0,3406.0,-1395.0
DecoLine,3406.0,-1395.0,3404.0,-1390.0
DecoLine,3404.0,-1390.0,3404.0,-1389.0
DecoLine,3404.0,-1389.0,3403.0,-1387.0
DecoLine,3403.0,-1387.0,3403.0,-1386.0
DecoLine,3403.0,-1386.0,3403.0,-1386.0
DecoLine,3403.0,-1386.0,3402.0,-1385.0
DecoLine,3402.0,-1385.0,3402.0,-1384.0
DecoLine,3402.0,-1384.0,3401.0,-1382.0
DecoLine,3401.0,-1382.0,3400.0,-1380.0
DecoLine,3400.0,-1380.0,3399.0,-1378.0
DecoLine,3399.0,-1378.0,3399.0,-1377.0
DecoLine,3399.0,-1377.0,3399.0,-1377.0
DecoLine,3399.0,-1377.0,3398.0,-1376.0
DecoLine,3398.0,-1376.0,3398.0,-1375.0
DecoLine,3398.0,-1375.0,3398.0,-1374.0
DecoLine,3398.0,-1374.0,3398.0,-1373.0
DecoLine,3398.0,-1373.0,3398.0,-1372.0
DecoLine,3398.0,-1372.0,3398.0,-1372.0
DecoLine,3398.0,-1372.0,3397.0,-1372.0
DecoLine,3397.0,-1372.0,3397.0,-1370.0
DecoLine,3397.0,-1370.0,3397.0,-1368.0
DecoLine,3397.0,-1368.0,3396.0,-1367.0
DecoLine,3396.0,-1367.0,3396.0,-1366.0
DecoLine,3396.0,-1366.0,3396.0,-1365.0
DecoLine,3396.0,-1365.0,3396.0,-1364.0
DecoLine,3396.0,-1364.0,3396.0,-1363.0
DecoLine,3396.0,-1363.0,3396.0,-1362.0
DecoLine,3396.0,-1362.0,3395.0,-1361.0
DecoLine,3395.0,-1361.0,3395.0,-1361.0
DecoLine,3395.0,-1361.0,3395.0,-1361.0
DecoLine,3395.0,-1361.0,3395.0,-1361.0
DecoLine,3431.0,-1418.0,3431.0,-1418.0
DecoLine,3431.0,-1418.0,3430.0,-1418.0
DecoLine,3430.0,-1418.0,3429.0,-1417.0
DecoLine,3429.0,-1417.0,3427.0,-1414.0
DecoLine,3427.0,-1414.0,3426.0,-1413.0
DecoLine,3426.0,-1413.0,3425.0,-1412.0
DecoLine,3425.0,-1412.0,3424.0,-1410.0
DecoLine,3424.0,-1410.0,3423.0,-1409.0
DecoLine,3423.0,-1409.0,3422.0,-1408.0
DecoLine,3422.0,-1408.0,3422.0,-1408.0
DecoLine,3422.0,-1408.0,3421.0,-1407.0
DecoLine,3421.0,-1407.0,3421.0,-1407.0
DecoLine,3421.0,-1407.0,3421.0,-1407.0
DecoLine,3421.0,-1407.0,3420.0,-1406.0
DecoLine,3420.0,-1406.0,3419.0,-1404.0
DecoLine,3419.0,-1404.0,3418.0,-1403.0
DecoLine,3418.0,-1403.0,3417.0,-1401.0
DecoLine,3417.0,-1401.0,3416.0,-1400.0
DecoLine,3416.0,-1400.0,3415.0,-1400.0
DecoLine,3415.0,-1400.0,3415.0,-1399.0
DecoLine,3415.0,-1399.0,3415.0,-1399.0
DecoLine,3415.0,-1399.0,3414.0,-1398.0
DecoLine,3414.0,-1398.0,3413.0,-1396.0
DecoLine,3413.0,-1396.0,3412.0,-1395.0
DecoLine,3412.0,-1395.0,3411.0,-1394.0
DecoLine,3411.0,-1394.0,3411.0,-1394.0
DecoLine,3411.0,-1394.0,3411.0,-1393.0
DecoLine,3411.0,-1393.0,3410.0,-1392.0
DecoLine,3410.0,-1392.0,3408.0,-1390.0
DecoLine,3408.0,-1390.0,3407.0,-1388.0
DecoLine,3407.0,-1388.0,3406.0,-1386.0
DecoLine,3406.0,-1386.0,3406.0,-1386.0
DecoLine,3406.0,-1386.0,3405.0,-1386.0
DecoLine,3405.0,-1386.0,3405.0,-1385.0
DecoLine,3405.0,-1385.0,3405.0,-1385.0
DecoLine,3405.0,-1385.0,3404.0,-1383.0
DecoLine,3404.0,-1383.0,3404.0,-1382.0
DecoLine,3404.0,-1382.0,3403.0,-1381.0
DecoLine,3403.0,-1381.0,3403.0,-1380.0
DecoLine,3403.0,-1380.0,3403.0,-1380.0
DecoLine,3403.0,-1380.0,3403.0,-1379.0
DecoLine,3403.0,-1379.0,3402.0,-1378.0
DecoLine,3402.0,-1378.0,3402.0,-1376.0
DecoLine,3402.0,-1376.0,3401.0,-1374.0
DecoLine,3401.0,-1374.0,3400.0,-1371.0
DecoLine,3400.0,-1371.0,3400.0,-1369.0
DecoLine,3400.0,-1369.0,3399.0,-1367.0
DecoLine,3399.0,-1367.0,3399.0,-1367.0
DecoLine,3399.0,-1367.0,3399.0,-1366.0
DecoLine,3399.0,-1366.0,3399.0,-1366.0
DecoLine,2080.0,-562.0,2080.0,-562.0
DecoLine,2080.0,-562.0,2082.0,-560.0
DecoLine,2082.0,-560.0,2083.0,-558.0
DecoLine,2083.0,-558.0,2084.0,-556.0
DecoLine,2084.0,-556.0,2085.0,-556.0
DecoLine,2085.0,-556.0,2085.0,-556.0
DecoLine,2085.0,-556.0,2085.0,-555.0
DecoLine,2085.0,-555.0,2086.0,-553.0
DecoLine,2086.0,-553.0,2087.0,-552.0
DecoLine,2087.0,-552.0,2088.0,-550.0
DecoLine,2088.0,-550.0,2089.0,-549.0
DecoLine,2089.0,-549.0,2090.0,-548.0
DecoLine,2090.0,-548.0,2090.0,-548.0
DecoLine,2090.0,-548.0,2090.0,-547.0
DecoLine,2090.0,-547.0,2091.0,-546.0
DecoLine,2091.0,-546.0,2091.0,-544.0
DecoLine,2091.0,-544.0,2092.0,-544.0
DecoLine,2092.0,-544.0,2092.0,-542.0
DecoLine,2092.0,-542.0,2092.0,-542.0
DecoLine,2092.0,-542.0,2092.0,-541.0
DecoLine,2092.0,-541.0,2092.0,-541.0
DecoLine,2092.0,-541.0,2092.0,-541.0
DecoLine,2092.0,-541.0,2092.0,-541.0
DecoLine,2092.0,-541.0,2092.0,-540.0
DecoLine,2092.0,-540.0,2092.0,-539.0
DecoLine,2092.0,-539.0,2092.0,-539.0
DecoLine,2092.0,-539.0,2092.0,-538.0
DecoLine,2092.0,-538.0,2092.0,-538.0
DecoLine,2092.0,-538.0,2091.0,-537.0
DecoLine,2091.0,-537.0,2091.0,-537.0
DecoLine,2091.0,-537.0,2091.0,-536.0
DecoLine,2091.0,-536.0,2090.0,-535.0
DecoLine,2090.0,-535.0,2090.0,-535.0
DecoLine,2090.0,-535.0,2090.0,-534.0
DecoLine,2090.0,-534.0,2089.0,-534.0
DecoLine,2089.0,-534.0,2089.0,-534.0
DecoLine,2089.0,-534.0,2089.0,-534.0
DecoLine,2089.0,-534.0,2088.0,-533.0
DecoLine,2088.0,-533.0,2088.0,-533.0
DecoLine,2088.0,-533.0,2088.0,-533.0
DecoLine,2088.0,-533.0,2088.0,-533.0
DecoLine,2088.0,-533.0,2087.0,-533.0
DecoLine,2087.0,-533.0,2087.0,-533.0
DecoLine,2087.0,-533.0,2087.0,-532.0
DecoLine,2087.0,-532.0,2086.0,-532.0
DecoLine,2086.0,-532.0,2086.0,-532.0
DecoLine,2086.0,-532.0,2086.0,-532.0
DecoLine,2086.0,-532.0,2085.0,-532.0
DecoLine,2085.0,-532.0,2085.0,-532.0
DecoLine,2085.0,-532.0,2085.0,-531.0
DecoLine,2085.0,-531.0,2085.0,-531.0
DecoLine,2085.0,-531.0,2084.0,-531.0
DecoLine,2084.0,-531.0,2084.0,-531.0
DecoLine,2084.0,-531.0,2084.0,-531.0
DecoLine,2084.0,-531.0,2084.0,-531.0
DecoLine,2084.0,-531.0,2084.0,-530.0
DecoLine,2049.0,-585.0,2049.0,-584.0
DecoLine,2049.0,-584.0,2049.0,-584.0
DecoLine,2049.0,-584.0,2049.0,-583.0
DecoLine,2049.0,-583.0,2049.0,-583.0
DecoLine,2049.0,-583.0,2049.0,-582.0
DecoLine,2049.0,-582.0,2049.0,-581.0
DecoLine,2049.0,-581.0,2049.0,-581.0
DecoLine,2049.0,-581.0,2049.0,-580.0
DecoLine,2049.0,-580.0,2049.0,-579.0
DecoLine,2049.0,-579.0,2048.0,-579.0
DecoLine,2048.0,-579.0,2048.0,-577.0
DecoLine,2069.0,-569.0,2069.0,-569.0
DecoLine,2069.0,-569.0,2069.0,-569.0
DecoLine,2069.0,-569.0,2068.0,-568.0
DecoLine,2068.0,-568.0,2067.0,-567.0
DecoLine,2067.0,-567.0,2066.0,-566.0
DecoLine,2066.0,-566.0,2065.0,-564.0
DecoLine,2065.0,-564.0,2064.0,-564.0
DecoLine,2064.0,-564.0,2063.0,-563.0
DecoLine,2063.0,-563.0,2063.0,-562.0
DecoLine,2063.0,-562.0,2062.0,-561.0
DecoLine,2062.0,-561.0,2061.0,-560.0
DecoLine,2061.0,-560.0,2060.0,-559.0
DecoLine,2054.0,-552.0,2054.0,-552.0
DecoLine,2054.0,-552.0,2054.0,-552.0
DecoLine,2053.0,-551.0,2053.0,-551.0
DecoLine,2053.0,-551.0,2053.0,-551.0
DecoLine,2052.0,-550.0,2052.0,-550.0
DecoLine,2057.0,-542.0,2057.0,-542.0
DecoLine,2030.0,-579.0,2030.0,-579.0
DecoLine,2030.0,-579.0,2031.0,-579.0
DecoLine,2031.0,-579.0,2034.0,-577.0
DecoLine,2034.0,-577.0,2036.0,-576.0
DecoLine,2036.0,-576.0,2038.0,-574.0
DecoLine,2038.0,-574.0,2040.0,-574.0
DecoLine,2040.0,-574.0,2040.0,-573.0
DecoLine,2040.0,-573.0,2041.0,-573.0
DecoLine,2041.0,-573.0,2042.0,-571.0
DecoLine,2042.0,-571.0,2044.0,-570.0
DecoLine,2044.0,-570.0,2046.0,-568.0
DecoLine,2046.0,-568.0,2048.0,-566.0
DecoLine,2048.0,-566.0,2050.0,-565.0
DecoLine,2050.0,-565.0,2050.0,-564.0
DecoLine,2050.0,-564.0,2051.0,-564.0
DecoLine,2051.0,-564.0,2052.0,-563.0
DecoLine,2052.0,-563.0,2053.0,-562.0
DecoLine,2053.0,-562.0,2055.0,-560.0
DecoLine,2055.0,-560.0,2056.0,-559.0
DecoLine,2056.0,-559.0,2057.0,-558.0
DecoLine,2057.0,-558.0,2057.0,-558.0
DecoLine,2057.0,-558.0,2058.0,-558.0
DecoLine,2058.0,-558.0,2058.0,-558.0
DecoLine,2058.0,-558.0,2058.0,-557.0
DecoLine,2058.0,-557.0,2058.0,-557.0
DecoLine,2058.0,-557.0,2058.0,-557.0
DecoLine,2058.0,-557.0,2059.0,-555.0
DecoLine,2059.0,-555.0,2060.0,-553.0
DecoLine,2060.0,-553.0,2061.0,-552.0
DecoLine,2061.0,-552.0,2062.0,-549.0
DecoLine,2062.0,-549.0,2064.0,-546.0
DecoLine,2064.0,-546.0,2065.0,-544.0
DecoLine,2065.0,-544.0,2066.0,-542.0
DecoLine,2066.0,-542.0,2066.0,-541.0
DecoLine,2066.0,-541.0,2067.0,-540.0
DecoLine,2067.0,-540.0,2067.0,-540.0
DecoLine,2067.0,-540.0,2067.0,-539.0
DecoLine,2067.0,-539.0,2067.0,-538.0
DecoLine,2067.0,-538.0,2067.0,-537.0
DecoLine,2067.0,-537.0,2067.0,-535.0
DecoLine,2067.0,-535.0,2067.0,-535.0
DecoLine,2067.0,-535.0,2067.0,-534.0
DecoLine,2067.0,-534.0,2067.0,-533.0
DecoLine,2067.0,-533.0,2066.0,-532.0
DecoLine,2066.0,-532.0,2065.0,-530.0
DecoLine,2065.0,-530.0,2064.0,-527.0
DecoLine,2064.0,-527.0,2063.0,-526.0
DecoLine,2063.0,-526.0,2063.0,-525.0
DecoLine,2063.0,-525.0,2062.0,-524.0
DecoLine,2062.0,-524.0,2062.0,-523.0
DecoLine,2062.0,-523.0,2061.0,-522.0
DecoLine,2061.0,-522.0,2060.0,-522.0
DecoLine,2060.0,-522.0,2059.0,-521.0
DecoLine,2059.0,-521.0,2058.0,-520.0
DecoLine,2058.0,-520.0,2057.0,-519.0
DecoLine,2057.0,-519.0,2056.0,-518.0
DecoLine,2056.0,-518.0,2055.0,-517.0
DecoLine,2055.0,-517.0,2054.0,-517.0
DecoLine,2054.0,-517.0,2053.0,-516.0
DecoLine,2053.0,-516.0,2053.0,-516.0
DecoLine,2053.0,-516.0,2052.0,-515.0
DecoLine,2052.0,-515.0,2052.0,-515.0
DecoLine,2052.0,-515.0,2051.0,-515.0
DecoLine,2051.0,-515.0,2051.0,-515.0
DecoLine,2051.0,-515.0,2050.0,-515.0
DecoLine,2050.0,-515.0,2050.0,-514.0
DecoLine,2050.0,-514.0,2049.0,-514.0
DecoLine,2049.0,-514.0,2049.0,-514.0
DecoLine,2049.0,-514.0,2049.0,-514.0
DecoLine,2049.0,-514.0,2048.0,-514.0
DecoLine,2048.0,-514.0,2048.0,-514.0
DecoLine,2048.0,-514.0,2047.0,-514.0
DecoLine,2047.0,-514.0,2047.0,-514.0
DecoLine,2047.0,-514.0,2046.0,-514.0
DecoLine,2046.0,-514.0,2045.0,-514.0
DecoLine,2045.0,-514.0,2045.0,-514.0
DecoLine,2045.0,-514.0,2044.0,-515.0
DecoLine,2044.0,-515.0,2042.0,-515.0
DecoLine,2042.0,-515.0,2041.0,-515.0
DecoLine,2041.0,-515.0,2039.0,-515.0
DecoLine,2039.0,-515.0,2038.0,-515.0
DecoLine,2038.0,-515.0,2037.0,-516.0
DecoLine,2037.0,-516.0,2036.0,-516.0
DecoLine,2036.0,-516.0,2035.0,-517.0
DecoLine,2035.0,-517.0,2033.0,-517.0
DecoLine,2033.0,-517.0,2032.0,-518.0
DecoLine,2032.0,-518.0,2031.0,-518.0
DecoLine,2031.0,-518.0,2030.0,-519.0
DecoLine,2030.0,-519.0,2030.0,-519.0
DecoLine,2030.0,-519.0,2029.0,-520.0
DecoLine,2029.0,-520.0,2028.0,-521.0
DecoLine,2028.0,-521.0,2026.0,-521.0
DecoLine,2026.0,-521.0,2025.0,-522.0
DecoLine,2025.0,-522.0,2024.0,-523.0
DecoLine,2024.0,-523.0,2024.0,-523.0
DecoLine,2024.0,-523.0,2023.0,-524.0
DecoLine,2023.0,-524.0,2023.0,-524.0
DecoLine,2023.0,-524.0,2022.0,-525.0
DecoLine,2022.0,-525.0,2021.0,-525.0
DecoLine,2021.0,-525.0,2019.0,-527.0
DecoLine,2019.0,-527.0,2017.0,-528.0
DecoLine,2017.0,-528.0,2016.0,-529.0
DecoLine,2016.0,-529.0,2015.0,-529.0
DecoLine,2015.0,-529.0,2015.0,-530.0
DecoLine,2015.0,-530.0,2015.0,-530.0
DecoLine,2015.0,-530.0,2014.0,-531.0
DecoLine,2014.0,-531.0,2014.0,-531.0
DecoLine,2014.0,-531.0,2012.0,-532.0
DecoLine,2012.0,-532.0,2010.0,-533.0
DecoLine,2010.0,-533.0,2009.0,-534.0
DecoLine,2009.0,-534.0,2009.0,-535.0
DecoLine,2009.0,-535.0,2008.0,-535.0
DecoLine,2008.0,-535.0,2008.0,-536.0
DecoLine,2008.0,-536.0,2008.0,-536.0
DecoLine,2008.0,-536.0,2007.0,-536.0
DecoLine,2007.0,-536.0,2007.0,-536.0
DecoLine,2007.0,-536.0,2007.0,-537.0
DecoLine,2007.0,-537.0,2007.0,-537.0
DecoLine,2007.0,-537.0,2006.0,-538.0
DecoLine,2006.0,-538.0,2006.0,-538.0
DecoLine,2006.0,-538.0,2006.0,-539.0
DecoLine,2006.0,-539.0,2005.0,-539.0
DecoLine,2005.0,-539.0,2005.0,-540.0
DecoLine,2005.0,-540.0,2005.0,-540.0
DecoLine,2005.0,-540.0,2003.0,-543.0
DecoLine,2003.0,-543.0,2002.0,-545.0
DecoLine,2002.0,-545.0,2001.0,-546.0
DecoLine,2001.0,-546.0,2001.0,-547.0
DecoLine,2001.0,-547.0,2000.0,-548.0
DecoLine,2000.0,-548.0,2000.0,-549.0
DecoLine,2000.0,-549.0,2000.0,-549.0
DecoLine,2000.0,-549.0,2000.0,-550.0
DecoLine,2000.0,-550.0,2000.0,-550.0
DecoLine,2000.0,-550.0,2000.0,-550.0
DecoLine,2000.0,-550.0,2000.0,-551.0
DecoLine,2000.0,-551.0,2000.0,-551.0
DecoLine,2000.0,-551.0,2000.0,-552.0
DecoLine,2000.0,-552.0,2000.0,-552.0
DecoLine,2000.0,-552.0,2001.0,-553.0
DecoLine,2001.0,-553.0,2001.0,-554.0
DecoLine,2001.0,-554.0,2002.0,-555.0
DecoLine,2002.0,-555.0,2002.0,-555.0
DecoLine,2002.0,-555.0,2002.0,-556.0
DecoLine,2002.0,-556.0,2002.0,-556.0
DecoLine,2002.0,-556.0,2003.0,-557.0
DecoLine,2003.0,-557.0,2003.0,-557.0
DecoLine,2003.0,-557.0,2003.0,-558.0
DecoLine,2003.0,-558.0,2004.0,-558.0
DecoLine,2004.0,-558.0,2004.0,-559.0
DecoLine,2004.0,-559.0,2004.0,-559.0
DecoLine,2004.0,-559.0,2004.0,-560.0
DecoLine,2004.0,-560.0,2005.0,-560.0
DecoLine,2005.0,-560.0,2005.0,-561.0
DecoLine,2005.0,-561.0,2005.0,-561.0
DecoLine,2005.0,-561.0,2005.0,-562.0
DecoLine,2005.0,-562.0,2005.0,-562.0
DecoLine,2005.0,-562.0,2006.0,-562.0
DecoLine,2006.0,-562.0,2006.0,-563.0
DecoLine,2006.0,-563.0,2006.0,-563.0
DecoLine,2006.0,-563.0,2006.0,-563.0
DecoLine,2006.0,-563.0,2007.0,-564.0
DecoLine,2007.0,-564.0,2007.0,-564.0
DecoLine,2007.0,-564.0,2007.0,-565.0
DecoLine,2007.0,-565.0,2008.0,-566.0
DecoLine,2008.0,-566.0,2008.0,-566.0
DecoLine,2008.0,-566.0,2008.0,-567.0
DecoLine,2008.0,-567.0,2009.0,-567.0
DecoLine,2009.0,-567.0,2009.0,-567.0
DecoLine,2009.0,-567.0,2009.0,-568.0
DecoLine,2009.0,-568.0,2010.0,-568.0
DecoLine,2010.0,-568.0,2010.0,-569.0
DecoLine,2010.0,-569.0,2011.0,-569.0
DecoLine,2011.0,-569.0,2011.0,-569.0
DecoLine,2011.0,-569.0,2012.0,-570.0
DecoLine,2012.0,-570.0,2012.0,-570.0
DecoLine,2012.0,-570.0,2013.0,-571.0
DecoLine,2013.0,-571.0,2013.0,-571.0
DecoLine,2013.0,-571.0,2014.0,-572.0
DecoLine,2014.0,-572.0,2015.0,-573.0
DecoLine,2015.0,-573.0,2015.0,-574.0
DecoLine,2015.0,-574.0,2016.0,-575.0
DecoLine,2016.0,-575.0,2017.0,-576.0
DecoLine,2017.0,-576.0,2017.0,-577.0
DecoLine,2017.0,-577.0,2018.0,-577.0
DecoLine,2018.0,-577.0,2019.0,-578.0
DecoLine,2019.0,-578.0,2019.0,-578.0
DecoLine,2019.0,-578.0,2020.0,-579.0
DecoLine,2020.0,-579.0,2021.0,-579.0
DecoLine,2021.0,-579.0,2021.0,-580.0
DecoLine,2021.0,-580.0,2022.0,-580.0
DecoLine,2022.0,-580.0,2023.0,-581.0
DecoLine,2023.0,-581.0,2023.0,-581.0
DecoLine,2023.0,-581.0,2023.0,-581.0
DecoLine,2023.0,-581.0,2024.0,-581.0
DecoLine,2024.0,-581.0,2025.0,-581.0
DecoLine,2025.0,-581.0,2025.0,-581.0
DecoLine,2025.0,-581.0,2026.0,-582.0
DecoLine,2026.0,-582.0,2027.0,-582.0
DecoLine,2027.0,-582.0,2028.0,-582.0
DecoLine,2028.0,-582.0,2028.0,-582.0
DecoLine,2028.0,-582.0,2028.0,-582.0
DecoLine,2028.0,-582.0,2029.0,-582.0
DecoLine,2029.0,-582.0,2029.0,-582.0
DecoLine,2029.0,-582.0,2029.0,-582.0
DecoLine,2029.0,-582.0,2030.0,-582.0
DecoLine,2030.0,-582.0,2030.0,-581.0
DecoLine,2030.0,-581.0,2030.0,-581.0
DecoLine,2030.0,-581.0,2031.0,-581.0
DecoLine,2031.0,-581.0,2031.0,-580.0
DecoLine,2031.0,-580.0,2031.0,-580.0
DecoLine,2031.0,-580.0,2031.0,-580.0
DecoLine,2031.0,-580.0,2031.0,-580.0
DecoLine,2031.0,-580.0,2031.0,-580.0
DecoLine,2031.0,-580.0,2031.0,-579.0
DecoLine,2031.0,-579.0,2031.0,-579.0
DecoLine,2031.0,-579.0,2031.0,-579.0
DecoLine,2031.0,-579.0,2031.0,-578.0
DecoLine,2031.0,-578.0,2031.0,-578.0
DecoLine,2031.0,-578.0,2031.0,-578.0
DecoLine,2031.0,-578.0,2031.0,-578.0
DecoLine,2031.0,-578.0,2031.0,-578.0
DecoLine,2031.0,-578.0,2032.0,-577.0
DecoLine,2032.0,-577.0,2032.0,-577.0
DecoLine,2032.0,-577.0,2032.0,-576.0
DecoLine,2032.0,-576.0,2031.0,-576.0
DecoLine,1939.0,-603.0,1939.0,-603.0
DecoLine,1939.0,-603.0,1940.0,-603.0
DecoLine,1940.0,-603.0,1940.0,-603.0
DecoLine,1940.0,-603.0,1941.0,-603.0
DecoLine,1941.0,-603.0,1942.0,-604.0
DecoLine,1942.0,-604.0,1943.0,-605.0
DecoLine,1943.0,-605.0,1944.0,-605.0
DecoLine,1944.0,-605.0,1945.0,-606.0
DecoLine,1945.0,-606.0,1946.0,-607.0
DecoLine,1946.0,-607.0,1947.0,-607.0
DecoLine,1947.0,-607.0,1947.0,-608.0
DecoLine,1947.0,-608.0,1948.0,-608.0
DecoLine,1948.0,-608.0,1948.0,-609.0
DecoLine,1948.0,-609.0,1949.0,-610.0
DecoLine,1949.0,-610.0,1949.0,-610.0
DecoLine,1949.0,-610.0,1949.0,-611.0
DecoLine,1949.0,-611.0,1949.0,-612.0
DecoLine,1949.0,-612.0,1950.0,-612.0
DecoLine,1950.0,-612.0,1950.0,-613.0
DecoLine,1950.0,-613.0,1950.0,-613.0
DecoLine,1950.0,-613.0,1951.0,-615.0
DecoLine,1951.0,-615.0,1951.0,-616.0
DecoLine,1951.0,-616.0,1952.0,-618.0
DecoLine,1952.0,-618.0,1952.0,-618.0
DecoLine,1952.0,-618.0,1952.0,-619.0
DecoLine,1952.0,-619.0,1952.0,-620.0
DecoLine,1952.0,-620.0,1952.0,-621.0
DecoLine,1952.0,-621.0,1952.0,-622.0
DecoLine,1952.0,-622.0,1952.0,-622.0
DecoLine,1952.0,-622.0,1952.0,-624.0
DecoLine,1952.0,-624.0,1952.0,-625.0
DecoLine,1952.0,-625.0,1952.0,-626.0
DecoLine,1952.0,-626.0,1952.0,-627.0
DecoLine,1952.0,-627.0,1952.0,-628.0
DecoLine,1952.0,-628.0,1951.0,-629.0
DecoLine,1951.0,-629.0,1951.0,-630.0
DecoLine,1951.0,-630.0,1951.0,-630.0
DecoLine,1951.0,-630.0,1950.0,-631.0
DecoLine,1950.0,-631.0,1950.0,-632.0
DecoLine,1950.0,-632.0,1950.0,-632.0
DecoLine,1950.0,-632.0,1950.0,-633.0
DecoLine,1950.0,-633.0,1949.0,-634.0
DecoLine,1949.0,-634.0,1948.0,-635.0
DecoLine,1948.0,-635.0,1948.0,-636.0
DecoLine,1948.0,-636.0,1947.0,-636.0
DecoLine,1947.0,-636.0,1946.0,-637.0
DecoLine,1946.0,-637.0,1946.0,-637.0
DecoLine,1946.0,-637.0,1945.0,-637.0
DecoLine,1945.0,-637.0,1944.0,-637.0
DecoLine,1944.0,-637.0,1943.0,-637.0
DecoLine,1943.0,-637.0,1942.0,-637.0
DecoLine,1942.0,-637.0,1941.0,-637.0
DecoLine,1941.0,-637.0,1941.0,-637.0
DecoLine,1941.0,-637.0,1940.0,-637.0
DecoLine,1940.0,-637.0,1940.0,-637.0
DecoLine,1940.0,-637.0,1939.0,-636.0
DecoLine,1939.0,-636.0,1938.0,-635.0
DecoLine,1938.0,-635.0,1938.0,-634.0
DecoLine,1938.0,-634.0,1937.0,-634.0
DecoLine,1937.0,-634.0,1937.0,-634.0
DecoLine,1937.0,-634.0,1936.0,-633.0
DecoLine,1936.0,-633.0,1936.0,-633.0
DecoLine,1936.0,-633.0,1936.0,-633.0
DecoLine,1936.0,-633.0,1935.0,-633.0
DecoLine,1935.0,-633.0,1935.0,-632.0
DecoLine,1935.0,-632.0,1934.0,-632.0
DecoLine,1934.0,-632.0,1933.0,-631.0
DecoLine,1933.0,-631.0,1933.0,-630.0
DecoLine,1933.0,-630.0,1932.0,-629.0
DecoLine,1932.0,-629.0,1931.0,-629.0
DecoLine,1931.0,-629.0,1931.0,-628.0
DecoLine,1931.0,-628.0,1931.0,-628.0
DecoLine,1931.0,-628.0,1930.0,-627.0
DecoLine,1930.0,-627.0,1930.0,-627.0
DecoLine,1930.0,-627.0,1930.0,-626.0
DecoLine,1930.0,-626.0,1929.0,-626.0
DecoLine,1929.0,-626.0,1929.0,-625.0
DecoLine,1929.0,-625.0,1929.0,-624.0
DecoLine,1929.0,-624.0,1929.0,-623.0
DecoLine,1929.0,-623.0,1928.0,-623.0
DecoLine,1928.0,-623.0,1928.0,-622.0
DecoLine,1928.0,-622.0,1928.0,-621.0
DecoLine,1928.0,-621.0,1928.0,-621.0
DecoLine,1928.0,-621.0,1928.0,-620.0
DecoLine,1928.0,-620.0,1928.0,-619.0
DecoLine,1928.0,-619.0,1928.0,-618.0
DecoLine,1928.0,-618.0,1928.0,-617.0
DecoLine,1928.0,-617.0,1928.0,-616.0
DecoLine,1928.0,-616.0,1928.0,-615.0
DecoLine,1928.0,-615.0,1928.0,-615.0
DecoLine,1928.0,-615.0,1928.0,-614.0
DecoLine,1928.0,-614.0,1928.0,-613.0
DecoLine,1928.0,-613.0,1928.0,-612.0
DecoLine,1928.0,-612.0,1928.0,-612.0
DecoLine,1928.0,-612.0,1928.0,-612.0
DecoLine,1928.0,-612.0,1928.0,-611.0
DecoLine,1928.0,-611.0,1928.0,-611.0
DecoLine,1928.0,-611.0,1929.0,-610.0
DecoLine,1929.0,-610.0,1929.0,-610.0
DecoLine,1929.0,-610.0,1929.0,-610.0
DecoLine,1929.0,-610.0,1930.0,-609.0
DecoLine,1930.0,-609.0,1930.0,-609.0
DecoLine,1930.0,-609.0,1930.0,-609.0
DecoLine,1930.0,-609.0,1930.0,-608.0
DecoLine,1930.0,-608.0,1931.0,-608.0
DecoLine,1931.0,-608.0,1931.0,-608.0
DecoLine,1931.0,-608.0,1932.0,-607.0
DecoLine,1932.0,-607.0,1932.0,-607.0
DecoLine,1932.0,-607.0,1933.0,-607.0
DecoLine,1933.0,-607.0,1933.0,-607.0
DecoLine,1933.0,-607.0,1933.0,-606.0
DecoLine,1933.0,-606.0,1934.0,-606.0
DecoLine,1934.0,-606.0,1934.0,-606.0
DecoLine,1934.0,-606.0,1934.0,-606.0
DecoLine,1934.0,-606.0,1935.0,-606.0
DecoLine,1935.0,-606.0,1935.0,-606.0
DecoLine,1935.0,-606.0,1935.0,-605.0
DecoLine,1935.0,-605.0,1935.0,-605.0
DecoLine,1935.0,-605.0,1935.0,-605.0
DecoLine,1935.0,-605.0,1936.0,-605.0
DecoLine,1936.0,-605.0,1936.0,-605.0
DecoLine,1936.0,-605.0,1936.0,-605.0
DecoLine,1936.0,-605.0,1936.0,-605.0
DecoLine,1936.0,-605.0,1937.0,-605.0
DecoLine,1937.0,-605.0,1937.0,-605.0
DecoLine,1937.0,-605.0,1937.0,-605.0
DecoLine,1937.0,-605.0,1938.0,-605.0
DecoLine,1938.0,-605.0,1938.0,-605.0
DecoLine,1938.0,-605.0,1938.0,-605.0
DecoLine,1938.0,-605.0,1938.0,-605.0
DecoLine,1938.0,-605.0,1938.0,-605.0
DecoLine,1938.0,-605.0,1939.0,-605.0
DecoLine,1940.0,-621.0,1940.0,-621.0
DecoLine,1940.0,-621.0,1940.0,-620.0
DecoLine,1940.0,-620.0,1940.0,-619.0
DecoLine,1940.0,-619.0,1940.0,-618.0
DecoLine,1940.0,-618.0,1941.0,-618.0
DecoLine,1941.0,-618.0,1941.0,-618.0
DecoLine,1941.0,-618.0,1942.0,-618.0
DecoLine,1942.0,-618.0,1943.0,-618.0
DecoLine,1943.0,-618.0,1943.0,-618.0
DecoLine,1943.0,-618.0,1944.0,-618.0
DecoLine,1944.0,-618.0,1944.0,-619.0
DecoLine,1944.0,-619.0,1944.0,-620.0
DecoLine,1944.0,-620.0,1943.0,-620.0
DecoLine,1943.0,-620.0,1942.0,-621.0
DecoLine,1942.0,-621.0,1941.0,-621.0
DecoLine,1941.0,-621.0,1940.0,-621.0
DecoLine,1940.0,-621.0,1940.0,-621.0
DecoLine,1940.0,-621.0,1940.0,-621.0
DecoLine,1940.0,-621.0,1939.0,-621.0
DecoLine,1939.0,-621.0,1939.0,-620.0
DecoLine,1939.0,-620.0,1939.0,-619.0
DecoLine,1939.0,-619.0,1939.0,-619.0
DecoLine,1939.0,-619.0,1939.0,-619.0
DecoLine,1939.0,-619.0,1939.0,-618.0
DecoLine,1939.0,-618.0,1940.0,-618.0
DecoLine,1940.0,-618.0,1940.0,-618.0
DecoLine,1940.0,-618.0,1940.0,-618.0
DecoLine,1940.0,-618.0,1940.0,-619.0
DecoLine,1940.0,-619.0,1940.0,-619.0
DecoLine,1940.0,-619.0,1940.0,-619.0
DecoLine,1940.0,-619.0,1940.0,-618.0
DecoLine,1940.0,-618.0,1940.0,-614.0
DecoLine,1940.0,-614.0,1940.0,-612.0
DecoLine,1940.0,-612.0,1940.0,-610.0
DecoLine,1940.0,-610.0,1940.0,-609.0
DecoLine,1940.0,-609.0,1940.0,-608.0
DecoLine,1940.0,-608.0,1940.0,-608.0
DecoLine,1940.0,-608.0,1940.0,-607.0
DecoLine,1937.0,-621.0,1937.0,-621.0
DecoLine,1937.0,-621.0,1937.0,-622.0
DecoLine,1937.0,-622.0,1936.0,-622.0
DecoLine,1936.0,-622.0,1936.0,-622.0
DecoLine,1936.0,-622.0,1936.0,-622.0
DecoLine,1936.0,-622.0,1936.0,-622.0
DecoLine,1936.0,-622.0,1935.0,-623.0
DecoLine,1935.0,-623.0,1935.0,-623.0
DecoLine,1935.0,-623.0,1935.0,-624.0
DecoLine,1935.0,-624.0,1935.0,-624.0
DecoLine,1935.0,-624.0,1934.0,-624.0
DecoLine,1934.0,-624.0,1934.0,-624.0
DecoLine,1934.0,-624.0,1934.0,-625.0
DecoLine,1934.0,-625.0,1933.0,-625.0
DecoLine,1933.0,-625.0,1933.0,-625.0
DecoLine,1933.0,-625.0,1933.0,-625.0
DecoLine,1933.0,-625.0,1933.0,-625.0
DecoLine,1933.0,-625.0,1932.0,-626.0
DecoLine,1932.0,-626.0,1932.0,-626.0
DecoLine,1932.0,-626.0,1932.0,-626.0
DecoLine,1932.0,-626.0,1932.0,-626.0
DecoLine,1943.0,-622.0,1944.0,-622.0
DecoLine,1944.0,-622.0,1944.0,-622.0
DecoLine,1944.0,-622.0,1945.0,-622.0
DecoLine,1945.0,-622.0,1946.0,-623.0
DecoLine,1946.0,-623.0,1947.0,-624.0
DecoLine,1947.0,-624.0,1948.0,-624.0
DecoLine,1948.0,-624.0,1949.0,-625.0
DecoLine,1949.0,-625.0,1949.0,-625.0
DecoLine,1949.0,-625.0,1949.0,-625.0
DecoLine,1949.0,-625.0,1950.0,-626.0
DecoLine,1950.0,-626.0,1950.0,-626.0
DecoLine,1950.0,-626.0,1951.0,-626.0
DecoLine,1951.0,-626.0,1951.0,-627.0
DecoLine,1951.0,-627.0,1952.0,-627.0
DecoLine,1952.0,-627.0,1952.0,-627.0
DecoLine,1952.0,-627.0,1952.0,-627.0
DecoLine,1952.0,-627.0,1952.0,-628.0
DecoLine,1952.0,-628.0,1953.0,-628.0
DecoLine,1953.0,-628.0,1953.0,-628.0
DecoLine,1953.0,-628.0,1953.0,-628.0
DecoLine,1953.0,-628.0,1953.0,-628.0
DecoLine,2011.0,-529.0,2011.0,-529.0
DecoLine,2011.0,-529.0,2011.0,-529.0
DecoLine,2011.0,-529.0,2011.0,-528.0
DecoLine,2011.0,-528.0,2011.0,-527.0
DecoLine,2011.0,-527.0,2011.0,-527.0
DecoLine,2011.0,-527.0,2011.0,-526.0
DecoLine,2011.0,-526.0,2011.0,-525.0
DecoLine,2011.0,-525.0,2011.0,-524.0
DecoLine,2011.0,-524.0,2010.0,-523.0
DecoLine,2010.0,-523.0,2010.0,-522.0
DecoLine,2010.0,-522.0,2010.0,-521.0
DecoLine,2010.0,-521.0,2009.0,-520.0
DecoLine,2009.0,-520.0,2009.0,-519.0
DecoLine,2009.0,-519.0,2009.0,-518.0
DecoLine,2009.0,-518.0,2009.0,-518.0
DecoLine,2009.0,-518.0,2009.0,-517.0
DecoLine,2009.0,-517.0,2009.0,-517.0
DecoLine,2009.0,-517.0,2008.0,-517.0
DecoLine,2008.0,-517.0,2008.0,-516.0
DecoLine,2008.0,-516.0,2008.0,-516.0
DecoLine,2008.0,-516.0,2007.0,-515.0
DecoLine,2007.0,-515.0,2007.0,-515.0
DecoLine,2007.0,-515.0,2007.0,-515.0
DecoLine,2030.0,-519.0,2030.0,-519.0
DecoLine,2030.0,-519.0,2029.0,-519.0
DecoLine,2029.0,-519.0,2028.0,-519.0
DecoLine,2028.0,-519.0,2027.0,-519.0
DecoLine,2027.0,-519.0,2026.0,-519.0
DecoLine,2026.0,-519.0,2026.0,-518.0
DecoLine,2026.0,-518.0,2026.0,-518.0
DecoLine,2026.0,-518.0,2026.0,-518.0
DecoLine,2026.0,-518.0,2026.0,-518.0
DecoLine,2026.0,-518.0,2026.0,-517.0
DecoLine,2026.0,-517.0,2025.0,-517.0
DecoLine,2025.0,-517.0,2024.0,-516.0
DecoLine,2024.0,-516.0,2023.0,-515.0
DecoLine,2023.0,-515.0,2021.0,-514.0
DecoLine,2021.0,-514.0,2020.0,-514.0
DecoLine,2020.0,-514.0,2020.0,-513.0
DecoLine,2020.0,-513.0,2020.0,-513.0
DecoLine,2020.0,-513.0,2020.0,-513.0
DecoLine,2020.0,-513.0,2020.0,-513.0
DecoLine,2020.0,-513.0,2020.0,-512.0
DecoLine,2020.0,-512.0,2020.0,-512.0
DecoLine,2020.0,-512.0,2020.0,-512.0
DecoLine,2020.0,-512.0,2020.0,-511.0
DecoLine,2020.0,-511.0,2020.0,-511.0
DecoLine,2020.0,-511.0,2020.0,-510.0
DecoLine,2020.0,-510.0,2019.0,-510.0
DecoLine,2019.0,-510.0,2019.0,-510.0
DecoLine,2019.0,-510.0,2019.0,-509.0
DecoLine,2019.0,-509.0,2019.0,-509.0
DecoLine,2019.0,-509.0,2019.0,-508.0
DecoLine,2019.0,-508.0,2019.0,-508.0
DecoLine,2019.0,-508.0,2018.0,-508.0
DecoLine,2018.0,-508.0,2018.0,-508.0
DecoLine,2031.0,-497.0,2031.0,-497.0
DecoLine,2031.0,-497.0,2030.0,-497.0
DecoLine,2030.0,-497.0,2029.0,-498.0
DecoLine,2029.0,-498.0,2025.0,-501.0
DecoLine,2025.0,-501.0,2022.0,-504.0
DecoLine,2022.0,-504.0,2020.0,-506.0
DecoLine,2020.0,-506.0,2018.0,-507.0
DecoLine,2018.0,-507.0,2016.0,-509.0
DecoLine,2016.0,-509.0,2012.0,-511.0
DecoLine,2012.0,-511.0,2005.0,-515.0
DecoLine,2005.0,-515.0,1999.0,-520.0
DecoLine,1999.0,-520.0,1994.0,-523.0
DecoLine,1994.0,-523.0,1989.0,-527.0
DecoLine,1989.0,-527.0,1985.0,-530.0
DecoLine,1985.0,-530.0,1982.0,-532.0
DecoLine,1982.0,-532.0,1979.0,-534.0
DecoLine,1979.0,-534.0,1974.0,-536.0
DecoLine,1974.0,-536.0,1970.0,-537.0
DecoLine,1970.0,-537.0,1965.0,-540.0
DecoLine,1965.0,-540.0,1961.0,-541.0
DecoLine,1961.0,-541.0,1958.0,-542.0
DecoLine,1958.0,-542.0,1956.0,-543.0
DecoLine,1956.0,-543.0,1955.0,-543.0
DecoLine,1955.0,-543.0,1954.0,-543.0
DecoLine,1954.0,-543.0,1953.0,-543.0
DecoLine,1953.0,-543.0,1952.0,-543.0
DecoLine,1952.0,-543.0,1952.0,-542.0
DecoLine,1952.0,-542.0,1950.0,-541.0
DecoLine,1950.0,-541.0,1950.0,-540.0
DecoLine,1950.0,-540.0,1949.0,-539.0
DecoLine,2061.0,-464.0,2061.0,-465.0
DecoLine,2061.0,-465.0,2060.0,-466.0
DecoLine,2060.0,-466.0,2060.0,-467.0
DecoLine,2060.0,-467.0,2059.0,-468.0
DecoLine,2059.0,-468.0,2058.0,-469.0
DecoLine,2058.0,-469.0,2058.0,-469.0
DecoLine,2058.0,-469.0,2057.0,-470.0
DecoLine,2057.0,-470.0,2056.0,-471.0
DecoLine,2056.0,-471.0,2056.0,-472.0
DecoLine,2056.0,-472.0,2054.0,-473.0
DecoLine,2054.0,-473.0,2053.0,-474.0
DecoLine,2053.0,-474.0,2052.0,-475.0
DecoLine,2052.0,-475.0,2051.0,-476.0
DecoLine,2051.0,-476.0,2050.0,-477.0
DecoLine,2050.0,-477.0,2049.0,-477.0
DecoLine,2049.0,-477.0,2048.0,-478.0
DecoLine,2048.0,-478.0,2042.0,-483.0
DecoLine,2042.0,-483.0,2037.0,-488.0
DecoLine,2037.0,-488.0,2032.0,-492.0
DecoLine,2032.0,-492.0,2029.0,-495.0
DecoLine,2029.0,-495.0,2027.0,-497.0
DecoLine,2027.0,-497.0,2025.0,-498.0
DecoLine,2025.0,-498.0,2025.0,-498.0
DecoLine,2025.0,-498.0,2022.0,-501.0
DecoLine,2022.0,-501.0,2018.0,-504.0
DecoLine,2018.0,-504.0,2014.0,-507.0
DecoLine,2014.0,-507.0,2012.0,-510.0
DecoLine,2012.0,-510.0,2011.0,-511.0
DecoLine,2011.0,-511.0,2010.0,-511.0
DecoLine,1955.0,-540.0,1955.0,-540.0
DecoLine,1955.0,-540.0,1954.0,-540.0
DecoLine,1954.0,-540.0,1952.0,-539.0
DecoLine,1952.0,-539.0,1951.0,-539.0
DecoLine,1951.0,-539.0,1950.0,-538.0
DecoLine,1950.0,-538.0,1950.0,-538.0
DecoLine,1950.0,-538.0,1950.0,-538.0
DecoLine,1950.0,-538.0,1950.0,-538.0
DecoLine,1950.0,-538.0,1950.0,-537.0
DecoLine,1950.0,-537.0,1950.0,-536.0
DecoLine,1950.0,-536.0,1950.0,-536.0
DecoLine,1950.0,-536.0,1950.0,-535.0
DecoLine,1950.0,-535.0,1950.0,-534.0
DecoLine,1950.0,-534.0,1950.0,-533.0
DecoLine,1950.0,-533.0,1950.0,-532.0
DecoLine,1950.0,-532.0,1950.0,-531.0
DecoLine,1950.0,-531.0,1950.0,-529.0
DecoLine,1950.0,-529.0,1950.0,-528.0
DecoLine,1950.0,-528.0,1950.0,-527.0
DecoLine,1950.0,-527.0,1950.0,-526.0
DecoLine,1950.0,-526.0,1951.0,-526.0
DecoLine,1951.0,-526.0,1951.0,-525.0
DecoLine,1951.0,-525.0,1952.0,-522.0
DecoLine,1952.0,-522.0,1953.0,-520.0
DecoLine,1953.0,-520.0,1954.0,-518.0
DecoLine,1954.0,-518.0,1955.0,-517.0
DecoLine,1955.0,-517.0,1956.0,-516.0
DecoLine,1956.0,-516.0,1956.0,-516.0
DecoLine,1956.0,-516.0,1957.0,-513.0
DecoLine,1957.0,-513.0,1958.0,-512.0
DecoLine,1958.0,-512.0,1961.0,-508.0
DecoLine,1961.0,-508.0,1963.0,-505.0
DecoLine,1963.0,-505.0,1966.0,-503.0
DecoLine,1966.0,-503.0,1967.0,-502.0
DecoLine,1967.0,-502.0,1969.0,-499.0
DecoLine,1969.0,-499.0,1971.0,-498.0
DecoLine,1971.0,-498.0,1974.0,-494.0
DecoLine,1974.0,-494.0,1976.0,-492.0
DecoLine,1976.0,-492.0,1978.0,-490.0
DecoLine,1978.0,-490.0,1978.0,-489.0
DecoLine,1978.0,-489.0,1979.0,-489.0
DecoLine,1979.0,-489.0,1979.0,-489.0
DecoLine,1979.0,-489.0,1980.0,-488.0
DecoLine,1980.0,-488.0,1981.0,-487.0
DecoLine,1981.0,-487.0,1983.0,-485.0
DecoLine,1983.0,-485.0,1986.0,-483.0
DecoLine,1986.0,-483.0,1988.0,-482.0
DecoLine,1988.0,-482.0,1990.0,-481.0
DecoLine,1990.0,-481.0,1991.0,-480.0
DecoLine,1991.0,-480.0,1993.0,-479.0
DecoLine,1993.0,-479.0,1995.0,-478.0
DecoLine,1995.0,-478.0,1996.0,-477.0
DecoLine,1996.0,-477.0,1998.0,-475.0
DecoLine,1998.0,-475.0,2000.0,-475.0
DecoLine,2000.0,-475.0,2001.0,-474.0
DecoLine,2001.0,-474.0,2002.0,-474.0
DecoLine,2002.0,-474.0,2003.0,-473.0
DecoLine,2003.0,-473.0,2004.0,-472.0
DecoLine,2004.0,-472.0,2006.0,-471.0
DecoLine,2006.0,-471.0,2010.0,-469.0
DecoLine,2010.0,-469.0,2012.0,-467.0
DecoLine,2012.0,-467.0,2014.0,-466.0
DecoLine,2014.0,-466.0,2016.0,-465.0
DecoLine,2016.0,-465.0,2017.0,-464.0
DecoLine,2017.0,-464.0,2018.0,-464.0
DecoLine,2018.0,-464.0,2020.0,-463.0
DecoLine,2020.0,-463.0,2022.0,-461.0
DecoLine,2022.0,-461.0,2024.0,-460.0
DecoLine,2024.0,-460.0,2026.0,-459.0
DecoLine,2026.0,-459.0,2027.0,-458.0
DecoLine,2027.0,-458.0,2028.0,-458.0
DecoLine,2028.0,-458.0,2029.0,-457.0
DecoLine,2029.0,-457.0,2030.0,-457.0
DecoLine,2030.0,-457.0,2031.0,-456.0
DecoLine,2031.0,-456.0,2034.0,-455.0
DecoLine,2034.0,-455.0,2037.0,-454.0
DecoLine,2037.0,-454.0,2040.0,-453.0
DecoLine,2040.0,-453.0,2041.0,-453.0
DecoLine,2041.0,-453.0,2043.0,-452.0
DecoLine,2043.0,-452.0,2044.0,-452.0
DecoLine,2044.0,-452.0,2045.0,-452.0
DecoLine,2045.0,-452.0,2047.0,-452.0
DecoLine,2047.0,-452.0,2048.0,-452.0
DecoLine,2048.0,-452.0,2050.0,-451.0
DecoLine,2050.0,-451.0,2052.0,-451.0
DecoLine,2052.0,-451.0,2054.0,-451.0
DecoLine,2054.0,-451.0,2056.0,-451.0
DecoLine,2056.0,-451.0,2059.0,-451.0
DecoLine,2059.0,-451.0,2060.0,-451.0
DecoLine,2060.0,-451.0,2061.0,-451.0
DecoLine,2061.0,-451.0,2062.0,-451.0
DecoLine,2062.0,-451.0,2063.0,-452.0
DecoLine,2063.0,-452.0,2063.0,-452.0
DecoLine,2063.0,-452.0,2064.0,-452.0
DecoLine,2064.0,-452.0,2064.0,-453.0
DecoLine,2064.0,-453.0,2065.0,-453.0
DecoLine,2065.0,-453.0,2065.0,-454.0
DecoLine,2065.0,-454.0,2066.0,-454.0
DecoLine,2066.0,-454.0,2066.0,-455.0
DecoLine,2066.0,-455.0,2066.0,-455.0
DecoLine,2066.0,-455.0,2066.0,-456.0
DecoLine,2066.0,-456.0,2066.0,-456.0
DecoLine,2066.0,-456.0,2066.0,-457.0
DecoLine,2066.0,-457.0,2066.0,-458.0
DecoLine,2066.0,-458.0,2065.0,-458.0
DecoLine,2065.0,-458.0,2065.0,-459.0
DecoLine,2065.0,-459.0,2065.0,-459.0
DecoLine,2065.0,-459.0,2064.0,-460.0
DecoLine,2064.0,-460.0,2064.0,-461.0
DecoLine,2064.0,-461.0,2063.0,-461.0
DecoLine,2063.0,-461.0,2063.0,-462.0
DecoLine,2063.0,-462.0,2062.0,-462.0
DecoLine,2062.0,-462.0,2062.0,-463.0
DecoLine,2062.0,-463.0,2061.0,-463.0
DecoLine,2061.0,-463.0,2061.0,-464.0
DecoLine,2061.0,-464.0,2061.0,-464.0
DecoLine,2061.0,-464.0,2060.0,-464.0
DecoLine,2060.0,-464.0,2060.0,-465.0
DecoLine,2060.0,-465.0,2060.0,-465.0
DecoLine,2060.0,-465.0,2059.0,-465.0
DecoLine,2059.0,-465.0,2059.0,-465.0
DecoLine,2059.0,-465.0,2059.0,-466.0
DecoLine,2059.0,-466.0,2059.0,-466.0
DecoLine,2059.0,-466.0,2059.0,-466.0
DecoLine,2005.0,-493.0,2005.0,-493.0
DecoLine,2005.0,-493.0,2004.0,-493.0
DecoLine,2004.0,-493.0,2004.0,-492.0
DecoLine,2004.0,-492.0,2004.0,-491.0
DecoLine,2004.0,-491.0,2004.0,-491.0
DecoLine,2004.0,-491.0,2005.0,-490.0
DecoLine,2005.0,-490.0,2006.0,-490.0
DecoLine,2006.0,-490.0,2007.0,-490.0
DecoLine,2007.0,-490.0,2008.0,-490.0
DecoLine,2008.0,-490.0,2009.0,-490.0
DecoLine,2009.0,-490.0,2010.0,-490.0
DecoLine,2010.0,-490.0,2011.0,-490.0
DecoLine,2011.0,-490.0,2011.0,-491.0
DecoLine,2011.0,-491.0,2012.0,-492.0
DecoLine,2012.0,-492.0,2012.0,-493.0
DecoLine,2012.0,-493.0,2012.0,-494.0
DecoLine,2012.0,-494.0,2011.0,-494.0
DecoLine,2011.0,-494.0,2011.0,-495.0
DecoLine,2011.0,-495.0,2010.0,-495.0
DecoLine,2010.0,-495.0,2009.0,-496.0
DecoLine,2009.0,-496.0,2008.0,-496.0
DecoLine,2008.0,-496.0,2008.0,-496.0
DecoLine,2008.0,-496.0,2008.0,-494.0
DecoLine,2008.0,-494.0,2008.0,-493.0
DecoLine,2008.0,-493.0,2008.0,-492.0
DecoLine,2008.0,-492.0,2009.0,-491.0
DecoLine,2009.0,-491.0,2009.0,-491.0
DecoLine,2009.0,-491.0,2009.0,-491.0
DecoLine,2009.0,-491.0,2009.0,-492.0
DecoLine,2009.0,-492.0,2008.0,-492.0
DecoLine,2008.0,-492.0,2007.0,-493.0
DecoLine,2007.0,-493.0,2006.0,-493.0
DecoLine,2006.0,-493.0,2006.0,-493.0
DecoLine,2006.0,-493.0,2006.0,-493.0
DecoLine,2006.0,-493.0,2006.0,-492.0
DecoLine,2006.0,-492.0,2006.0,-492.0
DecoLine,2006.0,-492.0,2005.0,-492.0
DecoLine,2005.0,-492.0,2005.0,-492.0
DecoLine,2005.0,-492.0,2005.0,-492.0
DecoLine,2005.0,-492.0,2005.0,-492.0
DecoLine,2005.0,-492.0,2005.0,-492.0
DecoLine,2005.0,-492.0,2005.0,-492.0
DecoLine,2005.0,-492.0,2005.0,-492.0
DecoLine,2005.0,-492.0,2006.0,-491.0
DecoLine,2006.0,-491.0,2006.0,-491.0
DecoLine,2006.0,-491.0,2008.0,-491.0
DecoLine,2008.0,-491.0,2010.0,-489.0
DecoLine,2010.0,-489.0,2012.0,-488.0
DecoLine,2012.0,-488.0,2014.0,-486.0
DecoLine,2014.0,-486.0,2015.0,-485.0
DecoLine,2015.0,-485.0,2015.0,-485.0
DecoLine,2015.0,-485.0,2016.0,-485.0
DecoLine,2016.0,-485.0,2018.0,-483.0
DecoLine,2018.0,-483.0,2019.0,-481.0
DecoLine,2019.0,-481.0,2025.0,-477.0
DecoLine,2025.0,-477.0,2028.0,-474.0
DecoLine,2028.0,-474.0,2031.0,-471.0
DecoLine,2031.0,-471.0,2033.0,-469.0
DecoLine,2033.0,-469.0,2035.0,-467.0
DecoLine,2035.0,-467.0,2037.0,-465.0
DecoLine,2037.0,-465.0,2038.0,-464.0
DecoLine,2038.0,-464.0,2041.0,-462.0
DecoLine,2041.0,-462.0,2042.0,-460.0
DecoLine,2042.0,-460.0,2043.0,-459.0
DecoLine,2043.0,-459.0,2044.0,-458.0
DecoLine,2044.0,-458.0,2046.0,-456.0
DecoLine,2046.0,-456.0,2048.0,-455.0
DecoLine,2048.0,-455.0,2049.0,-454.0
DecoLine,2049.0,-454.0,2050.0,-453.0
DecoLine,2050.0,-453.0,2050.0,-453.0
DecoLine,2050.0,-453.0,2050.0,-453.0
DecoLine,2050.0,-453.0,2051.0,-453.0
DecoLine,2051.0,-453.0,2051.0,-452.0
DecoLine,2051.0,-452.0,2051.0,-452.0
DecoLine,2051.0,-452.0,2051.0,-452.0
DecoLine,2004.0,-496.0,2004.0,-496.0
DecoLine,2004.0,-496.0,2004.0,-496.0
DecoLine,2004.0,-496.0,2004.0,-497.0
DecoLine,2004.0,-497.0,2004.0,-497.0
DecoLine,2004.0,-497.0,2004.0,-498.0
DecoLine,2004.0,-498.0,2003.0,-499.0
DecoLine,2003.0,-499.0,2003.0,-499.0
DecoLine,2003.0,-499.0,2003.0,-500.0
DecoLine,2003.0,-500.0,2002.0,-501.0
DecoLine,2002.0,-501.0,2002.0,-501.0
DecoLine,2002.0,-501.0,1999.0,-504.0
DecoLine,1999.0,-504.0,1998.0,-507.0
DecoLine,1998.0,-507.0,1995.0,-510.0
DecoLine,1995.0,-510.0,1994.0,-512.0
DecoLine,1994.0,-512.0,1993.0,-513.0
DecoLine,1993.0,-513.0,1993.0,-514.0
DecoLine,1993.0,-514.0,1992.0,-515.0
DecoLine,1992.0,-515.0,1992.0,-515.0
DecoLine,1992.0,-515.0,1992.0,-515.0
DecoLine,1992.0,-515.0,1992.0,-515.0
DecoLine,1992.0,-515.0,1992.0,-516.0
DecoLine,1992.0,-516.0,1992.0,-516.0
DecoLine,1992.0,-516.0,1992.0,-516.0
DecoLine,1992.0,-516.0,1992.0,-516.0
DecoLine,1992.0,-516.0,1992.0,-516.0
DecoLine,1992.0,-516.0,1991.0,-517.0
DecoLine,1991.0,-517.0,1991.0,-517.0
DecoLine,2005.0,-490.0,2005.0,-490.0
DecoLine,2005.0,-490.0,2005.0,-489.0
DecoLine,2005.0,-489.0,2004.0,-489.0
DecoLine,2004.0,-489.0,2002.0,-489.0
DecoLine,2002.0,-489.0,1998.0,-493.0
DecoLine,1998.0,-493.0,1996.0,-494.0
DecoLine,1996.0,-494.0,1993.0,-496.0
DecoLine,1993.0,-496.0,1992.0,-497.0
DecoLine,1992.0,-497.0,1991.0,-498.0
DecoLine,1991.0,-498.0,1990.0,-498.0
DecoLine,1990.0,-498.0,1988.0,-499.0
DecoLine,1988.0,-499.0,1984.0,-502.0
DecoLine,1984.0,-502.0,1981.0,-503.0
DecoLine,1981.0,-503.0,1978.0,-505.0
DecoLine,1978.0,-505.0,1972.0,-508.0
DecoLine,1972.0,-508.0,1969.0,-510.0
DecoLine,1969.0,-510.0,1967.0,-512.0
DecoLine,1967.0,-512.0,1965.0,-513.0
DecoLine,1965.0,-513.0,1964.0,-514.0
DecoLine,1964.0,-514.0,1963.0,-514.0
DecoLine,1963.0,-514.0,1963.0,-515.0
DecoLine,1963.0,-515.0,1963.0,-515.0
DecoLine,1963.0,-515.0,1963.0,-515.0
DecoLine,1963.0,-515.0,1962.0,-515.0
DecoLine,1962.0,-515.0,1961.0,-516.0
DecoLine,1961.0,-516.0,1958.0,-518.0
DecoLine,1958.0,-518.0,1957.0,-519.0
DecoLine,1957.0,-519.0,1956.0,-520.0
DecoLine,1956.0,-520.0,1955.0,-521.0
DecoLine,1955.0,-521.0,1954.0,-522.0
DecoLine,1954.0,-522.0,1954.0,-522.0
DecoLine,1954.0,-522.0,1954.0,-522.0
DecoLine,1954.0,-522.0,1953.0,-522.0
DecoLine,1953.0,-522.0,1953.0,-522.0
DecoLine,2024.0,-534.0,2024.0,-534.0
DecoLine,2024.0,-534.0,2024.0,-535.0
DecoLine,2024.0,-535.0,2024.0,-535.0
DecoLine,2024.0,-535.0,2024.0,-536.0
DecoLine,2024.0,-536.0,2024.0,-537.0
DecoLine,2024.0,-537.0,2025.0,-537.0
DecoLine,2025.0,-537.0,2026.0,-538.0
DecoLine,2026.0,-538.0,2027.0,-539.0
DecoLine,2027.0,-539.0,2028.0,-540.0
DecoLine,2028.0,-540.0,2029.0,-540.0
DecoLine,2029.0,-540.0,2030.0,-541.0
DecoLine,2030.0,-541.0,2031.0,-542.0
DecoLine,2031.0,-542.0,2031.0,-542.0
DecoLine,2031.0,-542.0,2031.0,-542.0
DecoLine,2031.0,-542.0,2032.0,-542.0
DecoLine,2032.0,-542.0,2033.0,-542.0
DecoLine,2033.0,-542.0,2033.0,-542.0
DecoLine,2033.0,-542.0,2034.0,-542.0
DecoLine,2034.0,-542.0,2034.0,-542.0
DecoLine,2034.0,-542.0,2035.0,-542.0
DecoLine,2035.0,-542.0,2036.0,-541.0
DecoLine,2036.0,-541.0,2037.0,-541.0
DecoLine,2037.0,-541.0,2037.0,-540.0
DecoLine,2037.0,-540.0,2038.0,-539.0
DecoLine,2038.0,-539.0,2038.0,-538.0
DecoLine,2038.0,-538.0,2039.0,-536.0
DecoLine,2039.0,-536.0,2039.0,-535.0
DecoLine,2039.0,-535.0,2041.0,-534.0
DecoLine,2041.0,-534.0,2042.0,-533.0
DecoLine,2042.0,-533.0,2044.0,-533.0
DecoLine,2044.0,-533.0,2045.0,-533.0
DecoLine,2045.0,-533.0,2046.0,-532.0
DecoLine,2046.0,-532.0,2047.0,-532.0
DecoLine,2047.0,-532.0,2048.0,-532.0
DecoLine,2048.0,-532.0,2049.0,-531.0
DecoLine,2049.0,-531.0,2050.0,-531.0
DecoLine,2050.0,-531.0,2051.0,-530.0
DecoLine,2051.0,-530.0,2052.0,-530.0
DecoLine,2052.0,-530.0,2053.0,-530.0
DecoLine,2053.0,-530.0,2053.0,-530.0
DecoLine,2053.0,-530.0,2054.0,-530.0
DecoLine,2054.0,-530.0,2054.0,-529.0
DecoLine,2054.0,-529.0,2055.0,-529.0
DecoLine,2055.0,-529.0,2055.0,-529.0
DecoLine,2055.0,-529.0,2055.0,-529.0
DecoLine,2055.0,-529.0,2056.0,-528.0
DecoLine,2056.0,-528.0,2056.0,-528.0
DecoLine,2056.0,-528.0,2056.0,-528.0
DecoLine,2056.0,-528.0,2056.0,-528.0
DecoLine,2056.0,-528.0,2056.0,-527.0
DecoLine,2056.0,-527.0,2056.0,-527.0
DecoLine,2056.0,-527.0,2056.0,-527.0
DecoLine,2056.0,-527.0,2056.0,-526.0
DecoLine,2056.0,-526.0,2056.0,-526.0
DecoLine,2056.0,-526.0,2056.0,-526.0
DecoLine,2024.0,-538.0,2024.0,-537.0
DecoLine,2024.0,-537.0,2024.0,-536.0
DecoLine,2024.0,-536.0,2024.0,-534.0
DecoLine,2024.0,-534.0,2025.0,-531.0
DecoLine,2025.0,-531.0,2026.0,-529.0
DecoLine,2026.0,-529.0,2026.0,-527.0
DecoLine,2026.0,-527.0,2027.0,-526.0
DecoLine,2027.0,-526.0,2027.0,-526.0
DecoLine,2027.0,-526.0,2028.0,-526.0
DecoLine,2028.0,-526.0,2028.0,-526.0
DecoLine,2028.0,-526.0,2028.0,-526.0
DecoLine,2028.0,-526.0,2029.0,-526.0
DecoLine,2029.0,-526.0,2030.0,-526.0
DecoLine,2030.0,-526.0,2030.0,-526.0
DecoLine,2030.0,-526.0,2031.0,-526.0
DecoLine,2031.0,-526.0,2031.0,-526.0
DecoLine,2031.0,-526.0,2032.0,-526.0
DecoLine,2032.0,-526.0,2032.0,-526.0
DecoLine,2032.0,-526.0,2033.0,-526.0
DecoLine,2033.0,-526.0,2034.0,-526.0
DecoLine,2034.0,-526.0,2035.0,-525.0
DecoLine,2035.0,-525.0,2036.0,-525.0
DecoLine,2036.0,-525.0,2036.0,-525.0
DecoLine,2036.0,-525.0,2037.0,-524.0
DecoLine,2037.0,-524.0,2038.0,-524.0
DecoLine,2038.0,-524.0,2038.0,-524.0
DecoLine,2038.0,-524.0,2039.0,-523.0
DecoLine,2039.0,-523.0,2041.0,-522.0
DecoLine,2041.0,-522.0,2042.0,-521.0
DecoLine,2042.0,-521.0,2044.0,-520.0
DecoLine,2044.0,-520.0,2045.0,-519.0
DecoLine,2045.0,-519.0,2046.0,-518.0
DecoLine,2046.0,-518.0,2047.0,-518.0
DecoLine,2047.0,-518.0,2047.0,-518.0
DecoLine,2047.0,-518.0,2047.0,-518.0
DecoLine,2047.0,-518.0,2047.0,-518.0
DecoLine,2047.0,-518.0,2048.0,-518.0
DecoLine,2048.0,-518.0,2048.0,-518.0
DecoLine,2048.0,-518.0,2048.0,-518.0
DecoLine,2048.0,-518.0,2049.0,-518.0
DecoLine,2049.0,-518.0,2049.0,-518.0
DecoLine,2049.0,-518.0,2050.0,-518.0
DecoLine,2050.0,-518.0,2050.0,-518.0
DecoLine,2050.0,-518.0,2051.0,-518.0
DecoLine,2051.0,-518.0,2051.0,-518.0
DecoLine,2051.0,-518.0,2052.0,-518.0
DecoLine,2052.0,-518.0,2052.0,-518.0
DecoLine,2052.0,-518.0,2053.0,-518.0
DecoLine,2053.0,-518.0,2053.0,-518.0
DecoLine,2053.0,-518.0,2053.0,-518.0
DecoLine,2053.0,-518.0,2053.0,-519.0
DecoLine,2053.0,-519.0,2053.0,-519.0
DecoLine,2053.0,-519.0,2054.0,-520.0
DecoLine,2054.0,-520.0,2054.0,-520.0
DecoLine,2054.0,-520.0,2054.0,-521.0
DecoLine,2054.0,-521.0,2054.0,-521.0
DecoLine,2054.0,-521.0,2054.0,-522.0
DecoLine,2054.0,-522.0,2054.0,-522.0
DecoLine,2054.0,-522.0,2054.0,-522.0
DecoLine,2054.0,-522.0,2054.0,-523.0
DecoLine,2054.0,-523.0,2054.0,-523.0
DecoLine,2054.0,-523.0,2054.0,-523.0
DecoLine,2054.0,-523.0,2054.0,-524.0
DecoLine,2054.0,-524.0,2054.0,-524.0
DecoLine,2054.0,-524.0,2054.0,-524.0
DecoLine,2054.0,-524.0,2054.0,-524.0
DecoLine,2054.0,-524.0,2055.0,-525.0
DecoLine,2055.0,-525.0,2055.0,-525.0
DecoLine,2055.0,-525.0,2055.0,-525.0
DecoLine,2055.0,-525.0,2055.0,-525.0
DecoLine,2055.0,-525.0,2055.0,-526.0
DecoLine,2081.0,-986.0,2081.0,-986.0
DecoLine,2081.0,-986.0,2081.0,-984.0
DecoLine,2081.0,-984.0,2081.0,-983.0
DecoLine,2081.0,-983.0,2083.0,-979.0
DecoLine,2083.0,-979.0,2085.0,-974.0
DecoLine,2085.0,-974.0,2087.0,-971.0
DecoLine,2087.0,-971.0,2091.0,-964.0
DecoLine,2091.0,-964.0,2093.0,-959.0
DecoLine,2093.0,-959.0,2094.0,-955.0
DecoLine,2094.0,-955.0,2096.0,-952.0
DecoLine,2096.0,-952.0,2097.0,-947.0
DecoLine,2097.0,-947.0,2098.0,-945.0
DecoLine,2098.0,-945.0,2099.0,-943.0
DecoLine,2099.0,-943.0,2101.0,-935.0
DecoLine,2101.0,-935.0,2103.0,-930.0
DecoLine,2103.0,-930.0,2104.0,-925.0
DecoLine,2104.0,-925.0,2105.0,-922.0
DecoLine,2105.0,-922.0,2106.0,-920.0
DecoLine,2106.0,-920.0,2106.0,-920.0
DecoLine,2106.0,-920.0,2106.0,-920.0
DecoLine,2106.0,-920.0,2106.0,-919.0
DecoLine,2106.0,-919.0,2108.0,-914.0
DecoLine,2108.0,-914.0,2109.0,-909.0
DecoLine,2109.0,-909.0,2110.0,-906.0
DecoLine,2110.0,-906.0,2111.0,-904.0
DecoLine,2111.0,-904.0,2112.0,-903.0
DecoLine,2112.0,-903.0,2112.0,-902.0
DecoLine,2112.0,-902.0,2112.0,-902.0
DecoLine,2112.0,-902.0,2113.0,-901.0
DecoLine,2113.0,-901.0,2115.0,-898.0
DecoLine,2115.0,-898.0,2118.0,-894.0
DecoLine,2118.0,-894.0,2119.0,-892.0
DecoLine,2119.0,-892.0,2119.0,-891.0
DecoLine,2119.0,-891.0,2120.0,-890.0
DecoLine,2120.0,-890.0,2120.0,-890.0
DecoLine,2120.0,-890.0,2121.0,-891.0
DecoLine,2121.0,-891.0,2121.0,-892.0
DecoLine,2121.0,-892.0,2121.0,-893.0
DecoLine,2121.0,-893.0,2121.0,-895.0
DecoLine,2121.0,-895.0,2122.0,-898.0
DecoLine,2122.0,-898.0,2123.0,-902.0
DecoLine,2123.0,-902.0,2124.0,-905.0
DecoLine,2124.0,-905.0,2127.0,-910.0
DecoLine,2127.0,-910.0,2129.0,-914.0
DecoLine,2129.0,-914.0,2130.0,-916.0
DecoLine,2130.0,-916.0,2131.0,-917.0
DecoLine,2131.0,-917.0,2131.0,-918.0
DecoLine,2131.0,-918.0,2132.0,-918.0
DecoLine,2132.0,-918.0,2133.0,-918.0
DecoLine,2133.0,-918.0,2133.0,-918.0
DecoLine,2133.0,-918.0,2133.0,-917.0
DecoLine,2133.0,-917.0,2135.0,-915.0
DecoLine,2135.0,-915.0,2137.0,-913.0
DecoLine,2137.0,-913.0,2139.0,-910.0
DecoLine,2139.0,-910.0,2143.0,-907.0
DecoLine,2143.0,-907.0,2147.0,-903.0
DecoLine,2147.0,-903.0,2154.0,-898.0
DecoLine,2154.0,-898.0,2158.0,-893.0
DecoLine,2158.0,-893.0,2165.0,-886.0
DecoLine,2165.0,-886.0,2167.0,-884.0
DecoLine,2167.0,-884.0,2174.0,-876.0
DecoLine,2174.0,-876.0,2176.0,-875.0
DecoLine,2176.0,-875.0,2178.0,-873.0
DecoLine,2178.0,-873.0,2182.0,-871.0
DecoLine,2182.0,-871.0,2185.0,-869.0
DecoLine,2185.0,-869.0,2190.0,-865.0
DecoLine,2190.0,-865.0,2198.0,-860.0
DecoLine,2198.0,-860.0,2205.0,-855.0
DecoLine,2205.0,-855.0,2213.0,-849.0
DecoLine,2213.0,-849.0,2218.0,-846.0
DecoLine,2218.0,-846.0,2223.0,-844.0
DecoLine,2223.0,-844.0,2225.0,-843.0
DecoLine,2225.0,-843.0,2226.0,-843.0
DecoLine,2226.0,-843.0,2226.0,-843.0
DecoLine,2226.0,-843.0,2229.0,-843.0
DecoLine,2229.0,-843.0,2233.0,-842.0
DecoLine,2233.0,-842.0,2239.0,-840.0
DecoLine,2239.0,-840.0,2246.0,-837.0
DecoLine,2246.0,-837.0,2254.0,-833.0
DecoLine,2254.0,-833.0,2261.0,-830.0
DecoLine,2261.0,-830.0,2267.0,-827.0
DecoLine,2267.0,-827.0,2274.0,-824.0
DecoLine,2274.0,-824.0,2286.0,-817.0
DecoLine,2286.0,-817.0,2290.0,-815.0
DecoLine,2290.0,-815.0,2293.0,-814.0
DecoLine,2293.0,-814.0,2297.0,-813.0
DecoLine,2297.0,-813.0,2300.0,-812.0
DecoLine,2300.0,-812.0,2305.0,-810.0
DecoLine,2305.0,-810.0,2309.0,-808.0
DecoLine,2309.0,-808.0,2321.0,-804.0
DecoLine,2321.0,-804.0,2327.0,-801.0
DecoLine,2327.0,-801.0,2331.0,-800.0
DecoLine,2331.0,-800.0,2333.0,-800.0
DecoLine,2333.0,-800.0,2334.0,-800.0
DecoLine,2334.0,-800.0,2335.0,-800.0
DecoLine,2335.0,-800.0,2335.0,-801.0
DecoLine,2335.0,-801.0,2336.0,-803.0
DecoLine,2336.0,-803.0,2338.0,-805.0
DecoLine,2338.0,-805.0,2342.0,-808.0
DecoLine,2342.0,-808.0,2347.0,-812.0
DecoLine,2347.0,-812.0,2352.0,-817.0
DecoLine,2352.0,-817.0,2356.0,-821.0
DecoLine,2356.0,-821.0,2361.0,-825.0
DecoLine,2361.0,-825.0,2366.0,-829.0
DecoLine,2366.0,-829.0,2370.0,-832.0
DecoLine,2370.0,-832.0,2373.0,-835.0
DecoLine,2373.0,-835.0,2375.0,-836.0
DecoLine,2375.0,-836.0,2376.0,-836.0
DecoLine,2376.0,-836.0,2377.0,-836.0
DecoLine,2377.0,-836.0,2378.0,-836.0
DecoLine,2378.0,-836.0,2380.0,-835.0
DecoLine,2380.0,-835.0,2385.0,-831.0
DecoLine,2385.0,-831.0,2394.0,-825.0
DecoLine,2394.0,-825.0,2400.0,-820.0
DecoLine,2400.0,-820.0,2407.0,-813.0
DecoLine,2407.0,-813.0,2409.0,-812.0
DecoLine,2409.0,-812.0,2416.0,-805.0
DecoLine,2416.0,-805.0,2420.0,-801.0
DecoLine,2420.0,-801.0,2439.0,-786.0
DecoLine,2439.0,-786.0,2453.0,-775.0
DecoLine,2453.0,-775.0,2460.0,-768.0
DecoLine,2460.0,-768.0,2468.0,-762.0
DecoLine,2468.0,-762.0,2470.0,-760.0
DecoLine,2470.0,-760.0,2472.0,-759.0
DecoLine,2472.0,-759.0,2477.0,-757.0
DecoLine,2477.0,-757.0,2481.0,-756.0
DecoLine,2481.0,-756.0,2492.0,-751.0
DecoLine,2492.0,-751.0,2500.0,-745.0
DecoLine,2500.0,-745.0,2504.0,-742.0
DecoLine,2504.0,-742.0,2507.0,-739.0
DecoLine,2507.0,-739.0,2508.0,-738.0
DecoLine,2508.0,-738.0,2509.0,-738.0
DecoLine,2509.0,-738.0,2511.0,-737.0
DecoLine,2511.0,-737.0,2513.0,-735.0
DecoLine,2513.0,-735.0,2516.0,-733.0
DecoLine,2516.0,-733.0,2520.0,-731.0
DecoLine,2520.0,-731.0,2525.0,-726.0
DecoLine,2525.0,-726.0,2529.0,-722.0
DecoLine,2529.0,-722.0,2530.0,-721.0
DecoLine,2530.0,-721.0,2531.0,-720.0
DecoLine,2531.0,-720.0,2533.0,-719.0
DecoLine,2533.0,-719.0,2536.0,-718.0
DecoLine,2536.0,-718.0,2543.0,-716.0
DecoLine,2543.0,-716.0,2554.0,-713.0
DecoLine,2554.0,-713.0,2560.0,-711.0
DecoLine,2560.0,-711.0,2573.0,-709.0
DecoLine,2573.0,-709.0,2578.0,-708.0
DecoLine,2578.0,-708.0,2581.0,-708.0
DecoLine,2581.0,-708.0,2588.0,-708.0
DecoLine,2588.0,-708.0,2593.0,-708.0
DecoLine,2593.0,-708.0,2599.0,-708.0
DecoLine,2599.0,-708.0,2604.0,-708.0
DecoLine,2604.0,-708.0,2610.0,-708.0
DecoLine,2610.0,-708.0,2613.0,-708.0
DecoLine,2613.0,-708.0,2615.0,-707.0
DecoLine,2615.0,-707.0,2617.0,-707.0
DecoLine,2617.0,-707.0,2617.0,-707.0
DecoLine,2617.0,-707.0,2617.0,-707.0
DecoLine,2617.0,-707.0,2617.0,-708.0
DecoLine,2617.0,-708.0,2616.0,-709.0
DecoLine,2616.0,-709.0,2616.0,-710.0
DecoLine,2616.0,-710.0,2616.0,-712.0
DecoLine,2616.0,-712.0,2616.0,-713.0
DecoLine,2616.0,-713.0,2616.0,-714.0
DecoLine,2616.0,-714.0,2616.0,-717.0
DecoLine,2616.0,-717.0,2620.0,-720.0
DecoLine,2620.0,-720.0,2627.0,-724.0
DecoLine,2627.0,-724.0,2633.0,-729.0
DecoLine,2633.0,-729.0,2639.0,-733.0
DecoLine,2639.0,-733.0,2643.0,-737.0
DecoLine,2643.0,-737.0,2647.0,-741.0
DecoLine,2647.0,-741.0,2651.0,-743.0
DecoLine,2651.0,-743.0,2654.0,-745.0
DecoLine,2654.0,-745.0,2657.0,-745.0
DecoLine,2657.0,-745.0,2664.0,-746.0
DecoLine,2664.0,-746.0,2674.0,-746.0
DecoLine,2674.0,-746.0,2685.0,-746.0
DecoLine,2685.0,-746.0,2692.0,-746.0
DecoLine,2692.0,-746.0,2697.0,-745.0
DecoLine,2697.0,-745.0,2699.0,-744.0
DecoLine,2699.0,-744.0,2701.0,-743.0
DecoLine,2701.0,-743.0,2701.0,-743.0
DecoLine,2701.0,-743.0,2702.0,-742.0
DecoLine,2702.0,-742.0,2702.0,-742.0
DecoLine,2702.0,-742.0,2702.0,-741.0
DecoLine,2702.0,-741.0,2702.0,-740.0
DecoLine,2702.0,-740.0,2702.0,-740.0
DecoLine,2702.0,-740.0,2702.0,-740.0
DecoLine,2702.0,-740.0,2704.0,-740.0
DecoLine,2704.0,-740.0,2709.0,-740.0
DecoLine,2709.0,-740.0,2715.0,-737.0
DecoLine,2715.0,-737.0,2729.0,-732.0
DecoLine,2729.0,-732.0,2734.0,-731.0
DecoLine,2734.0,-731.0,2755.0,-723.0
DecoLine,2755.0,-723.0,2770.0,-717.0
DecoLine,2770.0,-717.0,2787.0,-710.0
DecoLine,2787.0,-710.0,2803.0,-704.0
DecoLine,2803.0,-704.0,2813.0,-699.0
DecoLine,2813.0,-699.0,2822.0,-696.0
DecoLine,2822.0,-696.0,2832.0,-692.0
DecoLine,2832.0,-692.0,2839.0,-690.0
DecoLine,2839.0,-690.0,2845.0,-689.0
DecoLine,2845.0,-689.0,2857.0,-687.0
DecoLine,2857.0,-687.0,2882.0,-684.0
DecoLine,2882.0,-684.0,2897.0,-682.0
DecoLine,2897.0,-682.0,2914.0,-682.0
DecoLine,2914.0,-682.0,2930.0,-682.0
DecoLine,2930.0,-682.0,2950.0,-682.0
DecoLine,2950.0,-682.0,2973.0,-682.0
DecoLine,2973.0,-682.0,2988.0,-682.0
DecoLine,2988.0,-682.0,3006.0,-682.0
DecoLine,3006.0,-682.0,3017.0,-683.0
DecoLine,3017.0,-683.0,3031.0,-684.0
DecoLine,3031.0,-684.0,3042.0,-685.0
DecoLine,3042.0,-685.0,3057.0,-685.0
DecoLine,3057.0,-685.0,3066.0,-685.0
DecoLine,3066.0,-685.0,3074.0,-684.0
DecoLine,3074.0,-684.0,3088.0,-681.0
DecoLine,3088.0,-681.0,3104.0,-679.0
DecoLine,3104.0,-679.0,3123.0,-676.0
DecoLine,3123.0,-676.0,3141.0,-673.0
DecoLine,3141.0,-673.0,3161.0,-670.0
DecoLine,3161.0,-670.0,3174.0,-668.0
DecoLine,3174.0,-668.0,3199.0,-663.0
DecoLine,3199.0,-663.0,3204.0,-663.0
DecoLine,3204.0,-663.0,3211.0,-662.0
DecoLine,3211.0,-662.0,3215.0,-662.0
DecoLine,3215.0,-662.0,3215.0,-662.0
DecoLine,2495.0,-724.0,2495.0,-725.0
DecoLine,2495.0,-725.0,2495.0,-725.0
DecoLine,2495.0,-725.0,2491.0,-725.0
DecoLine,2491.0,-725.0,2485.0,-726.0
DecoLine,2485.0,-726.0,2470.0,-732.0
DecoLine,2470.0,-732.0,2466.0,-733.0
DecoLine,2466.0,-733.0,2459.0,-733.0
DecoLine,2459.0,-733.0,2455.0,-733.0
DecoLine,2455.0,-733.0,2450.0,-733.0
DecoLine,2450.0,-733.0,2445.0,-733.0
DecoLine,2445.0,-733.0,2442.0,-732.0
DecoLine,2442.0,-732.0,2438.0,-730.0
DecoLine,2438.0,-730.0,2436.0,-729.0
DecoLine,2436.0,-729.0,2434.0,-728.0
DecoLine,2434.0,-728.0,2432.0,-726.0
DecoLine,2432.0,-726.0,2429.0,-722.0
DecoLine,2429.0,-722.0,2427.0,-720.0
DecoLine,2427.0,-720.0,2424.0,-717.0
DecoLine,2424.0,-717.0,2421.0,-714.0
DecoLine,2421.0,-714.0,2418.0,-710.0
DecoLine,2418.0,-710.0,2416.0,-706.0
DecoLine,2416.0,-706.0,2415.0,-703.0
DecoLine,2415.0,-703.0,2414.0,-700.0
DecoLine,2414.0,-700.0,2415.0,-692.0
DecoLine,2415.0,-692.0,2422.0,-681.0
DecoLine,2422.0,-681.0,2427.0,-675.0
DecoLine,2427.0,-675.0,2438.0,-662.0
DecoLine,2438.0,-662.0,2450.0,-653.0
DecoLine,2450.0,-653.0,2464.0,-643.0
DecoLine,2464.0,-643.0,2473.0,-640.0
DecoLine,2473.0,-640.0,2480.0,-638.0
DecoLine,2480.0,-638.0,2486.0,-638.0
DecoLine,2486.0,-638.0,2490.0,-638.0
DecoLine,2490.0,-638.0,2495.0,-639.0
DecoLine,2495.0,-639.0,2502.0,-643.0
DecoLine,2502.0,-643.0,2504.0,-644.0
DecoLine,2504.0,-644.0,2509.0,-648.0
DecoLine,2509.0,-648.0,2513.0,-654.0
DecoLine,2513.0,-654.0,2514.0,-657.0
DecoLine,2514.0,-657.0,2515.0,-661.0
DecoLine,2515.0,-661.0,2515.0,-667.0
DecoLine,2515.0,-667.0,2514.0,-676.0
DecoLine,2514.0,-676.0,2511.0,-685.0
DecoLine,2511.0,-685.0,2508.0,-693.0
DecoLine,2508.0,-693.0,2506.0,-697.0
DecoLine,2506.0,-697.0,2503.0,-703.0
DecoLine,2503.0,-703.0,2501.0,-704.0
DecoLine,2501.0,-704.0,2491.0,-713.0
DecoLine,2491.0,-713.0,2487.0,-715.0
DecoLine,2487.0,-715.0,2481.0,-718.0
DecoLine,2481.0,-718.0,2475.0,-722.0
DecoLine,2475.0,-722.0,2471.0,-724.0
DecoLine,2471.0,-724.0,2467.0,-724.0
DecoLine,2467.0,-724.0,2463.0,-724.0
DecoLine,2463.0,-724.0,2460.0,-724.0
DecoLine,2460.0,-724.0,2457.0,-722.0
DecoLine,2457.0,-722.0,2455.0,-719.0
DecoLine,2455.0,-719.0,2454.0,-718.0
DecoLine,2454.0,-718.0,2453.0,-713.0
DecoLine,2453.0,-713.0,2451.0,-704.0
DecoLine,2451.0,-704.0,2450.0,-699.0
DecoLine,2450.0,-699.0,2449.0,-696.0
DecoLine,2449.0,-696.0,2448.0,-693.0
DecoLine,2448.0,-693.0,2448.0,-688.0
DecoLine,2448.0,-688.0,2450.0,-682.0
DecoLine,2450.0,-682.0,2452.0,-679.0
DecoLine,2452.0,-679.0,2454.0,-676.0
DecoLine,2454.0,-676.0,2457.0,-674.0
DecoLine,2457.0,-674.0,2460.0,-673.0
DecoLine,2460.0,-673.0,2466.0,-673.0
DecoLine,2466.0,-673.0,2470.0,-675.0
DecoLine,2470.0,-675.0,2477.0,-677.0
DecoLine,2477.0,-677.0,2483.0,-680.0
DecoLine,2483.0,-680.0,2489.0,-683.0
DecoLine,2489.0,-683.0,2493.0,-685.0
DecoLine,2493.0,-685.0,2495.0,-687.0
DecoLine,2495.0,-687.0,2495.0,-688.0
DecoLine,2495.0,-688.0,2495.0,-690.0
DecoLine,2495.0,-690.0,2485.0,-706.0
DecoLine,2485.0,-706.0,2482.0,-709.0
DecoLine,2482.0,-709.0,2476.0,-716.0
DecoLine,2476.0,-716.0,2462.0,-727.0
DecoLine,2462.0,-727.0,2456.0,-728.0
DecoLine,2456.0,-728.0,2449.0,-729.0
DecoLine,2449.0,-729.0,2443.0,-726.0
DecoLine,2443.0,-726.0,2437.0,-722.0
DecoLine,2437.0,-722.0,2434.0,-718.0
DecoLine,2434.0,-718.0,2428.0,-712.0
DecoLine,2428.0,-712.0,2426.0,-710.0
DecoLine,2426.0,-710.0,2424.0,-702.0
DecoLine,2424.0,-702.0,2424.0,-692.0
DecoLine,2424.0,-692.0,2427.0,-676.0
DecoLine,2427.0,-676.0,2432.0,-667.0
DecoLine,2432.0,-667.0,2441.0,-656.0
DecoLine,2441.0,-656.0,2449.0,-650.0
DecoLine,2449.0,-650.0,2456.0,-646.0
DecoLine,2456.0,-646.0,2464.0,-645.0
DecoLine,2464.0,-645.0,2468.0,-645.0
DecoLine,2468.0,-645.0,2470.0,-646.0
DecoLine,2470.0,-646.0,2474.0,-648.0
DecoLine,2474.0,-648.0,2478.0,-652.0
DecoLine,2478.0,-652.0,2481.0,-658.0
DecoLine,2481.0,-658.0,2483.0,-669.0
DecoLine,2483.0,-669.0,2484.0,-675.0
DecoLine,2484.0,-675.0,2484.0,-684.0
DecoLine,2484.0,-684.0,2483.0,-689.0
DecoLine,2483.0,-689.0,2481.0,-692.0
DecoLine,2481.0,-692.0,2479.0,-693.0
DecoLine,2479.0,-693.0,2478.0,-693.0
DecoLine,2478.0,-693.0,2474.0,-693.0
DecoLine,2474.0,-693.0,2464.0,-691.0
DecoLine,2464.0,-691.0,2460.0,-690.0
DecoLine,2460.0,-690.0,2452.0,-687.0
DecoLine,2452.0,-687.0,2447.0,-683.0
DecoLine,2447.0,-683.0,2442.0,-678.0
DecoLine,2442.0,-678.0,2440.0,-671.0
DecoLine,2440.0,-671.0,2439.0,-665.0
DecoLine,2439.0,-665.0,2439.0,-660.0
DecoLine,2439.0,-660.0,2439.0,-657.0
DecoLine,2439.0,-657.0,2440.0,-653.0
DecoLine,2440.0,-653.0,2449.0,-647.0
DecoLine,2449.0,-647.0,2453.0,-644.0
DecoLine,2453.0,-644.0,2465.0,-639.0
DecoLine,2465.0,-639.0,2474.0,-637.0
DecoLine,2474.0,-637.0,2479.0,-637.0
DecoLine,2479.0,-637.0,2481.0,-638.0
DecoLine,2481.0,-638.0,2483.0,-640.0
DecoLine,2483.0,-640.0,2483.0,-645.0
DecoLine,2483.0,-645.0,2483.0,-659.0
DecoLine,2483.0,-659.0,2482.0,-663.0
DecoLine,2482.0,-663.0,2477.0,-678.0
DecoLine,2477.0,-678.0,2473.0,-685.0
DecoLine,2473.0,-685.0,2472.0,-688.0
DecoLine,2472.0,-688.0,2469.0,-690.0
DecoLine,2469.0,-690.0,2467.0,-690.0
DecoLine,2467.0,-690.0,2464.0,-689.0
DecoLine,2464.0,-689.0,2460.0,-687.0
DecoLine,2460.0,-687.0,2455.0,-683.0
DecoLine,2455.0,-683.0,2451.0,-679.0
DecoLine,2451.0,-679.0,2446.0,-674.0
DecoLine,2446.0,-674.0,2443.0,-668.0
DecoLine,2443.0,-668.0,2442.0,-660.0
DecoLine,2442.0,-660.0,2441.0,-652.0
DecoLine,2441.0,-652.0,2441.0,-647.0
DecoLine,2441.0,-647.0,2441.0,-642.0
DecoLine,2441.0,-642.0,2443.0,-638.0
DecoLine,2443.0,-638.0,2448.0,-635.0
DecoLine,2448.0,-635.0,2455.0,-632.0
DecoLine,2455.0,-632.0,2463.0,-631.0
DecoLine,2463.0,-631.0,2472.0,-631.0
DecoLine,2472.0,-631.0,2479.0,-631.0
DecoLine,2479.0,-631.0,2482.0,-631.0
DecoLine,2482.0,-631.0,2490.0,-635.0
DecoLine,2490.0,-635.0,2494.0,-640.0
DecoLine,2494.0,-640.0,2495.0,-643.0
DecoLine,2495.0,-643.0,2496.0,-656.0
DecoLine,2496.0,-656.0,2496.0,-664.0
DecoLine,2496.0,-664.0,2492.0,-673.0
DecoLine,2492.0,-673.0,2485.0,-683.0
DecoLine,2485.0,-683.0,2478.0,-688.0
DecoLine,2478.0,-688.0,2459.0,-696.0
DecoLine,2459.0,-696.0,2445.0,-702.0
DecoLine,2445.0,-702.0,2429.0,-707.0
DecoLine,2429.0,-707.0,2418.0,-710.0
DecoLine,2418.0,-710.0,2407.0,-711.0
DecoLine,2407.0,-711.0,2400.0,-711.0
DecoLine,2400.0,-711.0,2395.0,-709.0
DecoLine,2395.0,-709.0,2390.0,-705.0
DecoLine,2390.0,-705.0,2388.0,-700.0
DecoLine,2388.0,-700.0,2387.0,-694.0
DecoLine,2387.0,-694.0,2387.0,-686.0
DecoLine,2387.0,-686.0,2390.0,-680.0
DecoLine,2390.0,-680.0,2394.0,-674.0
DecoLine,2394.0,-674.0,2396.0,-672.0
DecoLine,2396.0,-672.0,2403.0,-669.0
DecoLine,2403.0,-669.0,2406.0,-668.0
DecoLine,2406.0,-668.0,2417.0,-665.0
DecoLine,2417.0,-665.0,2423.0,-664.0
DecoLine,2423.0,-664.0,2430.0,-663.0
DecoLine,2430.0,-663.0,2436.0,-663.0
DecoLine,2436.0,-663.0,2440.0,-663.0
DecoLine,2440.0,-663.0,2443.0,-663.0
DecoLine,2443.0,-663.0,2447.0,-667.0
DecoLine,2447.0,-667.0,2448.0,-668.0
DecoLine,2448.0,-668.0,2452.0,-676.0
DecoLine,2452.0,-676.0,2454.0,-682.0
DecoLine,2454.0,-682.0,2455.0,-689.0
DecoLine,2455.0,-689.0,2455.0,-694.0
DecoLine,2455.0,-694.0,2455.0,-701.0
DecoLine,2455.0,-701.0,2454.0,-706.0
DecoLine,2454.0,-706.0,2452.0,-709.0
DecoLine,2452.0,-709.0,2450.0,-711.0
DecoLine,2450.0,-711.0,2446.0,-710.0
DecoLine,2446.0,-710.0,2441.0,-708.0
DecoLine,2441.0,-708.0,2435.0,-704.0
DecoLine,2435.0,-704.0,2432.0,-701.0
DecoLine,2432.0,-701.0,2424.0,-692.0
DecoLine,2424.0,-692.0,2421.0,-686.0
DecoLine,2421.0,-686.0,2419.0,-677.0
DecoLine,2419.0,-677.0,2419.0,-664.0
DecoLine,2419.0,-664.0,2421.0,-651.0
DecoLine,2421.0,-651.0,2424.0,-642.0
DecoLine,2424.0,-642.0,2430.0,-632.0
DecoLine,2430.0,-632.0,2438.0,-626.0
DecoLine,2438.0,-626.0,2442.0,-624.0
DecoLine,2442.0,-624.0,2457.0,-619.0
DecoLine,2457.0,-619.0,2465.0,-617.0
DecoLine,2465.0,-617.0,2469.0,-617.0
DecoLine,2469.0,-617.0,2475.0,-617.0
DecoLine,2475.0,-617.0,2478.0,-618.0
DecoLine,2478.0,-618.0,2481.0,-622.0
DecoLine,2481.0,-622.0,2482.0,-628.0
DecoLine,2482.0,-628.0,2483.0,-638.0
DecoLine,2483.0,-638.0,2484.0,-655.0
DecoLine,2484.0,-655.0,2484.0,-662.0
DecoLine,2484.0,-662.0,2484.0,-669.0
DecoLine,2484.0,-669.0,2483.0,-675.0
DecoLine,2483.0,-675.0,2479.0,-682.0
DecoLine,2479.0,-682.0,2472.0,-692.0
DecoLine,2472.0,-692.0,2466.0,-699.0
DecoLine,2466.0,-699.0,2461.0,-703.0
DecoLine,2461.0,-703.0,2453.0,-708.0
DecoLine,2453.0,-708.0,2448.0,-710.0
DecoLine,2448.0,-710.0,2443.0,-710.0
DecoLine,2443.0,-710.0,2440.0,-708.0
DecoLine,2440.0,-708.0,2438.0,-706.0
DecoLine,2438.0,-706.0,2437.0,-703.0
DecoLine,2437.0,-703.0,2437.0,-698.0
DecoLine,2437.0,-698.0,2438.0,-689.0
DecoLine,2438.0,-689.0,2443.0,-676.0
DecoLine,2443.0,-676.0,2448.0,-668.0
DecoLine,2448.0,-668.0,2451.0,-660.0
DecoLine,2451.0,-660.0,2455.0,-656.0
DecoLine,2455.0,-656.0,2457.0,-655.0
DecoLine,2457.0,-655.0,2458.0,-655.0
DecoLine,2458.0,-655.0,2460.0,-655.0
DecoLine,2460.0,-655.0,2463.0,-656.0
DecoLine,2463.0,-656.0,2467.0,-658.0
DecoLine,2467.0,-658.0,2473.0,-661.0
DecoLine,2473.0,-661.0,2478.0,-664.0
DecoLine,2478.0,-664.0,2482.0,-668.0
DecoLine,2482.0,-668.0,2485.0,-671.0
DecoLine,2485.0,-671.0,2487.0,-675.0
DecoLine,2487.0,-675.0,2489.0,-679.0
DecoLine,2489.0,-679.0,2490.0,-684.0
DecoLine,2490.0,-684.0,2492.0,-690.0
DecoLine,2492.0,-690.0,2493.0,-693.0
DecoLine,2493.0,-693.0,2494.0,-696.0
DecoLine,2494.0,-696.0,2495.0,-699.0
DecoLine,2495.0,-699.0,2495.0,-700.0
DecoLine,2495.0,-700.0,2495.0,-701.0
DecoLine,2495.0,-701.0,2494.0,-702.0
DecoLine,2494.0,-702.0,2489.0,-703.0
DecoLine,2489.0,-703.0,2485.0,-705.0
DecoLine,2485.0,-705.0,2478.0,-707.0
DecoLine,2478.0,-707.0,2470.0,-709.0
DecoLine,2470.0,-709.0,2465.0,-710.0
DecoLine,2465.0,-710.0,2463.0,-710.0
DecoLine,2463.0,-710.0,2461.0,-710.0
DecoLine,2461.0,-710.0,2460.0,-709.0
DecoLine,2460.0,-709.0,2460.0,-708.0
DecoLine,2460.0,-708.0,2460.0,-705.0
DecoLine,2460.0,-705.0,2460.0,-701.0
DecoLine,2460.0,-701.0,2462.0,-697.0
DecoLine,2462.0,-697.0,2464.0,-693.0
DecoLine,2464.0,-693.0,2467.0,-691.0
DecoLine,2467.0,-691.0,2469.0,-690.0
DecoLine,2469.0,-690.0,2472.0,-690.0
DecoLine,2472.0,-690.0,2473.0,-690.0
DecoLine,2473.0,-690.0,2476.0,-691.0
DecoLine,2476.0,-691.0,2482.0,-695.0
DecoLine,2482.0,-695.0,2485.0,-697.0
DecoLine,2485.0,-697.0,2487.0,-700.0
DecoLine,2487.0,-700.0,2489.0,-703.0
DecoLine,2489.0,-703.0,2491.0,-706.0
DecoLine,2491.0,-706.0,2492.0,-709.0
DecoLine,2492.0,-709.0,2493.0,-712.0
DecoLine,2493.0,-712.0,2493.0,-716.0
DecoLine,2493.0,-716.0,2493.0,-719.0
DecoLine,2493.0,-719.0,2492.0,-722.0
DecoLine,2492.0,-722.0,2491.0,-723.0
DecoLine,2491.0,-723.0,2491.0,-724.0
DecoLine,2491.0,-724.0,2489.0,-725.0
DecoLine,2489.0,-725.0,2489.0,-725.0
DecoLine,2489.0,-725.0,2487.0,-725.0
DecoLine,2487.0,-725.0,2484.0,-725.0
DecoLine,2484.0,-725.0,2481.0,-725.0
DecoLine,2481.0,-725.0,2478.0,-725.0
DecoLine,2478.0,-725.0,2477.0,-725.0
DecoLine,2477.0,-725.0,2476.0,-724.0
DecoLine,2476.0,-724.0,2475.0,-724.0
DecoLine,2475.0,-724.0,2475.0,-723.0
DecoLine,2475.0,-723.0,2475.0,-723.0
DecoLine,2475.0,-723.0,2475.0,-722.0
DecoLine,2475.0,-722.0,2475.0,-721.0
DecoLine,2475.0,-721.0,2475.0,-721.0
DecoLine,2475.0,-721.0,2475.0,-720.0
DecoLine,2475.0,-720.0,2475.0,-719.0
DecoLine,2475.0,-719.0,2475.0,-718.0
DecoLine,2475.0,-718.0,2476.0,-717.0
DecoLine,2476.0,-717.0,2476.0,-715.0
DecoLine,2476.0,-715.0,2477.0,-714.0
DecoLine,2477.0,-714.0,2478.0,-713.0
DecoLine,2478.0,-713.0,2479.0,-711.0
DecoLine,2479.0,-711.0,2481.0,-708.0
DecoLine,2481.0,-708.0,2485.0,-702.0
DecoLine,2485.0,-702.0,2489.0,-697.0
DecoLine,2489.0,-697.0,2492.0,-694.0
DecoLine,2492.0,-694.0,2495.0,-692.0
DecoLine,2495.0,-692.0,2497.0,-691.0
DecoLine,2497.0,-691.0,2498.0,-691.0
DecoLine,2498.0,-691.0,2500.0,-691.0
DecoLine,2500.0,-691.0,2502.0,-691.0
DecoLine,2502.0,-691.0,2505.0,-691.0
DecoLine,2505.0,-691.0,2506.0,-691.0
DecoLine,2506.0,-691.0,2507.0,-692.0
DecoLine,2507.0,-692.0,2508.0,-693.0
DecoLine,2508.0,-693.0,2508.0,-694.0
DecoLine,2508.0,-694.0,2508.0,-695.0
DecoLine,2508.0,-695.0,2507.0,-698.0
DecoLine,2507.0,-698.0,2503.0,-705.0
DecoLine,2503.0,-705.0,2499.0,-709.0
DecoLine,2499.0,-709.0,2495.0,-713.0
DecoLine,2495.0,-713.0,2492.0,-715.0
DecoLine,2492.0,-715.0,2489.0,-716.0
DecoLine,2489.0,-716.0,2487.0,-716.0
DecoLine,2487.0,-716.0,2485.0,-716.0
DecoLine,2485.0,-716.0,2481.0,-716.0
DecoLine,2481.0,-716.0,2476.0,-716.0
DecoLine,2476.0,-716.0,2468.0,-716.0
DecoLine,2468.0,-716.0,2462.0,-716.0
DecoLine,2462.0,-716.0,2451.0,-716.0
DecoLine,2451.0,-716.0,2445.0,-715.0
DecoLine,2445.0,-715.0,2439.0,-715.0
DecoLine,2439.0,-715.0,2434.0,-713.0
DecoLine,2434.0,-713.0,2431.0,-713.0
DecoLine,2431.0,-713.0,2427.0,-711.0
DecoLine,2427.0,-711.0,2424.0,-710.0
DecoLine,2424.0,-710.0,2422.0,-709.0
DecoLine,2422.0,-709.0,2421.0,-709.0
DecoLine,2421.0,-709.0,2419.0,-708.0
DecoLine,2419.0,-708.0,2417.0,-707.0
DecoLine,2417.0,-707.0,2416.0,-706.0
DecoLine,2416.0,-706.0,2415.0,-705.0
DecoLine,2415.0,-705.0,2414.0,-704.0
DecoLine,2414.0,-704.0,2414.0,-703.0
DecoLine,2414.0,-703.0,2414.0,-702.0
DecoLine,2414.0,-702.0,2414.0,-701.0
DecoLine,2414.0,-701.0,2414.0,-699.0
DecoLine,2414.0,-699.0,2414.0,-697.0
DecoLine,2414.0,-697.0,2415.0,-693.0
DecoLine,2415.0,-693.0,2416.0,-685.0
DecoLine,2416.0,-685.0,2417.0,-681.0
DecoLine,2417.0,-681.0,2418.0,-678.0
DecoLine,2418.0,-678.0,2419.0,-676.0
DecoLine,2419.0,-676.0,2419.0,-675.0
DecoLine,2419.0,-675.0,2419.0,-674.0
DecoLine,2419.0,-674.0,2419.0,-671.0
DecoLine,2419.0,-671.0,2420.0,-667.0
DecoLine,2420.0,-667.0,2421.0,-664.0
DecoLine,2421.0,-664.0,2422.0,-662.0
DecoLine,2422.0,-662.0,2422.0,-661.0
DecoLine,2422.0,-661.0,2422.0,-660.0
DecoLine,2422.0,-660.0,2423.0,-660.0
DecoLine,2423.0,-660.0,2424.0,-657.0
DecoLine,2424.0,-657.0,2427.0,-654.0
DecoLine,2427.0,-654.0,2432.0,-648.0
DecoLine,2432.0,-648.0,2435.0,-646.0
DecoLine,2435.0,-646.0,2438.0,-644.0
DecoLine,2438.0,-644.0,2440.0,-644.0
DecoLine,2440.0,-644.0,2441.0,-644.0
DecoLine,2441.0,-644.0,2441.0,-644.0
DecoLine,2441.0,-644.0,2442.0,-646.0
DecoLine,2442.0,-646.0,2443.0,-651.0
DecoLine,2443.0,-651.0,2444.0,-654.0
DecoLine,2444.0,-654.0,2445.0,-658.0
DecoLine,2445.0,-658.0,2446.0,-661.0
DecoLine,2446.0,-661.0,2446.0,-663.0
DecoLine,2446.0,-663.0,2446.0,-665.0
DecoLine,2446.0,-665.0,2445.0,-665.0
DecoLine,2445.0,-665.0,2443.0,-666.0
DecoLine,2443.0,-666.0,2437.0,-669.0
DecoLine,2437.0,-669.0,2429.0,-673.0
DecoLine,2429.0,-673.0,2419.0,-677.0
DecoLine,2419.0,-677.0,2412.0,-679.0
DecoLine,2412.0,-679.0,2407.0,-680.0
DecoLine,2407.0,-680.0,2404.0,-680.0
DecoLine,2404.0,-680.0,2403.0,-680.0
DecoLine,2403.0,-680.0,2402.0,-680.0
DecoLine,2402.0,-680.0,2402.0,-679.0
DecoLine,2402.0,-679.0,2402.0,-678.0
DecoLine,2402.0,-678.0,2402.0,-678.0
DecoLine,2402.0,-678.0,2402.0,-677.0
DecoLine,2402.0,-677.0,2402.0,-675.0
DecoLine,2402.0,-675.0,2402.0,-673.0
DecoLine,2402.0,-673.0,2402.0,-672.0
DecoLine,2402.0,-672.0,2402.0,-670.0
DecoLine,2402.0,-670.0,2402.0,-666.0
DecoLine,2402.0,-666.0,2403.0,-662.0
DecoLine,2403.0,-662.0,2403.0,-659.0
DecoLine,2403.0,-659.0,2404.0,-657.0
DecoLine,2404.0,-657.0,2404.0,-656.0
DecoLine,2404.0,-656.0,2404.0,-656.0
DecoLine,2404.0,-656.0,2405.0,-655.0
DecoLine,2405.0,-655.0,2406.0,-652.0
DecoLine,2406.0,-652.0,2408.0,-650.0
DecoLine,2408.0,-650.0,2409.0,-647.0
DecoLine,2409.0,-647.0,2411.0,-646.0
DecoLine,2411.0,-646.0,2412.0,-645.0
DecoLine,2412.0,-645.0,2412.0,-644.0
DecoLine,2412.0,-644.0,2413.0,-644.0
DecoLine,2413.0,-644.0,2413.0,-644.0
DecoLine,2413.0,-644.0,2416.0,-644.0
DecoLine,2416.0,-644.0,2420.0,-644.0
DecoLine,2420.0,-644.0,2429.0,-644.0
DecoLine,2429.0,-644.0,2437.0,-643.0
DecoLine,2437.0,-643.0,2441.0,-643.0
DecoLine,2441.0,-643.0,2444.0,-643.0
DecoLine,2444.0,-643.0,2447.0,-644.0
DecoLine,2447.0,-644.0,2448.0,-646.0
DecoLine,2448.0,-646.0,2449.0,-648.0
DecoLine,2449.0,-648.0,2451.0,-652.0
DecoLine,2451.0,-652.0,2453.0,-657.0
DecoLine,2453.0,-657.0,2454.0,-663.0
DecoLine,2454.0,-663.0,2455.0,-669.0
DecoLine,2455.0,-669.0,2455.0,-676.0
DecoLine,2455.0,-676.0,2455.0,-683.0
DecoLine,2455.0,-683.0,2455.0,-690.0
DecoLine,2455.0,-690.0,2455.0,-696.0
DecoLine,2455.0,-696.0,2453.0,-706.0
DecoLine,2453.0,-706.0,2452.0,-710.0
DecoLine,2452.0,-710.0,2451.0,-714.0
DecoLine,2451.0,-714.0,2450.0,-716.0
DecoLine,2450.0,-716.0,2449.0,-718.0
DecoLine,2449.0,-718.0,2449.0,-719.0
DecoLine,2449.0,-719.0,2448.0,-720.0
DecoLine,2448.0,-720.0,2447.0,-720.0
DecoLine,2447.0,-720.0,2446.0,-721.0
DecoLine,2446.0,-721.0,2445.0,-722.0
DecoLine,2445.0,-722.0,2445.0,-722.0
DecoLine,2445.0,-722.0,2444.0,-722.0
DecoLine,2444.0,-722.0,2443.0,-723.0
DecoLine,2443.0,-723.0,2438.0,-725.0
DecoLine,2438.0,-725.0,2435.0,-726.0
DecoLine,2435.0,-726.0,2431.0,-728.0
DecoLine,2431.0,-728.0,2428.0,-729.0
DecoLine,2428.0,-729.0,2426.0,-729.0
DecoLine,2426.0,-729.0,2425.0,-729.0
DecoLine,2425.0,-729.0,2424.0,-729.0
DecoLine,2424.0,-729.0,2423.0,-727.0
DecoLine,2423.0,-727.0,2423.0,-726.0
DecoLine,2423.0,-726.0,2422.0,-725.0
DecoLine,2422.0,-725.0,2421.0,-725.0
DecoLine,2421.0,-725.0,2420.0,-724.0
DecoLine,2420.0,-724.0,2419.0,-723.0
DecoLine,2419.0,-723.0,2418.0,-723.0
DecoLine,2418.0,-723.0,2416.0,-722.0
DecoLine,2416.0,-722.0,2416.0,-721.0
DecoLine,2416.0,-721.0,2415.0,-720.0
DecoLine,2415.0,-720.0,2415.0,-719.0
DecoLine,2415.0,-719.0,2415.0,-718.0
DecoLine,2415.0,-718.0,2415.0,-717.0
DecoLine,2415.0,-717.0,2414.0,-716.0
DecoLine,2414.0,-716.0,2414.0,-716.0
DecoLine,2414.0,-716.0,2414.0,-715.0
DecoLine,2414.0,-715.0,2414.0,-714.0
DecoLine,2414.0,-714.0,2413.0,-713.0
DecoLine,2413.0,-713.0,2413.0,-713.0
DecoLine,2413.0,-713.0,2412.0,-711.0
DecoLine,2412.0,-711.0,2412.0,-710.0
DecoLine,2412.0,-710.0,2412.0,-709.0
DecoLine,2412.0,-709.0,2412.0,-708.0
DecoLine,2412.0,-708.0,2412.0,-707.0
DecoLine,2412.0,-707.0,2412.0,-706.0
DecoLine,2412.0,-706.0,2412.0,-706.0
DecoLine,2412.0,-706.0,2412.0,-705.0
DecoLine,2412.0,-705.0,2412.0,-703.0
DecoLine,2412.0,-703.0,2412.0,-702.0
DecoLine,2412.0,-702.0,2412.0,-700.0
DecoLine,2412.0,-700.0,2412.0,-698.0
DecoLine,2412.0,-698.0,2413.0,-696.0
DecoLine,2413.0,-696.0,2413.0,-695.0
DecoLine,2413.0,-695.0,2414.0,-695.0
DecoLine,2414.0,-695.0,2415.0,-693.0
DecoLine,2818.0,-675.0,2817.0,-675.0
DecoLine,2817.0,-675.0,2817.0,-675.0
DecoLine,2817.0,-675.0,2817.0,-675.0
DecoLine,2817.0,-675.0,2815.0,-675.0
DecoLine,2815.0,-675.0,2813.0,-675.0
DecoLine,2813.0,-675.0,2811.0,-675.0
DecoLine,2811.0,-675.0,2807.0,-675.0
DecoLine,2807.0,-675.0,2803.0,-675.0
DecoLine,2803.0,-675.0,2801.0,-675.0
DecoLine,2801.0,-675.0,2794.0,-675.0
DecoLine,2794.0,-675.0,2791.0,-675.0
DecoLine,2791.0,-675.0,2789.0,-675.0
DecoLine,2789.0,-675.0,2783.0,-675.0
DecoLine,2783.0,-675.0,2780.0,-675.0
DecoLine,2780.0,-675.0,2775.0,-674.0
DecoLine,2775.0,-674.0,2770.0,-673.0
DecoLine,2770.0,-673.0,2767.0,-673.0
DecoLine,2767.0,-673.0,2765.0,-672.0
DecoLine,2765.0,-672.0,2765.0,-671.0
DecoLine,2765.0,-671.0,2763.0,-670.0
DecoLine,2763.0,-670.0,2762.0,-669.0
DecoLine,2762.0,-669.0,2761.0,-668.0
DecoLine,2761.0,-668.0,2761.0,-667.0
DecoLine,2761.0,-667.0,2761.0,-666.0
DecoLine,2761.0,-666.0,2761.0,-666.0
DecoLine,2761.0,-666.0,2761.0,-665.0
DecoLine,2761.0,-665.0,2761.0,-663.0
DecoLine,2761.0,-663.0,2761.0,-660.0
DecoLine,2761.0,-660.0,2761.0,-658.0
DecoLine,2761.0,-658.0,2761.0,-657.0
DecoLine,2761.0,-657.0,2761.0,-656.0
DecoLine,2761.0,-656.0,2763.0,-650.0
DecoLine,2763.0,-650.0,2771.0,-638.0
DecoLine,2771.0,-638.0,2779.0,-629.0
DecoLine,2779.0,-629.0,2786.0,-621.0
DecoLine,2786.0,-621.0,2791.0,-617.0
DecoLine,2791.0,-617.0,2796.0,-615.0
DecoLine,2796.0,-615.0,2800.0,-615.0
DecoLine,2800.0,-615.0,2804.0,-615.0
DecoLine,2804.0,-615.0,2808.0,-615.0
DecoLine,2808.0,-615.0,2812.0,-615.0
DecoLine,2812.0,-615.0,2818.0,-618.0
DecoLine,2818.0,-618.0,2822.0,-620.0
DecoLine,2822.0,-620.0,2826.0,-623.0
DecoLine,2826.0,-623.0,2828.0,-626.0
DecoLine,2828.0,-626.0,2829.0,-630.0
DecoLine,2829.0,-630.0,2829.0,-638.0
DecoLine,2829.0,-638.0,2827.0,-647.0
DecoLine,2827.0,-647.0,2823.0,-658.0
DecoLine,2823.0,-658.0,2820.0,-665.0
DecoLine,2820.0,-665.0,2818.0,-669.0
DecoLine,2818.0,-669.0,2815.0,-673.0
DecoLine,2815.0,-673.0,2813.0,-674.0
DecoLine,2813.0,-674.0,2812.0,-675.0
DecoLine,2812.0,-675.0,2811.0,-676.0
DecoLine,2811.0,-676.0,2807.0,-678.0
DecoLine,2807.0,-678.0,2805.0,-679.0
DecoLine,2805.0,-679.0,2801.0,-681.0
DecoLine,2801.0,-681.0,2794.0,-685.0
DecoLine,2794.0,-685.0,2791.0,-686.0
DecoLine,2791.0,-686.0,2788.0,-687.0
DecoLine,2788.0,-687.0,2782.0,-688.0
DecoLine,2782.0,-688.0,2779.0,-689.0
DecoLine,2779.0,-689.0,2776.0,-689.0
DecoLine,2776.0,-689.0,2773.0,-689.0
DecoLine,2773.0,-689.0,2770.0,-689.0
DecoLine,2770.0,-689.0,2769.0,-689.0
DecoLine,2769.0,-689.0,2768.0,-688.0
DecoLine,2768.0,-688.0,2766.0,-686.0
DecoLine,2766.0,-686.0,2764.0,-683.0
DecoLine,2764.0,-683.0,2762.0,-680.0
DecoLine,2762.0,-680.0,2760.0,-676.0
DecoLine,2760.0,-676.0,2759.0,-673.0
DecoLine,2759.0,-673.0,2759.0,-671.0
DecoLine,2759.0,-671.0,2759.0,-669.0
DecoLine,2759.0,-669.0,2758.0,-666.0
DecoLine,2758.0,-666.0,2758.0,-662.0
DecoLine,2758.0,-662.0,2758.0,-660.0
DecoLine,2758.0,-660.0,2757.0,-658.0
DecoLine,2757.0,-658.0,2757.0,-656.0
DecoLine,2757.0,-656.0,2757.0,-655.0
DecoLine,2757.0,-655.0,2757.0,-654.0
DecoLine,2757.0,-654.0,2757.0,-652.0
DecoLine,2757.0,-652.0,2757.0,-648.0
DecoLine,2757.0,-648.0,2757.0,-645.0
DecoLine,2757.0,-645.0,2757.0,-643.0
DecoLine,2757.0,-643.0,2757.0,-641.0
DecoLine,2757.0,-641.0,2759.0,-636.0
DecoLine,2759.0,-636.0,2765.0,-625.0
DecoLine,2765.0,-625.0,2773.0,-614.0
DecoLine,2773.0,-614.0,2779.0,-606.0
DecoLine,2779.0,-606.0,2785.0,-600.0
DecoLine,2785.0,-600.0,2788.0,-598.0
DecoLine,2788.0,-598.0,2791.0,-597.0
DecoLine,2791.0,-597.0,2793.0,-597.0
DecoLine,2793.0,-597.0,2795.0,-597.0
DecoLine,2795.0,-597.0,2797.0,-598.0
DecoLine,2797.0,-598.0,2800.0,-600.0
DecoLine,2800.0,-600.0,2802.0,-602.0
DecoLine,2802.0,-602.0,2806.0,-605.0
DecoLine,2806.0,-605.0,2810.0,-610.0
DecoLine,2810.0,-610.0,2812.0,-614.0
DecoLine,2812.0,-614.0,2814.0,-619.0
DecoLine,2814.0,-619.0,2814.0,-622.0
DecoLine,2814.0,-622.0,2815.0,-626.0
DecoLine,2815.0,-626.0,2815.0,-631.0
DecoLine,2815.0,-631.0,2815.0,-637.0
DecoLine,2815.0,-637.0,2815.0,-641.0
DecoLine,2815.0,-641.0,2815.0,-645.0
DecoLine,2815.0,-645.0,2815.0,-647.0
DecoLine,2815.0,-647.0,2815.0,-648.0
DecoLine,2815.0,-648.0,2814.0,-650.0
DecoLine,2814.0,-650.0,2814.0,-651.0
DecoLine,2814.0,-651.0,2813.0,-652.0
DecoLine,2813.0,-652.0,2812.0,-653.0
DecoLine,2812.0,-653.0,2810.0,-654.0
DecoLine,2810.0,-654.0,2809.0,-655.0
DecoLine,2809.0,-655.0,2808.0,-655.0
DecoLine,2808.0,-655.0,2803.0,-655.0
DecoLine,2803.0,-655.0,2796.0,-656.0
DecoLine,2796.0,-656.0,2789.0,-657.0
DecoLine,2789.0,-657.0,2780.0,-658.0
DecoLine,2780.0,-658.0,2774.0,-658.0
DecoLine,2774.0,-658.0,2770.0,-658.0
DecoLine,2770.0,-658.0,2769.0,-657.0
DecoLine,2769.0,-657.0,2767.0,-654.0
DecoLine,2767.0,-654.0,2766.0,-652.0
DecoLine,2766.0,-652.0,2766.0,-649.0
DecoLine,2766.0,-649.0,2765.0,-647.0
DecoLine,2765.0,-647.0,2765.0,-645.0
DecoLine,2765.0,-645.0,2765.0,-644.0
DecoLine,2765.0,-644.0,2765.0,-642.0
DecoLine,2765.0,-642.0,2765.0,-639.0
DecoLine,2765.0,-639.0,2765.0,-636.0
DecoLine,2765.0,-636.0,2765.0,-634.0
DecoLine,2765.0,-634.0,2765.0,-633.0
DecoLine,2765.0,-633.0,2766.0,-632.0
DecoLine,2766.0,-632.0,2766.0,-631.0
DecoLine,2766.0,-631.0,2767.0,-631.0
DecoLine,2767.0,-631.0,2768.0,-631.0
DecoLine,2768.0,-631.0,2770.0,-631.0
DecoLine,2770.0,-631.0,2773.0,-631.0
DecoLine,2773.0,-631.0,2777.0,-631.0
DecoLine,2777.0,-631.0,2784.0,-631.0
DecoLine,2784.0,-631.0,2794.0,-631.0
DecoLine,2794.0,-631.0,2799.0,-631.0
DecoLine,2799.0,-631.0,2805.0,-631.0
DecoLine,2805.0,-631.0,2809.0,-631.0
DecoLine,2809.0,-631.0,2811.0,-631.0
DecoLine,2811.0,-631.0,2812.0,-632.0
DecoLine,2812.0,-632.0,2813.0,-635.0
DecoLine,2813.0,-635.0,2813.0,-636.0
DecoLine,2813.0,-636.0,2813.0,-638.0
DecoLine,2813.0,-638.0,2813.0,-641.0
DecoLine,2813.0,-641.0,2813.0,-644.0
DecoLine,2813.0,-644.0,2812.0,-647.0
DecoLine,2812.0,-647.0,2811.0,-650.0
DecoLine,2811.0,-650.0,2810.0,-653.0
DecoLine,2810.0,-653.0,2809.0,-657.0
DecoLine,2809.0,-657.0,2808.0,-660.0
DecoLine,2808.0,-660.0,2806.0,-662.0
DecoLine,2806.0,-662.0,2804.0,-665.0
DecoLine,2804.0,-665.0,2802.0,-667.0
DecoLine,2802.0,-667.0,2801.0,-668.0
DecoLine,2801.0,-668.0,2799.0,-669.0
DecoLine,2799.0,-669.0,2797.0,-670.0
DecoLine,2797.0,-670.0,2796.0,-670.0
DecoLine,2796.0,-670.0,2794.0,-669.0
DecoLine,2794.0,-669.0,2792.0,-666.0
DecoLine,2792.0,-666.0,2789.0,-661.0
DecoLine,2789.0,-661.0,2785.0,-657.0
DecoLine,2785.0,-657.0,2782.0,-654.0
DecoLine,2782.0,-654.0,2779.0,-650.0
DecoLine,2779.0,-650.0,2777.0,-647.0
DecoLine,2777.0,-647.0,2776.0,-645.0
DecoLine,2776.0,-645.0,2775.0,-641.0
DecoLine,2775.0,-641.0,2775.0,-638.0
DecoLine,2775.0,-638.0,2775.0,-636.0
DecoLine,2775.0,-636.0,2775.0,-634.0
DecoLine,2775.0,-634.0,2775.0,-631.0
DecoLine,2775.0,-631.0,2775.0,-630.0
DecoLine,2775.0,-630.0,2775.0,-628.0
DecoLine,2775.0,-628.0,2776.0,-627.0
DecoLine,2776.0,-627.0,2777.0,-626.0
DecoLine,2777.0,-626.0,2778.0,-625.0
DecoLine,2778.0,-625.0,2780.0,-624.0
DecoLine,2780.0,-624.0,2782.0,-623.0
DecoLine,2782.0,-623.0,2784.0,-622.0
DecoLine,2784.0,-622.0,2786.0,-622.0
DecoLine,2786.0,-622.0,2790.0,-622.0
DecoLine,2790.0,-622.0,2795.0,-622.0
DecoLine,2795.0,-622.0,2802.0,-622.0
DecoLine,2802.0,-622.0,2809.0,-622.0
DecoLine,2809.0,-622.0,2817.0,-623.0
DecoLine,2817.0,-623.0,2821.0,-624.0
DecoLine,2821.0,-624.0,2825.0,-626.0
DecoLine,2825.0,-626.0,2827.0,-628.0
DecoLine,2827.0,-628.0,2827.0,-630.0
DecoLine,2827.0,-630.0,2828.0,-633.0
DecoLine,2828.0,-633.0,2827.0,-636.0
DecoLine,2827.0,-636.0,2826.0,-640.0
DecoLine,2826.0,-640.0,2824.0,-643.0
DecoLine,2824.0,-643.0,2821.0,-647.0
DecoLine,2821.0,-647.0,2818.0,-649.0
DecoLine,2818.0,-649.0,2815.0,-653.0
DecoLine,2815.0,-653.0,2813.0,-655.0
DecoLine,2813.0,-655.0,2811.0,-657.0
DecoLine,2811.0,-657.0,2809.0,-659.0
DecoLine,2809.0,-659.0,2807.0,-660.0
DecoLine,2807.0,-660.0,2806.0,-660.0
DecoLine,2806.0,-660.0,2804.0,-660.0
DecoLine,2804.0,-660.0,2800.0,-660.0
DecoLine,2800.0,-660.0,2792.0,-659.0
DecoLine,2792.0,-659.0,2784.0,-657.0
DecoLine,2784.0,-657.0,2772.0,-652.0
DecoLine,2772.0,-652.0,2769.0,-650.0
DecoLine,2769.0,-650.0,2766.0,-647.0
DecoLine,2766.0,-647.0,2763.0,-644.0
DecoLine,2763.0,-644.0,2760.0,-640.0
DecoLine,2760.0,-640.0,2759.0,-636.0
DecoLine,2759.0,-636.0,2758.0,-633.0
DecoLine,2758.0,-633.0,2758.0,-629.0
DecoLine,2758.0,-629.0,2758.0,-625.0
DecoLine,2758.0,-625.0,2758.0,-622.0
DecoLine,2758.0,-622.0,2759.0,-618.0
DecoLine,2759.0,-618.0,2760.0,-615.0
DecoLine,2760.0,-615.0,2761.0,-612.0
DecoLine,2761.0,-612.0,2763.0,-610.0
DecoLine,2763.0,-610.0,2764.0,-609.0
DecoLine,2764.0,-609.0,2765.0,-608.0
DecoLine,2765.0,-608.0,2766.0,-607.0
DecoLine,2766.0,-607.0,2767.0,-607.0
DecoLine,2767.0,-607.0,2768.0,-607.0
DecoLine,2768.0,-607.0,2769.0,-607.0
DecoLine,2769.0,-607.0,2770.0,-607.0
DecoLine,2770.0,-607.0,2774.0,-607.0
DecoLine,2774.0,-607.0,2781.0,-607.0
DecoLine,2781.0,-607.0,2790.0,-606.0
DecoLine,2790.0,-606.0,2800.0,-604.0
DecoLine,2800.0,-604.0,2808.0,-604.0
DecoLine,2808.0,-604.0,2813.0,-603.0
DecoLine,2813.0,-603.0,2817.0,-603.0
DecoLine,2817.0,-603.0,2819.0,-603.0
DecoLine,2819.0,-603.0,2820.0,-604.0
DecoLine,2820.0,-604.0,2820.0,-605.0
DecoLine,2820.0,-605.0,2821.0,-607.0
DecoLine,2821.0,-607.0,2821.0,-609.0
DecoLine,2821.0,-609.0,2821.0,-612.0
DecoLine,2821.0,-612.0,2821.0,-615.0
DecoLine,2821.0,-615.0,2821.0,-621.0
DecoLine,2821.0,-621.0,2821.0,-627.0
DecoLine,2821.0,-627.0,2821.0,-634.0
DecoLine,2821.0,-634.0,2820.0,-641.0
DecoLine,2820.0,-641.0,2820.0,-646.0
DecoLine,2820.0,-646.0,2819.0,-652.0
DecoLine,2819.0,-652.0,2818.0,-656.0
DecoLine,2818.0,-656.0,2818.0,-659.0
DecoLine,2818.0,-659.0,2817.0,-663.0
DecoLine,2817.0,-663.0,2816.0,-665.0
DecoLine,2816.0,-665.0,2813.0,-670.0
DecoLine,2813.0,-670.0,2808.0,-676.0
DecoLine,2808.0,-676.0,2803.0,-682.0
DecoLine,2803.0,-682.0,2792.0,-690.0
DecoLine,2792.0,-690.0,2788.0,-692.0
DecoLine,2788.0,-692.0,2782.0,-694.0
DecoLine,2782.0,-694.0,2777.0,-695.0
DecoLine,2777.0,-695.0,2773.0,-695.0
DecoLine,2773.0,-695.0,2771.0,-694.0
DecoLine,2771.0,-694.0,2768.0,-690.0
DecoLine,2768.0,-690.0,2766.0,-687.0
DecoLine,2766.0,-687.0,2764.0,-683.0
DecoLine,2764.0,-683.0,2762.0,-680.0
DecoLine,2762.0,-680.0,2760.0,-677.0
DecoLine,2760.0,-677.0,2758.0,-672.0
DecoLine,2758.0,-672.0,2758.0,-668.0
DecoLine,2758.0,-668.0,2758.0,-663.0
DecoLine,2758.0,-663.0,2758.0,-658.0
DecoLine,2758.0,-658.0,2758.0,-655.0
DecoLine,2758.0,-655.0,2758.0,-652.0
DecoLine,2758.0,-652.0,2759.0,-650.0
DecoLine,2759.0,-650.0,2759.0,-649.0
DecoLine,2759.0,-649.0,2760.0,-647.0
DecoLine,2760.0,-647.0,2761.0,-646.0
DecoLine,2761.0,-646.0,2761.0,-646.0
DecoLine,2761.0,-646.0,2762.0,-645.0
DecoLine,2762.0,-645.0,2762.0,-645.0
DecoLine,2762.0,-645.0,2762.0,-644.0
DecoLine,2762.0,-644.0,2763.0,-644.0
DecoLine,2763.0,-644.0,2764.0,-643.0
DecoLine,2764.0,-643.0,2765.0,-643.0
DecoLine,2765.0,-643.0,2768.0,-642.0
DecoLine,2768.0,-642.0,2772.0,-641.0
DecoLine,2772.0,-641.0,2780.0,-639.0
DecoLine,2780.0,-639.0,2785.0,-638.0
DecoLine,2785.0,-638.0,2789.0,-637.0
DecoLine,2789.0,-637.0,2792.0,-637.0
DecoLine,2792.0,-637.0,2796.0,-637.0
DecoLine,2796.0,-637.0,2798.0,-637.0
DecoLine,2798.0,-637.0,2800.0,-638.0
DecoLine,2800.0,-638.0,2802.0,-641.0
DecoLine,2802.0,-641.0,2804.0,-643.0
DecoLine,2804.0,-643.0,2806.0,-647.0
DecoLine,2806.0,-647.0,2807.0,-651.0
DecoLine,2807.0,-651.0,2809.0,-655.0
DecoLine,2809.0,-655.0,2810.0,-659.0
DecoLine,2810.0,-659.0,2810.0,-661.0
DecoLine,2810.0,-661.0,2811.0,-664.0
DecoLine,2811.0,-664.0,2811.0,-666.0
DecoLine,2811.0,-666.0,2810.0,-667.0
DecoLine,2810.0,-667.0,2808.0,-668.0
DecoLine,2808.0,-668.0,2805.0,-668.0
DecoLine,2805.0,-668.0,2803.0,-668.0
DecoLine,2803.0,-668.0,2800.0,-668.0
DecoLine,2800.0,-668.0,2798.0,-665.0
DecoLine,2798.0,-665.0,2796.0,-662.0
DecoLine,2796.0,-662.0,2794.0,-659.0
DecoLine,2794.0,-659.0,2792.0,-657.0
DecoLine,2792.0,-657.0,2790.0,-654.0
DecoLine,2790.0,-654.0,2788.0,-651.0
DecoLine,2788.0,-651.0,2787.0,-649.0
DecoLine,2787.0,-649.0,2786.0,-646.0
DecoLine,2786.0,-646.0,2785.0,-644.0
DecoLine,2785.0,-644.0,2785.0,-642.0
DecoLine,2785.0,-642.0,2785.0,-640.0
DecoLine,2785.0,-640.0,2785.0,-639.0
DecoLine,2785.0,-639.0,2785.0,-638.0
DecoLine,2785.0,-638.0,2786.0,-638.0
DecoLine,2786.0,-638.0,2786.0,-637.0
DecoLine,2786.0,-637.0,2788.0,-637.0
DecoLine,2788.0,-637.0,2789.0,-636.0
DecoLine,2789.0,-636.0,2791.0,-636.0
DecoLine,2791.0,-636.0,2794.0,-636.0
DecoLine,2794.0,-636.0,2798.0,-636.0
DecoLine,2798.0,-636.0,2802.0,-636.0
DecoLine,2802.0,-636.0,2809.0,-635.0
DecoLine,2809.0,-635.0,2819.0,-635.0
DecoLine,2819.0,-635.0,2827.0,-635.0
DecoLine,2827.0,-635.0,2832.0,-635.0
DecoLine,2832.0,-635.0,2836.0,-635.0
DecoLine,2836.0,-635.0,2838.0,-636.0
DecoLine,2838.0,-636.0,2839.0,-638.0
DecoLine,2839.0,-638.0,2840.0,-640.0
DecoLine,2840.0,-640.0,2840.0,-643.0
DecoLine,2840.0,-643.0,2838.0,-645.0
DecoLine,2838.0,-645.0,2836.0,-649.0
DecoLine,2836.0,-649.0,2834.0,-652.0
DecoLine,2834.0,-652.0,2832.0,-655.0
DecoLine,2832.0,-655.0,2830.0,-657.0
DecoLine,2830.0,-657.0,2829.0,-659.0
DecoLine,2829.0,-659.0,2827.0,-660.0
DecoLine,2827.0,-660.0,2826.0,-660.0
DecoLine,2826.0,-660.0,2824.0,-661.0
DecoLine,2824.0,-661.0,2821.0,-661.0
DecoLine,2821.0,-661.0,2819.0,-659.0
DecoLine,2819.0,-659.0,2817.0,-658.0
DecoLine,2817.0,-658.0,2814.0,-656.0
DecoLine,2814.0,-656.0,2811.0,-654.0
DecoLine,2811.0,-654.0,2808.0,-651.0
DecoLine,2808.0,-651.0,2806.0,-649.0
DecoLine,2806.0,-649.0,2805.0,-646.0
DecoLine,2805.0,-646.0,2804.0,-643.0
DecoLine,2804.0,-643.0,2804.0,-640.0
DecoLine,2804.0,-640.0,2804.0,-637.0
DecoLine,2804.0,-637.0,2804.0,-633.0
DecoLine,2804.0,-633.0,2804.0,-630.0
DecoLine,2804.0,-630.0,2804.0,-628.0
DecoLine,2804.0,-628.0,2805.0,-627.0
DecoLine,2805.0,-627.0,2806.0,-626.0
DecoLine,2806.0,-626.0,2806.0,-626.0
DecoLine,2806.0,-626.0,2807.0,-625.0
DecoLine,2807.0,-625.0,2808.0,-625.0
DecoLine,2808.0,-625.0,2809.0,-625.0
DecoLine,2809.0,-625.0,2810.0,-625.0
DecoLine,2810.0,-625.0,2812.0,-625.0
DecoLine,2812.0,-625.0,2815.0,-628.0
DecoLine,2815.0,-628.0,2816.0,-629.0
DecoLine,2816.0,-629.0,2818.0,-631.0
DecoLine,2818.0,-631.0,2819.0,-632.0
DecoLine,2819.0,-632.0,2821.0,-634.0
DecoLine,2821.0,-634.0,2821.0,-636.0
DecoLine,2821.0,-636.0,2822.0,-637.0
DecoLine,2822.0,-637.0,2823.0,-638.0
DecoLine,2823.0,-638.0,2823.0,-639.0
DecoLine,2823.0,-639.0,2823.0,-640.0
DecoLine,2823.0,-640.0,2823.0,-640.0
DecoLine,2823.0,-640.0,2819.0,-642.0
DecoLine,2819.0,-642.0,2814.0,-642.0
DecoLine,2814.0,-642.0,2810.0,-642.0
DecoLine,2810.0,-642.0,2806.0,-642.0
DecoLine,2806.0,-642.0,2803.0,-641.0
DecoLine,2803.0,-641.0,2798.0,-639.0
DecoLine,2798.0,-639.0,2792.0,-637.0
DecoLine,2792.0,-637.0,2782.0,-635.0
DecoLine,2782.0,-635.0,2774.0,-632.0
DecoLine,2774.0,-632.0,2768.0,-629.0
DecoLine,2768.0,-629.0,2764.0,-625.0
DecoLine,2764.0,-625.0,2764.0,-623.0
DecoLine,2764.0,-623.0,2764.0,-621.0
DecoLine,2764.0,-621.0,2764.0,-620.0
DecoLine,2764.0,-620.0,2764.0,-620.0
DecoLine,2873.0,-3516.0,2873.0,-3517.0
DecoLine,2873.0,-3517.0,2873.0,-3518.0
DecoLine,2873.0,-3518.0,2873.0,-3519.0
DecoLine,2873.0,-3519.0,2873.0,-3522.0
DecoLine,2873.0,-3522.0,2874.0,-3525.0
DecoLine,2874.0,-3525.0,2875.0,-3528.0
DecoLine,2875.0,-3528.0,2876.0,-3531.0
DecoLine,2876.0,-3531.0,2879.0,-3536.0
DecoLine,2879.0,-3536.0,2882.0,-3541.0
DecoLine,2882.0,-3541.0,2885.0,-3545.0
DecoLine,2885.0,-3545.0,2888.0,-3548.0
DecoLine,2888.0,-3548.0,2891.0,-3552.0
DecoLine,2891.0,-3552.0,2894.0,-3557.0
DecoLine,2894.0,-3557.0,2897.0,-3560.0
DecoLine,2897.0,-3560.0,2900.0,-3564.0
DecoLine,2900.0,-3564.0,2903.0,-3568.0
DecoLine,2903.0,-3568.0,2906.0,-3572.0
DecoLine,2906.0,-3572.0,2910.0,-3577.0
DecoLine,2910.0,-3577.0,2914.0,-3581.0
DecoLine,2914.0,-3581.0,2917.0,-3584.0
DecoLine,2917.0,-3584.0,2922.0,-3589.0
DecoLine,2922.0,-3589.0,2926.0,-3592.0
DecoLine,2926.0,-3592.0,2929.0,-3595.0
DecoLine,2929.0,-3595.0,2933.0,-3598.0
DecoLine,2933.0,-3598.0,2936.0,-3601.0
DecoLine,2936.0,-3601.0,2939.0,-3603.0
DecoLine,2939.0,-3603.0,2942.0,-3605.0
DecoLine,2942.0,-3605.0,2945.0,-3607.0
DecoLine,2945.0,-3607.0,2948.0,-3609.0
DecoLine,2948.0,-3609.0,2954.0,-3612.0
DecoLine,2954.0,-3612.0,2960.0,-3615.0
DecoLine,2960.0,-3615.0,2964.0,-3617.0
DecoLine,2964.0,-3617.0,2969.0,-3620.0
DecoLine,2969.0,-3620.0,2975.0,-3623.0
DecoLine,2975.0,-3623.0,2980.0,-3625.0
DecoLine,2980.0,-3625.0,2985.0,-3628.0
DecoLine,2985.0,-3628.0,2990.0,-3630.0
DecoLine,2990.0,-3630.0,2994.0,-3631.0
DecoLine,2994.0,-3631.0,2999.0,-3633.0
DecoLine,2999.0,-3633.0,3003.0,-3635.0
DecoLine,3003.0,-3635.0,3008.0,-3637.0
DecoLine,3008.0,-3637.0,3015.0,-3639.0
DecoLine,3015.0,-3639.0,3021.0,-3640.0
DecoLine,3021.0,-3640.0,3028.0,-3641.0
DecoLine,3028.0,-3641.0,3031.0,-3642.0
DecoLine,3031.0,-3642.0,3036.0,-3643.0
DecoLine,3036.0,-3643.0,3043.0,-3644.0
DecoLine,3043.0,-3644.0,3047.0,-3645.0
DecoLine,3047.0,-3645.0,3050.0,-3645.0
DecoLine,3050.0,-3645.0,3054.0,-3645.0
DecoLine,3054.0,-3645.0,3057.0,-3645.0
DecoLine,3057.0,-3645.0,3061.0,-3645.0
DecoLine,3061.0,-3645.0,3066.0,-3645.0
DecoLine,3066.0,-3645.0,3071.0,-3645.0
DecoLine,3071.0,-3645.0,3078.0,-3644.0
DecoLine,3078.0,-3644.0,3085.0,-3644.0
DecoLine,3085.0,-3644.0,3092.0,-3643.0
DecoLine,3092.0,-3643.0,3099.0,-3642.0
DecoLine,3099.0,-3642.0,3107.0,-3641.0
DecoLine,3107.0,-3641.0,3116.0,-3640.0
DecoLine,3116.0,-3640.0,3124.0,-3639.0
DecoLine,3124.0,-3639.0,3131.0,-3638.0
DecoLine,3131.0,-3638.0,3142.0,-3636.0
DecoLine,3142.0,-3636.0,3149.0,-3635.0
DecoLine,3149.0,-3635.0,3157.0,-3634.0
DecoLine,3157.0,-3634.0,3166.0,-3632.0
DecoLine,3166.0,-3632.0,3175.0,-3631.0
DecoLine,3175.0,-3631.0,3181.0,-3630.0
DecoLine,3181.0,-3630.0,3193.0,-3628.0
DecoLine,3193.0,-3628.0,3202.0,-3627.0
DecoLine,3202.0,-3627.0,3212.0,-3625.0
DecoLine,3212.0,-3625.0,3220.0,-3624.0
DecoLine,3220.0,-3624.0,3228.0,-3623.0
DecoLine,3228.0,-3623.0,3235.0,-3622.0
DecoLine,3235.0,-3622.0,3241.0,-3622.0
DecoLine,3241.0,-3622.0,3246.0,-3621.0
DecoLine,3246.0,-3621.0,3250.0,-3621.0
DecoLine,3250.0,-3621.0,3260.0,-3621.0
DecoLine,3260.0,-3621.0,3265.0,-3621.0
DecoLine,3265.0,-3621.0,3271.0,-3621.0
DecoLine,3271.0,-3621.0,3280.0,-3621.0
DecoLine,3280.0,-3621.0,3288.0,-3621.0
DecoLine,3288.0,-3621.0,3296.0,-3621.0
DecoLine,3296.0,-3621.0,3304.0,-3622.0
DecoLine,3304.0,-3622.0,3311.0,-3623.0
DecoLine,3311.0,-3623.0,3317.0,-3624.0
DecoLine,3317.0,-3624.0,3325.0,-3625.0
DecoLine,3325.0,-3625.0,3333.0,-3626.0
DecoLine,3333.0,-3626.0,3337.0,-3627.0
DecoLine,3337.0,-3627.0,3342.0,-3628.0
DecoLine,3342.0,-3628.0,3348.0,-3630.0
DecoLine,3348.0,-3630.0,3355.0,-3631.0
DecoLine,3355.0,-3631.0,3362.0,-3633.0
DecoLine,3362.0,-3633.0,3368.0,-3635.0
DecoLine,3368.0,-3635.0,3374.0,-3637.0
DecoLine,3374.0,-3637.0,3377.0,-3638.0
DecoLine,3377.0,-3638.0,3388.0,-3641.0
DecoLine,3388.0,-3641.0,3397.0,-3643.0
DecoLine,3397.0,-3643.0,3404.0,-3646.0
DecoLine,3404.0,-3646.0,3409.0,-3647.0
DecoLine,3409.0,-3647.0,3413.0,-3649.0
DecoLine,3413.0,-3649.0,3416.0,-3651.0
DecoLine,3416.0,-3651.0,3419.0,-3652.0
DecoLine,3419.0,-3652.0,3420.0,-3653.0
DecoLine,3420.0,-3653.0,3421.0,-3654.0
DecoLine,3421.0,-3654.0,3422.0,-3654.0
DecoLine,3422.0,-3654.0,3422.0,-3654.0
DecoLine,3422.0,-3654.0,3422.0,-3654.0
DecoLine,3422.0,-3654.0,3423.0,-3655.0
DecoLine,3423.0,-3655.0,3426.0,-3655.0
DecoLine,3426.0,-3655.0,3429.0,-3657.0
DecoLine,3429.0,-3657.0,3433.0,-3658.0
DecoLine,3433.0,-3658.0,3436.0,-3659.0
DecoLine,3436.0,-3659.0,3438.0,-3660.0
DecoLine,3438.0,-3660.0,3440.0,-3660.0
DecoLine,3440.0,-3660.0,3441.0,-3660.0
DecoLine,3441.0,-3660.0,3441.0,-3661.0
DecoLine,3441.0,-3661.0,3442.0,-3661.0
DecoLine,3442.0,-3661.0,3443.0,-3661.0
DecoLine,3443.0,-3661.0,3444.0,-3661.0
DecoLine,3444.0,-3661.0,3445.0,-3662.0
DecoLine,3445.0,-3662.0,3447.0,-3662.0
DecoLine,3447.0,-3662.0,3450.0,-3663.0
DecoLine,3450.0,-3663.0,3453.0,-3664.0
DecoLine,3453.0,-3664.0,3455.0,-3665.0
DecoLine,3455.0,-3665.0,3459.0,-3667.0
DecoLine,3459.0,-3667.0,3460.0,-3668.0
DecoLine,3460.0,-3668.0,3460.0,-3669.0
DecoLine,3460.0,-3669.0,3461.0,-3669.0
DecoLine,3461.0,-3669.0,3461.0,-3669.0
DecoLine,3461.0,-3669.0,3461.0,-3670.0
DecoLine,3461.0,-3670.0,3461.0,-3670.0
DecoLine,3461.0,-3670.0,3461.0,-3670.0
DecoLine,3461.0,-3670.0,3461.0,-3671.0
DecoLine,3461.0,-3671.0,3461.0,-3671.0
DecoLine,3461.0,-3671.0,3461.0,-3672.0
DecoLine,3461.0,-3672.0,3461.0,-3673.0
DecoLine,3461.0,-3673.0,3461.0,-3673.0
DecoLine,3461.0,-3673.0,3461.0,-3673.0
DecoLine,3461.0,-3673.0,3461.0,-3674.0
DecoLine,3461.0,-3674.0,3461.0,-3675.0
DecoLine,3461.0,-3675.0,3461.0,-3675.0
DecoLine,3461.0,-3675.0,3461.0,-3675.0
DecoLine,3461.0,-3675.0,3461.0,-3676.0
DecoLine,3461.0,-3676.0,3461.0,-3677.0
DecoLine,3461.0,-3677.0,3461.0,-3678.0
DecoLine,3461.0,-3678.0,3461.0,-3679.0
DecoLine,3461.0,-3679.0,3461.0,-3680.0
DecoLine,3461.0,-3680.0,3461.0,-3681.0
DecoLine,3461.0,-3681.0,3461.0,-3681.0
DecoLine,3461.0,-3681.0,3462.0,-3682.0
DecoLine,3462.0,-3682.0,3462.0,-3682.0
DecoLine,3462.0,-3682.0,3462.0,-3683.0
DecoLine,3462.0,-3683.0,3463.0,-3684.0
DecoLine,4338.0,-3927.0,4338.0,-3927.0
DecoLine,4338.0,-3927.0,4338.0,-3927.0
DecoLine,4338.0,-3927.0,4338.0,-3926.0
DecoLine,4338.0,-3926.0,4338.0,-3925.0
DecoLine,4338.0,-3925.0,4338.0,-3923.0
DecoLine,4338.0,-3923.0,4338.0,-3920.0
DecoLine,4338.0,-3920.0,4338.0,-3917.0
DecoLine,4338.0,-3917.0,4338.0,-3914.0
DecoLine,4338.0,-3914.0,4338.0,-3913.0
DecoLine,4338.0,-3913.0,4338.0,-3912.0
DecoLine,4338.0,-3912.0,4338.0,-3911.0
DecoLine,4338.0,-3911.0,4338.0,-3908.0
DecoLine,4338.0,-3908.0,4339.0,-3901.0
DecoLine,4339.0,-3901.0,4340.0,-3897.0
DecoLine,4340.0,-3897.0,4341.0,-3891.0
DecoLine,4341.0,-3891.0,4342.0,-3886.0
DecoLine,4342.0,-3886.0,4343.0,-3882.0
DecoLine,4343.0,-3882.0,4344.0,-3877.0
DecoLine,4344.0,-3877.0,4344.0,-3873.0
DecoLine,4344.0,-3873.0,4344.0,-3869.0
DecoLine,4344.0,-3869.0,4344.0,-3864.0
DecoLine,4344.0,-3864.0,4344.0,-3860.0
DecoLine,4344.0,-3860.0,4344.0,-3854.0
DecoLine,4344.0,-3854.0,4342.0,-3845.0
DecoLine,4342.0,-3845.0,4341.0,-3839.0
DecoLine,4341.0,-3839.0,4340.0,-3832.0
DecoLine,4340.0,-3832.0,4338.0,-3823.0
DecoLine,4338.0,-3823.0,4336.0,-3815.0
DecoLine,4336.0,-3815.0,4334.0,-3807.0
DecoLine,4334.0,-3807.0,4333.0,-3804.0
DecoLine,4333.0,-3804.0,4330.0,-3799.0
DecoLine,4330.0,-3799.0,4328.0,-3795.0
DecoLine,4328.0,-3795.0,4324.0,-3792.0
DecoLine,4324.0,-3792.0,4320.0,-3789.0
DecoLine,4320.0,-3789.0,4314.0,-3785.0
DecoLine,4314.0,-3785.0,4309.0,-3781.0
DecoLine,4309.0,-3781.0,4304.0,-3778.0
DecoLine,4304.0,-3778.0,4298.0,-3775.0
DecoLine,4298.0,-3775.0,4291.0,-3773.0
DecoLine,4291.0,-3773.0,4283.0,-3773.0
DecoLine,4283.0,-3773.0,4277.0,-3773.0
DecoLine,4277.0,-3773.0,4269.0,-3774.0
DecoLine,4269.0,-3774.0,4260.0,-3777.0
DecoLine,4260.0,-3777.0,4250.0,-3780.0
DecoLine,4250.0,-3780.0,4240.0,-3782.0
DecoLine,4240.0,-3782.0,4234.0,-3782.0
DecoLine,4234.0,-3782.0,4227.0,-3782.0
DecoLine,4227.0,-3782.0,4220.0,-3782.0
DecoLine,4220.0,-3782.0,4213.0,-3780.0
DecoLine,4213.0,-3780.0,4206.0,-3778.0
DecoLine,4206.0,-3778.0,4201.0,-3775.0
DecoLine,4201.0,-3775.0,4195.0,-3771.0
DecoLine,4195.0,-3771.0,4191.0,-3768.0
DecoLine,4191.0,-3768.0,4186.0,-3763.0
DecoLine,4186.0,-3763.0,4182.0,-3759.0
DecoLine,4182.0,-3759.0,4175.0,-3751.0
DecoLine,4175.0,-3751.0,4171.0,-3745.0
DecoLine,4171.0,-3745.0,4167.0,-3738.0
DecoLine,4167.0,-3738.0,4163.0,-3727.0
DecoLine,4163.0,-3727.0,4161.0,-3720.0
DecoLine,4161.0,-3720.0,4159.0,-3707.0
DecoLine,4159.0,-3707.0,4159.0,-3703.0
DecoLine,4159.0,-3703.0,4159.0,-3693.0
DecoLine,4159.0,-3693.0,4160.0,-3687.0
DecoLine,4160.0,-3687.0,4162.0,-3679.0
DecoLine,4162.0,-3679.0,4164.0,-3675.0
DecoLine,4164.0,-3675.0,4165.0,-3672.0
DecoLine,4165.0,-3672.0,4166.0,-3671.0
DecoLine,4166.0,-3671.0,4166.0,-3671.0
DecoLine,4166.0,-3671.0,4166.0,-3670.0
DecoLine,4166.0,-3670.0,4166.0,-3668.0
DecoLine,4166.0,-3668.0,4166.0,-3667.0
DecoLine,4166.0,-3667.0,4166.0,-3665.0
DecoLine,4166.0,-3665.0,4166.0,-3665.0
DecoLine,4166.0,-3665.0,4166.0,-3665.0
DecoLine,4166.0,-3665.0,4166.0,-3666.0
DecoLine,4166.0,-3666.0,4166.0,-3667.0
DecoLine,4166.0,-3667.0,4166.0,-3666.0
DecoLine,4166.0,-3666.0,4166.0,-3662.0
DecoLine,4166.0,-3662.0,4166.0,-3657.0
DecoLine,4166.0,-3657.0,4166.0,-3647.0
DecoLine,4166.0,-3647.0,4166.0,-3636.0
DecoLine,4166.0,-3636.0,4166.0,-3624.0
DecoLine,4166.0,-3624.0,4166.0,-3613.0
DecoLine,4166.0,-3613.0,4166.0,-3593.0
DecoLine,4166.0,-3593.0,4163.0,-3581.0
DecoLine,4163.0,-3581.0,4158.0,-3568.0
DecoLine,4158.0,-3568.0,4152.0,-3557.0
DecoLine,4152.0,-3557.0,4146.0,-3548.0
DecoLine,4146.0,-3548.0,4141.0,-3541.0
DecoLine,4141.0,-3541.0,4136.0,-3533.0
DecoLine,4136.0,-3533.0,4130.0,-3523.0
DecoLine,4130.0,-3523.0,4120.0,-3508.0
DecoLine,4120.0,-3508.0,4116.0,-3503.0
DecoLine,4116.0,-3503.0,4105.0,-3490.0
DecoLine,4105.0,-3490.0,4099.0,-3482.0
DecoLine,4099.0,-3482.0,4094.0,-3473.0
DecoLine,4094.0,-3473.0,4088.0,-3461.0
DecoLine,4088.0,-3461.0,4084.0,-3448.0
DecoLine,4084.0,-3448.0,4079.0,-3432.0
DecoLine,4079.0,-3432.0,4075.0,-3415.0
DecoLine,4075.0,-3415.0,4070.0,-3396.0
DecoLine,4070.0,-3396.0,4066.0,-3379.0
DecoLine,4066.0,-3379.0,4061.0,-3366.0
DecoLine,4061.0,-3366.0,4058.0,-3357.0
DecoLine,4058.0,-3357.0,4054.0,-3352.0
DecoLine,4054.0,-3352.0,4052.0,-3350.0
DecoLine,4052.0,-3350.0,4051.0,-3350.0
DecoLine,4051.0,-3350.0,4050.0,-3350.0
DecoLine,4050.0,-3350.0,4049.0,-3350.0
DecoLine,4049.0,-3350.0,4049.0,-3350.0
DecoLine,4053.0,-3350.0,4053.0,-3350.0
DecoLine,4053.0,-3350.0,4053.0,-3350.0
DecoLine,4053.0,-3350.0,4050.0,-3348.0
DecoLine,4050.0,-3348.0,4042.0,-3343.0
DecoLine,4042.0,-3343.0,4033.0,-3336.0
DecoLine,4033.0,-3336.0,4019.0,-3322.0
DecoLine,4019.0,-3322.0,4006.0,-3309.0
DecoLine,4006.0,-3309.0,3989.0,-3285.0
DecoLine,3989.0,-3285.0,3968.0,-3250.0
DecoLine,3968.0,-3250.0,3952.0,-3214.0
DecoLine,3952.0,-3214.0,3942.0,-3184.0
DecoLine,3942.0,-3184.0,3936.0,-3155.0
DecoLine,3936.0,-3155.0,3934.0,-3134.0
DecoLine,3934.0,-3134.0,3934.0,-3118.0
DecoLine,3934.0,-3118.0,3934.0,-3103.0
DecoLine,3934.0,-3103.0,3936.0,-3096.0
DecoLine,3936.0,-3096.0,3941.0,-3088.0
DecoLine,3941.0,-3088.0,3945.0,-3086.0
DecoLine,3945.0,-3086.0,3951.0,-3086.0
DecoLine,3951.0,-3086.0,3958.0,-3086.0
DecoLine,3958.0,-3086.0,3964.0,-3086.0
DecoLine,4162.0,-3573.0,4162.0,-3573.0
DecoLine,4162.0,-3573.0,4163.0,-3573.0
DecoLine,4163.0,-3573.0,4164.0,-3573.0
DecoLine,4164.0,-3573.0,4166.0,-3573.0
DecoLine,4166.0,-3573.0,4168.0,-3573.0
DecoLine,4168.0,-3573.0,4171.0,-3573.0
DecoLine,4171.0,-3573.0,4173.0,-3573.0
DecoLine,4173.0,-3573.0,4176.0,-3573.0
DecoLine,4176.0,-3573.0,4179.0,-3573.0
DecoLine,4179.0,-3573.0,4182.0,-3573.0
DecoLine,4182.0,-3573.0,4184.0,-3573.0
DecoLine,4184.0,-3573.0,4187.0,-3573.0
DecoLine,4187.0,-3573.0,4189.0,-3573.0
DecoLine,4189.0,-3573.0,4190.0,-3572.0
DecoLine,4190.0,-3572.0,4190.0,-3572.0
DecoLine,4190.0,-3572.0,4190.0,-3571.0
DecoLine,4190.0,-3571.0,4190.0,-3570.0
DecoLine,4190.0,-3570.0,4190.0,-3568.0
DecoLine,4190.0,-3568.0,4189.0,-3566.0
DecoLine,4189.0,-3566.0,4188.0,-3563.0
DecoLine,4188.0,-3563.0,4187.0,-3560.0
DecoLine,4187.0,-3560.0,4185.0,-3558.0
DecoLine,4185.0,-3558.0,4184.0,-3556.0
DecoLine,4184.0,-3556.0,4182.0,-3554.0
DecoLine,4182.0,-3554.0,4181.0,-3553.0
DecoLine,4181.0,-3553.0,4180.0,-3551.0
DecoLine,4180.0,-3551.0,4179.0,-3550.0
DecoLine,4179.0,-3550.0,4178.0,-3549.0
DecoLine,4178.0,-3549.0,4177.0,-3548.0
DecoLine,4177.0,-3548.0,4176.0,-3548.0
DecoLine,4176.0,-3548.0,4174.0,-3547.0
DecoLine,4174.0,-3547.0,4171.0,-3546.0
DecoLine,4171.0,-3546.0,4167.0,-3545.0
DecoLine,4167.0,-3545.0,4164.0,-3544.0
DecoLine,4164.0,-3544.0,4162.0,-3544.0
DecoLine,4162.0,-3544.0,4160.0,-3544.0
DecoLine,4160.0,-3544.0,4157.0,-3544.0
DecoLine,4157.0,-3544.0,4154.0,-3546.0
DecoLine,4154.0,-3546.0,4152.0,-3547.0
DecoLine,4152.0,-3547.0,4148.0,-3549.0
DecoLine,4148.0,-3549.0,4146.0,-3551.0
DecoLine,4146.0,-3551.0,4145.0,-3552.0
DecoLine,4145.0,-3552.0,4145.0,-3553.0
DecoLine,4145.0,-3553.0,4145.0,-3554.0
DecoLine,4145.0,-3554.0,4145.0,-3555.0
DecoLine,4145.0,-3555.0,4146.0,-3556.0
DecoLine,4146.0,-3556.0,4148.0,-3558.0
DecoLine,4148.0,-3558.0,4152.0,-3560.0
DecoLine,4152.0,-3560.0,4154.0,-3562.0
DecoLine,4154.0,-3562.0,4157.0,-3564.0
DecoLine,4157.0,-3564.0,4158.0,-3565.0
DecoLine,4158.0,-3565.0,4160.0,-3566.0
DecoLine,4160.0,-3566.0,4162.0,-3567.0
DecoLine,4162.0,-3567.0,4164.0,-3568.0
DecoLine,4164.0,-3568.0,4167.0,-3569.0
DecoLine,4167.0,-3569.0,4169.0,-3570.0
DecoLine,4169.0,-3570.0,4173.0,-3571.0
DecoLine,4173.0,-3571.0,4176.0,-3572.0
DecoLine,4176.0,-3572.0,4179.0,-3574.0
DecoLine,4179.0,-3574.0,4180.0,-3574.0
DecoLine,4180.0,-3574.0,4181.0,-3574.0
DecoLine,4181.0,-3574.0,4181.0,-3575.0
DecoLine,4181.0,-3575.0,4181.0,-3574.0
DecoLine,4181.0,-3574.0,4181.0,-3571.0
DecoLine,4181.0,-3571.0,4181.0,-3567.0
DecoLine,4181.0,-3567.0,4181.0,-3564.0
DecoLine,4181.0,-3564.0,4181.0,-3562.0
DecoLine,4181.0,-3562.0,4181.0,-3560.0
DecoLine,4181.0,-3560.0,4181.0,-3558.0
DecoLine,4181.0,-3558.0,4181.0,-3556.0
DecoLine,4181.0,-3556.0,4180.0,-3555.0
DecoLine,4180.0,-3555.0,4179.0,-3554.0
DecoLine,4179.0,-3554.0,4178.0,-3553.0
DecoLine,4178.0,-3553.0,4177.0,-3552.0
DecoLine,4177.0,-3552.0,4176.0,-3552.0
DecoLine,4176.0,-3552.0,4175.0,-3552.0
DecoLine,4175.0,-3552.0,4174.0,-3553.0
DecoLine,4174.0,-3553.0,4173.0,-3555.0
DecoLine,4173.0,-3555.0,4172.0,-3559.0
DecoLine,4172.0,-3559.0,4172.0,-3563.0
DecoLine,4172.0,-3563.0,4171.0,-3566.0
DecoLine,4171.0,-3566.0,4171.0,-3568.0
DecoLine,4171.0,-3568.0,4170.0,-3570.0
DecoLine,4170.0,-3570.0,4169.0,-3571.0
DecoLine,4169.0,-3571.0,4167.0,-3572.0
DecoLine,4167.0,-3572.0,4164.0,-3573.0
DecoLine,4164.0,-3573.0,4159.0,-3573.0
DecoLine,4159.0,-3573.0,4156.0,-3574.0
DecoLine,4156.0,-3574.0,4153.0,-3574.0
DecoLine,4153.0,-3574.0,4151.0,-3574.0
DecoLine,4151.0,-3574.0,4149.0,-3572.0
DecoLine,4149.0,-3572.0,4149.0,-3571.0
DecoLine,4149.0,-3571.0,4148.0,-3568.0
DecoLine,4148.0,-3568.0,4148.0,-3566.0
DecoLine,4148.0,-3566.0,4147.0,-3564.0
DecoLine,4147.0,-3564.0,4147.0,-3561.0
DecoLine,4147.0,-3561.0,4147.0,-3558.0
DecoLine,4147.0,-3558.0,4147.0,-3556.0
DecoLine,4147.0,-3556.0,4147.0,-3555.0
DecoLine,4147.0,-3555.0,4148.0,-3554.0
DecoLine,4148.0,-3554.0,4150.0,-3554.0
DecoLine,4150.0,-3554.0,4153.0,-3553.0
DecoLine,4153.0,-3553.0,4154.0,-3552.0
DecoLine,4154.0,-3552.0,4157.0,-3552.0
DecoLine,4157.0,-3552.0,4159.0,-3552.0
DecoLine,4159.0,-3552.0,4161.0,-3552.0
DecoLine,4161.0,-3552.0,4162.0,-3552.0
DecoLine,4162.0,-3552.0,4163.0,-3554.0
DecoLine,4163.0,-3554.0,4165.0,-3556.0
DecoLine,4165.0,-3556.0,4167.0,-3558.0
DecoLine,4167.0,-3558.0,4169.0,-3562.0
DecoLine,4169.0,-3562.0,4171.0,-3564.0
DecoLine,4171.0,-3564.0,4172.0,-3566.0
DecoLine,4172.0,-3566.0,4173.0,-3567.0
DecoLine,4173.0,-3567.0,4173.0,-3568.0
DecoLine,4173.0,-3568.0,4173.0,-3569.0
DecoLine,4173.0,-3569.0,4173.0,-3569.0
DecoLine,4173.0,-3569.0,4170.0,-3570.0
DecoLine,4170.0,-3570.0,4167.0,-3570.0
DecoLine,4167.0,-3570.0,4164.0,-3568.0
DecoLine,4164.0,-3568.0,4161.0,-3564.0
DecoLine,4161.0,-3564.0,4160.0,-3560.0
DecoLine,4160.0,-3560.0,4159.0,-3556.0
DecoLine,4159.0,-3556.0,4159.0,-3553.0
DecoLine,4159.0,-3553.0,4159.0,-3550.0
DecoLine,4159.0,-3550.0,4159.0,-3548.0
DecoLine,4159.0,-3548.0,4159.0,-3543.0
DecoLine,4159.0,-3543.0,4159.0,-3542.0
DecoLine,4159.0,-3542.0,4161.0,-3540.0
DecoLine,4161.0,-3540.0,4163.0,-3538.0
DecoLine,4163.0,-3538.0,4165.0,-3538.0
DecoLine,4165.0,-3538.0,4166.0,-3537.0
DecoLine,4166.0,-3537.0,4167.0,-3537.0
DecoLine,4167.0,-3537.0,4168.0,-3537.0
DecoLine,4168.0,-3537.0,4170.0,-3538.0
DecoLine,4170.0,-3538.0,4173.0,-3539.0
DecoLine,4173.0,-3539.0,4176.0,-3540.0
DecoLine,4176.0,-3540.0,4179.0,-3541.0
DecoLine,4179.0,-3541.0,4181.0,-3543.0
DecoLine,4181.0,-3543.0,4182.0,-3544.0
DecoLine,4182.0,-3544.0,4182.0,-3545.0
DecoLine,4182.0,-3545.0,4182.0,-3546.0
DecoLine,4182.0,-3546.0,4182.0,-3547.0
DecoLine,4182.0,-3547.0,4181.0,-3548.0
DecoLine,4181.0,-3548.0,4180.0,-3549.0
DecoLine,4180.0,-3549.0,4177.0,-3549.0
DecoLine,4177.0,-3549.0,4175.0,-3549.0
DecoLine,4175.0,-3549.0,4174.0,-3548.0
DecoLine,4174.0,-3548.0,4173.0,-3546.0
DecoLine,4173.0,-3546.0,4171.0,-3544.0
DecoLine,4171.0,-3544.0,4170.0,-3543.0
DecoLine,4170.0,-3543.0,4170.0,-3542.0
DecoLine,4170.0,-3542.0,4168.0,-3539.0
DecoLine,4168.0,-3539.0,4167.0,-3536.0
DecoLine,4167.0,-3536.0,4166.0,-3533.0
DecoLine,4166.0,-3533.0,4165.0,-3532.0
DecoLine,4165.0,-3532.0,4165.0,-3531.0
DecoLine,4165.0,-3531.0,4165.0,-3531.0
DecoLine,4165.0,-3531.0,4165.0,-3530.0
DecoLine,4165.0,-3530.0,4166.0,-3528.0
DecoLine,4166.0,-3528.0,4168.0,-3526.0
DecoLine,4168.0,-3526.0,4170.0,-3525.0
DecoLine,4170.0,-3525.0,4171.0,-3524.0
DecoLine,4171.0,-3524.0,4172.0,-3524.0
DecoLine,4172.0,-3524.0,4173.0,-3524.0
DecoLine,4173.0,-3524.0,4173.0,-3524.0
DecoLine,4173.0,-3524.0,4174.0,-3526.0
DecoLine,4174.0,-3526.0,4175.0,-3527.0
DecoLine,4175.0,-3527.0,4176.0,-3529.0
DecoLine,4176.0,-3529.0,4177.0,-3532.0
DecoLine,4177.0,-3532.0,4177.0,-3533.0
DecoLine,4177.0,-3533.0,4177.0,-3534.0
DecoLine,4177.0,-3534.0,4177.0,-3535.0
DecoLine,4177.0,-3535.0,4177.0,-3536.0
DecoLine,4177.0,-3536.0,4175.0,-3537.0
DecoLine,4175.0,-3537.0,4173.0,-3537.0
DecoLine,4173.0,-3537.0,4170.0,-3537.0
DecoLine,4170.0,-3537.0,4168.0,-3537.0
DecoLine,4168.0,-3537.0,4166.0,-3536.0
DecoLine,4166.0,-3536.0,4165.0,-3535.0
DecoLine,4165.0,-3535.0,4164.0,-3533.0
DecoLine,4164.0,-3533.0,4163.0,-3532.0
DecoLine,4163.0,-3532.0,4161.0,-3531.0
DecoLine,4161.0,-3531.0,4160.0,-3530.0
DecoLine,4160.0,-3530.0,4159.0,-3529.0
DecoLine,4159.0,-3529.0,4158.0,-3527.0
DecoLine,4158.0,-3527.0,4157.0,-3526.0
DecoLine,4157.0,-3526.0,4157.0,-3524.0
DecoLine,4157.0,-3524.0,4157.0,-3521.0
DecoLine,4157.0,-3521.0,4157.0,-3517.0
DecoLine,4157.0,-3517.0,4157.0,-3513.0
DecoLine,4157.0,-3513.0,4158.0,-3512.0
DecoLine,4158.0,-3512.0,4159.0,-3511.0
DecoLine,4159.0,-3511.0,4160.0,-3511.0
DecoLine,4160.0,-3511.0,4161.0,-3511.0
DecoLine,4161.0,-3511.0,4162.0,-3511.0
DecoLine,4162.0,-3511.0,4164.0,-3512.0
DecoLine,4164.0,-3512.0,4166.0,-3512.0
DecoLine,4166.0,-3512.0,4168.0,-3513.0
DecoLine,4168.0,-3513.0,4171.0,-3515.0
DecoLine,4171.0,-3515.0,4172.0,-3516.0
DecoLine,4172.0,-3516.0,4173.0,-3518.0
DecoLine,4173.0,-3518.0,4174.0,-3519.0
DecoLine,4174.0,-3519.0,4174.0,-3522.0
DecoLine,4174.0,-3522.0,4174.0,-3525.0
DecoLine,4174.0,-3525.0,4173.0,-3527.0
DecoLine,4173.0,-3527.0,4171.0,-3529.0
DecoLine,4171.0,-3529.0,4170.0,-3529.0
DecoLine,4170.0,-3529.0,4168.0,-3529.0
DecoLine,4168.0,-3529.0,4167.0,-3529.0
DecoLine,4167.0,-3529.0,4165.0,-3529.0
DecoLine,4165.0,-3529.0,4163.0,-3529.0
DecoLine,4163.0,-3529.0,4160.0,-3529.0
DecoLine,4160.0,-3529.0,4158.0,-3529.0
DecoLine,4158.0,-3529.0,4157.0,-3529.0
DecoLine,4157.0,-3529.0,4156.0,-3529.0
DecoLine,4156.0,-3529.0,4156.0,-3529.0
DecoLine,4156.0,-3529.0,4155.0,-3529.0
DecoLine,4155.0,-3529.0,4155.0,-3528.0
DecoLine,4155.0,-3528.0,4154.0,-3526.0
DecoLine,4154.0,-3526.0,4154.0,-3524.0
DecoLine,4154.0,-3524.0,4153.0,-3521.0
DecoLine,4153.0,-3521.0,4153.0,-3519.0
DecoLine,4153.0,-3519.0,4153.0,-3516.0
DecoLine,4153.0,-3516.0,4153.0,-3513.0
DecoLine,4153.0,-3513.0,4155.0,-3509.0
DecoLine,4155.0,-3509.0,4158.0,-3505.0
DecoLine,4158.0,-3505.0,4162.0,-3500.0
DecoLine,4162.0,-3500.0,4165.0,-3498.0
DecoLine,4165.0,-3498.0,4168.0,-3497.0
DecoLine,4168.0,-3497.0,4169.0,-3497.0
DecoLine,4169.0,-3497.0,4171.0,-3497.0
DecoLine,4171.0,-3497.0,4172.0,-3498.0
DecoLine,4172.0,-3498.0,4173.0,-3500.0
DecoLine,4173.0,-3500.0,4175.0,-3503.0
DecoLine,4175.0,-3503.0,4178.0,-3506.0
DecoLine,4178.0,-3506.0,4181.0,-3510.0
DecoLine,4181.0,-3510.0,4185.0,-3514.0
DecoLine,4185.0,-3514.0,4187.0,-3519.0
DecoLine,4187.0,-3519.0,4189.0,-3523.0
DecoLine,4189.0,-3523.0,4189.0,-3524.0
DecoLine,4189.0,-3524.0,4190.0,-3526.0
DecoLine,4190.0,-3526.0,4190.0,-3528.0
DecoLine,4190.0,-3528.0,4190.0,-3532.0
DecoLine,4190.0,-3532.0,4189.0,-3537.0
DecoLine,4189.0,-3537.0,4189.0,-3539.0
DecoLine,4189.0,-3539.0,4188.0,-3541.0
DecoLine,4188.0,-3541.0,4186.0,-3541.0
DecoLine,4186.0,-3541.0,4184.0,-3542.0
DecoLine,4184.0,-3542.0,4180.0,-3540.0
DecoLine,4180.0,-3540.0,4176.0,-3540.0
DecoLine,4176.0,-3540.0,4173.0,-3540.0
DecoLine,4173.0,-3540.0,4170.0,-3540.0
DecoLine,4170.0,-3540.0,4167.0,-3540.0
DecoLine,4167.0,-3540.0,4166.0,-3540.0
DecoLine,4166.0,-3540.0,4165.0,-3538.0
DecoLine,4165.0,-3538.0,4163.0,-3536.0
DecoLine,4163.0,-3536.0,4162.0,-3534.0
DecoLine,4162.0,-3534.0,4159.0,-3532.0
DecoLine,4159.0,-3532.0,4158.0,-3530.0
DecoLine,4158.0,-3530.0,4157.0,-3528.0
DecoLine,4157.0,-3528.0,4156.0,-3526.0
DecoLine,4156.0,-3526.0,4156.0,-3523.0
DecoLine,4156.0,-3523.0,4156.0,-3518.0
DecoLine,4156.0,-3518.0,4156.0,-3513.0
DecoLine,4156.0,-3513.0,4156.0,-3509.0
DecoLine,4156.0,-3509.0,4158.0,-3506.0
DecoLine,4158.0,-3506.0,4160.0,-3505.0
DecoLine,4160.0,-3505.0,4161.0,-3505.0
DecoLine,4161.0,-3505.0,4162.0,-3506.0
DecoLine,4162.0,-3506.0,4163.0,-3509.0
DecoLine,4163.0,-3509.0,4164.0,-3512.0
DecoLine,4164.0,-3512.0,4164.0,-3514.0
DecoLine,4164.0,-3514.0,4165.0,-3517.0
DecoLine,4165.0,-3517.0,4165.0,-3520.0
DecoLine,4165.0,-3520.0,4165.0,-3523.0
DecoLine,4165.0,-3523.0,4165.0,-3525.0
DecoLine,4165.0,-3525.0,4164.0,-3527.0
DecoLine,4164.0,-3527.0,4164.0,-3528.0
DecoLine,4164.0,-3528.0,4162.0,-3529.0
DecoLine,4162.0,-3529.0,4160.0,-3530.0
DecoLine,4160.0,-3530.0,4157.0,-3533.0
DecoLine,4157.0,-3533.0,4153.0,-3536.0
DecoLine,4153.0,-3536.0,4152.0,-3536.0
DecoLine,4152.0,-3536.0,4150.0,-3538.0
DecoLine,4150.0,-3538.0,4148.0,-3538.0
DecoLine,4148.0,-3538.0,4147.0,-3539.0
DecoLine,4147.0,-3539.0,4147.0,-3539.0
DecoLine,4147.0,-3539.0,4146.0,-3539.0
DecoLine,4146.0,-3539.0,4146.0,-3538.0
DecoLine,4146.0,-3538.0,4145.0,-3537.0
DecoLine,4145.0,-3537.0,4144.0,-3535.0
DecoLine,4144.0,-3535.0,4143.0,-3532.0
DecoLine,4143.0,-3532.0,4143.0,-3530.0
DecoLine,4143.0,-3530.0,4142.0,-3527.0
DecoLine,4142.0,-3527.0,4142.0,-3525.0
DecoLine,4142.0,-3525.0,4142.0,-3523.0
DecoLine,4142.0,-3523.0,4143.0,-3523.0
DecoLine,4143.0,-3523.0,4144.0,-3522.0
DecoLine,4144.0,-3522.0,4146.0,-3522.0
DecoLine,4146.0,-3522.0,4149.0,-3521.0
DecoLine,4149.0,-3521.0,4151.0,-3521.0
DecoLine,4151.0,-3521.0,4153.0,-3522.0
DecoLine,4153.0,-3522.0,4155.0,-3523.0
DecoLine,4155.0,-3523.0,4157.0,-3525.0
DecoLine,4157.0,-3525.0,4159.0,-3528.0
DecoLine,4159.0,-3528.0,4160.0,-3531.0
DecoLine,4160.0,-3531.0,4162.0,-3535.0
DecoLine,4162.0,-3535.0,4162.0,-3537.0
DecoLine,4162.0,-3537.0,4162.0,-3539.0
DecoLine,4162.0,-3539.0,4162.0,-3541.0
DecoLine,4162.0,-3541.0,4161.0,-3543.0
DecoLine,4161.0,-3543.0,4159.0,-3545.0
DecoLine,4159.0,-3545.0,4157.0,-3546.0
DecoLine,4157.0,-3546.0,4156.0,-3546.0
DecoLine,4156.0,-3546.0,4155.0,-3547.0
DecoLine,4155.0,-3547.0,4154.0,-3547.0
DecoLine,4154.0,-3547.0,4154.0,-3548.0
DecoLine,4154.0,-3548.0,4153.0,-3548.0
DecoLine,4153.0,-3548.0,4152.0,-3548.0
DecoLine,4152.0,-3548.0,4151.0,-3547.0
DecoLine,4151.0,-3547.0,4150.0,-3546.0
DecoLine,4150.0,-3546.0,4149.0,-3544.0
DecoLine,4149.0,-3544.0,4147.0,-3542.0
DecoLine,4147.0,-3542.0,4146.0,-3540.0
DecoLine,4146.0,-3540.0,4146.0,-3539.0
DecoLine,4146.0,-3539.0,4146.0,-3537.0
DecoLine,4146.0,-3537.0,4146.0,-3536.0
DecoLine,4146.0,-3536.0,4147.0,-3534.0
DecoLine,4147.0,-3534.0,4148.0,-3533.0
DecoLine,4148.0,-3533.0,4150.0,-3532.0
DecoLine,4150.0,-3532.0,4151.0,-3531.0
DecoLine,4151.0,-3531.0,4153.0,-3529.0
DecoLine,4153.0,-3529.0,4154.0,-3527.0
DecoLine,4154.0,-3527.0,4155.0,-3527.0
DecoLine,4155.0,-3527.0,4157.0,-3526.0
DecoLine,4157.0,-3526.0,4160.0,-3527.0
DecoLine,4160.0,-3527.0,4162.0,-3527.0
DecoLine,4162.0,-3527.0,4165.0,-3529.0
DecoLine,4165.0,-3529.0,4170.0,-3532.0
DecoLine,4170.0,-3532.0,4175.0,-3536.0
DecoLine,4175.0,-3536.0,4177.0,-3540.0
DecoLine,4177.0,-3540.0,4180.0,-3543.0
DecoLine,4180.0,-3543.0,4181.0,-3546.0
DecoLine,4181.0,-3546.0,4182.0,-3548.0
DecoLine,4182.0,-3548.0,4181.0,-3549.0
DecoLine,4181.0,-3549.0,4181.0,-3550.0
DecoLine,4181.0,-3550.0,4178.0,-3551.0
DecoLine,4178.0,-3551.0,4175.0,-3552.0
DecoLine,4175.0,-3552.0,4174.0,-3552.0
DecoLine,4174.0,-3552.0,4172.0,-3552.0
DecoLine,4172.0,-3552.0,4172.0,-3552.0
DecoLine,4172.0,-3552.0,4172.0,-3552.0
DecoLine,4172.0,-3552.0,4172.0,-3551.0
DecoLine,4172.0,-3551.0,4172.0,-3550.0
DecoLine,4172.0,-3550.0,4172.0,-3549.0
DecoLine,4172.0,-3549.0,4172.0,-3549.0
DecoLine,4172.0,-3549.0,4172.0,-3548.0
DecoLine,4172.0,-3548.0,4172.0,-3548.0
DecoLine,4172.0,-3548.0,4172.0,-3546.0
DecoLine,4333.0,-3811.0,4333.0,-3811.0
DecoLine,4333.0,-3811.0,4333.0,-3811.0
DecoLine,4333.0,-3811.0,4332.0,-3811.0
DecoLine,4332.0,-3811.0,4332.0,-3811.0
DecoLine,4332.0,-3811.0,4331.0,-3811.0
DecoLine,4331.0,-3811.0,4331.0,-3810.0
DecoLine,4331.0,-3810.0,4331.0,-3810.0
DecoLine,4331.0,-3810.0,4330.0,-3809.0
DecoLine,4330.0,-3809.0,4330.0,-3808.0
DecoLine,4330.0,-3808.0,4329.0,-3808.0
DecoLine,4329.0,-3808.0,4329.0,-3807.0
DecoLine,4329.0,-3807.0,4328.0,-3807.0
DecoLine,4328.0,-3807.0,4327.0,-3806.0
DecoLine,4327.0,-3806.0,4326.0,-3806.0
DecoLine,4326.0,-3806.0,4326.0,-3805.0
DecoLine,4326.0,-3805.0,4325.0,-3804.0
DecoLine,4325.0,-3804.0,4325.0,-3803.0
DecoLine,4325.0,-3803.0,4324.0,-3803.0
DecoLine,4324.0,-3803.0,4324.0,-3802.0
DecoLine,4324.0,-3802.0,4324.0,-3798.0
DecoLine,4324.0,-3798.0,4324.0,-3794.0
DecoLine,4324.0,-3794.0,4324.0,-3789.0
DecoLine,4324.0,-3789.0,4324.0,-3787.0
DecoLine,4324.0,-3787.0,4324.0,-3785.0
DecoLine,4324.0,-3785.0,4324.0,-3785.0
DecoLine,4324.0,-3786.0,4324.0,-3786.0
DecoLine,4324.0,-3786.0,4323.0,-3788.0
DecoLine,4323.0,-3788.0,4323.0,-3789.0
DecoLine,4323.0,-3789.0,4321.0,-3791.0
DecoLine,4321.0,-3791.0,4321.0,-3791.0
DecoLine,4321.0,-3791.0,4321.0,-3791.0
DecoLine,4321.0,-3791.0,4321.0,-3792.0
DecoLine,4321.0,-3792.0,4320.0,-3792.0
DecoLine,4320.0,-3792.0,4319.0,-3792.0
DecoLine,4319.0,-3792.0,4318.0,-3792.0
DecoLine,4318.0,-3792.0,4317.0,-3793.0
DecoLine,4317.0,-3793.0,4316.0,-3793.0
DecoLine,4316.0,-3793.0,4316.0,-3793.0
DecoLine,4316.0,-3793.0,4316.0,-3793.0
DecoLine,4316.0,-3793.0,4315.0,-3793.0
DecoLine,4315.0,-3793.0,4315.0,-3792.0
DecoLine,4315.0,-3792.0,4314.0,-3792.0
DecoLine,4314.0,-3792.0,4314.0,-3792.0
DecoLine,4314.0,-3792.0,4313.0,-3792.0
DecoLine,4313.0,-3792.0,4311.0,-3792.0
DecoLine,4311.0,-3792.0,4310.0,-3792.0
DecoLine,4310.0,-3792.0,4308.0,-3792.0
DecoLine,4308.0,-3792.0,4308.0,-3792.0
DecoLine,4308.0,-3792.0,4307.0,-3792.0
DecoLine,4307.0,-3792.0,4306.0,-3791.0
DecoLine,4306.0,-3791.0,4306.0,-3790.0
DecoLine,4306.0,-3790.0,4306.0,-3790.0
DecoLine,4306.0,-3790.0,4306.0,-3789.0
DecoLine,4306.0,-3789.0,4306.0,-3788.0
DecoLine,4306.0,-3788.0,4305.0,-3787.0
DecoLine,4305.0,-3787.0,4305.0,-3786.0
DecoLine,4305.0,-3786.0,4305.0,-3785.0
DecoLine,4305.0,-3785.0,4304.0,-3784.0
DecoLine,4304.0,-3784.0,4304.0,-3783.0
DecoLine,4304.0,-3783.0,4304.0,-3783.0
DecoLine,4304.0,-3783.0,4304.0,-3782.0
DecoLine,4304.0,-3782.0,4304.0,-3782.0
DecoLine,4304.0,-3782.0,4304.0,-3782.0
DecoLine,4304.0,-3782.0,4304.0,-3782.0
DecoLine,4304.0,-3782.0,4303.0,-3782.0
DecoLine,4303.0,-3782.0,4303.0,-3782.0
DecoLine,4303.0,-3782.0,4303.0,-3784.0
DecoLine,4303.0,-3784.0,4303.0,-3785.0
DecoLine,4303.0,-3785.0,4303.0,-3786.0
DecoLine,4303.0,-3786.0,4303.0,-3791.0
DecoLine,4303.0,-3791.0,4303.0,-3793.0
DecoLine,4303.0,-3793.0,4303.0,-3797.0
DecoLine,4303.0,-3797.0,4303.0,-3798.0
DecoLine,4303.0,-3798.0,4303.0,-3799.0
DecoLine,4303.0,-3799.0,4303.0,-3799.0
DecoLine,4303.0,-3799.0,4303.0,-3799.0
DecoLine,4303.0,-3799.0,4304.0,-3799.0
DecoLine,4304.0,-3799.0,4305.0,-3798.0
DecoLine,4305.0,-3798.0,4307.0,-3798.0
DecoLine,4307.0,-3798.0,4307.0,-3798.0
DecoLine,4307.0,-3798.0,4313.0,-3799.0
DecoLine,4313.0,-3799.0,4316.0,-3800.0
DecoLine,4316.0,-3800.0,4318.0,-3800.0
DecoLine,4318.0,-3800.0,4320.0,-3801.0
DecoLine,4320.0,-3801.0,4322.0,-3802.0
DecoLine,4322.0,-3802.0,4323.0,-3802.0
DecoLine,4323.0,-3802.0,4323.0,-3803.0
DecoLine,4323.0,-3803.0,4324.0,-3803.0
DecoLine,4324.0,-3803.0,4324.0,-3803.0
DecoLine,4324.0,-3803.0,4324.0,-3803.0
DecoLine,4324.0,-3803.0,4324.0,-3803.0
DecoLine,4324.0,-3803.0,4324.0,-3804.0
DecoLine,4324.0,-3804.0,4324.0,-3804.0
DecoLine,4324.0,-3804.0,4324.0,-3805.0
DecoLine,4324.0,-3805.0,4324.0,-3805.0
DecoLine,4324.0,-3805.0,4324.0,-3805.0
DecoLine,4324.0,-3805.0,4324.0,-3806.0
DecoLine,4324.0,-3806.0,4324.0,-3806.0
DecoLine,4324.0,-3806.0,4324.0,-3807.0
DecoLine,4324.0,-3807.0,4324.0,-3807.0
DecoLine,4324.0,-3807.0,4324.0,-3807.0
DecoLine,4324.0,-3807.0,4324.0,-3808.0
DecoLine,4324.0,-3808.0,4323.0,-3808.0
DecoLine,4323.0,-3808.0,4322.0,-3808.0
DecoLine,4322.0,-3808.0,4321.0,-3808.0
DecoLine,4321.0,-3808.0,4321.0,-3808.0
DecoLine,4321.0,-3808.0,4321.0,-3810.0
DecoLine,4321.0,-3810.0,4321.0,-3812.0
DecoLine,4321.0,-3812.0,4321.0,-3812.0
DecoLine,4321.0,-3812.0,4321.0,-3813.0
DecoLine,4321.0,-3813.0,4321.0,-3813.0
DecoLine,4321.0,-3813.0,4323.0,-3813.0
DecoLine,4323.0,-3813.0,4325.0,-3813.0
DecoLine,4325.0,-3813.0,4326.0,-3814.0
DecoLine,4326.0,-3814.0,4327.0,-3815.0
DecoLine,4327.0,-3815.0,4327.0,-3815.0
DecoLine,4327.0,-3815.0,4327.0,-3816.0
DecoLine,4327.0,-3816.0,4327.0,-3816.0
DecoLine,4327.0,-3816.0,4327.0,-3817.0
DecoLine,4327.0,-3817.0,4327.0,-3818.0
DecoLine,4327.0,-3818.0,4327.0,-3818.0
DecoLine,4327.0,-3818.0,4327.0,-3819.0
DecoLine,4327.0,-3819.0,4327.0,-3820.0
DecoLine,4327.0,-3820.0,4327.0,-3820.0
DecoLine,4327.0,-3820.0,4327.0,-3821.0
DecoLine,4327.0,-3821.0,4328.0,-3822.0
DecoLine,4328.0,-3822.0,4328.0,-3823.0
DecoLine,4328.0,-3823.0,4328.0,-3824.0
DecoLine,4328.0,-3824.0,4329.0,-3824.0
DecoLine,4329.0,-3824.0,4329.0,-3825.0
DecoLine,4329.0,-3825.0,4329.0,-3826.0
DecoLine,4329.0,-3826.0,4329.0,-3826.0
DecoLine,4329.0,-3826.0,4329.0,-3827.0
DecoLine,4329.0,-3827.0,4329.0,-3829.0
DecoLine,4329.0,-3829.0,4329.0,-3831.0
DecoLine,4329.0,-3831.0,4329.0,-3833.0
DecoLine,4329.0,-3833.0,4330.0,-3834.0
DecoLine,4330.0,-3834.0,4330.0,-3834.0
DecoLine,4330.0,-3834.0,4331.0,-3835.0
DecoLine,4331.0,-3835.0,4331.0,-3838.0
DecoLine,4331.0,-3838.0,4334.0,-3843.0
DecoLine,4334.0,-3843.0,4334.0,-3845.0
DecoLine,4334.0,-3845.0,4336.0,-3849.0
DecoLine,4336.0,-3849.0,4337.0,-3851.0
DecoLine,4337.0,-3851.0,4337.0,-3852.0
DecoLine,4337.0,-3852.0,4337.0,-3853.0
DecoLine,4337.0,-3853.0,4336.0,-3852.0
DecoLine,4336.0,-3852.0,4332.0,-3850.0
DecoLine,4332.0,-3850.0,4331.0,-3850.0
DecoLine,4331.0,-3850.0,4329.0,-3849.0
DecoLine,4329.0,-3849.0,4325.0,-3844.0
DecoLine,4325.0,-3844.0,4321.0,-3838.0
DecoLine,4321.0,-3838.0,4318.0,-3832.0
DecoLine,4318.0,-3832.0,4317.0,-3831.0
DecoLine,4317.0,-3831.0,4316.0,-3828.0
DecoLine,4316.0,-3828.0,4315.0,-3825.0
DecoLine,4315.0,-3825.0,4315.0,-3823.0
DecoLine,4315.0,-3823.0,4315.0,-3822.0
DecoLine,4315.0,-3822.0,4315.0,-3821.0
DecoLine,4315.0,-3821.0,4315.0,-3821.0
DecoLine,4315.0,-3821.0,4315.0,-3821.0
DecoLine,4315.0,-3821.0,4314.0,-3821.0
DecoLine,4314.0,-3821.0,4312.0,-3819.0
DecoLine,4312.0,-3819.0,4310.0,-3818.0
DecoLine,4310.0,-3818.0,4308.0,-3817.0
DecoLine,4308.0,-3817.0,4307.0,-3815.0
DecoLine,4307.0,-3815.0,4305.0,-3814.0
DecoLine,4305.0,-3814.0,4304.0,-3811.0
DecoLine,4304.0,-3811.0,4302.0,-3806.0
DecoLine,4302.0,-3806.0,4301.0,-3800.0
DecoLine,4301.0,-3800.0,4300.0,-3793.0
DecoLine,4300.0,-3793.0,4300.0,-3788.0
DecoLine,4300.0,-3788.0,4299.0,-3785.0
DecoLine,4299.0,-3785.0,4299.0,-3783.0
DecoLine,4299.0,-3783.0,4299.0,-3783.0
DecoLine,4299.0,-3783.0,4299.0,-3782.0
DecoLine,4299.0,-3782.0,4299.0,-3782.0
DecoLine,4299.0,-3782.0,4299.0,-3782.0
DecoLine,4299.0,-3782.0,4298.0,-3782.0
DecoLine,4298.0,-3782.0,4297.0,-3783.0
DecoLine,4297.0,-3783.0,4296.0,-3784.0
DecoLine,4296.0,-3784.0,4296.0,-3785.0
DecoLine,4296.0,-3785.0,4296.0,-3785.0
DecoLine,4296.0,-3785.0,4295.0,-3785.0
DecoLine,4295.0,-3785.0,4294.0,-3785.0
DecoLine,4294.0,-3785.0,4293.0,-3785.0
DecoLine,4293.0,-3785.0,4292.0,-3785.0
DecoLine,4292.0,-3785.0,4291.0,-3785.0
DecoLine,4291.0,-3785.0,4290.0,-3785.0
DecoLine,4290.0,-3785.0,4290.0,-3785.0
DecoLine,4290.0,-3785.0,4290.0,-3785.0
DecoLine,4290.0,-3785.0,4288.0,-3783.0
DecoLine,4288.0,-3783.0,4287.0,-3782.0
DecoLine,4287.0,-3782.0,4286.0,-3781.0
DecoLine,4286.0,-3781.0,4286.0,-3780.0
DecoLine,4286.0,-3780.0,4285.0,-3780.0
DecoLine,4285.0,-3780.0,4285.0,-3780.0
DecoLine,4285.0,-3780.0,4285.0,-3780.0
DecoLine,4285.0,-3780.0,4285.0,-3780.0
DecoLine,4285.0,-3780.0,4284.0,-3780.0
DecoLine,4284.0,-3780.0,4284.0,-3780.0
DecoLine,4284.0,-3780.0,4283.0,-3780.0
DecoLine,4283.0,-3780.0,4282.0,-3780.0
DecoLine,4282.0,-3780.0,4281.0,-3779.0
DecoLine,4281.0,-3779.0,4281.0,-3779.0
DecoLine,13345.0,-6520.0,13345.0,-6520.0
DecoLine,13345.0,-6520.0,13345.0,-6519.0
DecoLine,13345.0,-6519.0,13345.0,-6517.0
DecoLine,13345.0,-6517.0,13345.0,-6513.0
DecoLine,13345.0,-6513.0,13345.0,-6511.0
DecoLine,13345.0,-6511.0,13345.0,-6510.0
DecoLine,13345.0,-6510.0,13345.0,-6509.0
DecoLine,13345.0,-6509.0,13345.0,-6509.0
DecoLine,13345.0,-6509.0,13345.0,-6508.0
DecoLine,13345.0,-6508.0,13345.0,-6507.0
DecoLine,13345.0,-6507.0,13345.0,-6506.0
DecoLine,13345.0,-6506.0,13346.0,-6506.0
DecoLine,13346.0,-6506.0,13346.0,-6506.0
DecoLine,13346.0,-6506.0,13346.0,-6506.0
DecoLine,13346.0,-6506.0,13347.0,-6506.0
DecoLine,13347.0,-6506.0,13347.0,-6506.0
DecoLine,13347.0,-6506.0,13348.0,-6506.0
DecoLine,13348.0,-6506.0,13348.0,-6506.0
DecoLine,13348.0,-6506.0,13349.0,-6506.0
DecoLine,13349.0,-6506.0,13349.0,-6506.0
DecoLine,13349.0,-6506.0,13349.0,-6506.0
DecoLine,13349.0,-6506.0,13349.0,-6507.0
DecoLine,13349.0,-6507.0,13349.0,-6508.0
DecoLine,13349.0,-6508.0,13349.0,-6509.0
DecoLine,13349.0,-6509.0,13349.0,-6510.0
DecoLine,13349.0,-6510.0,13348.0,-6511.0
DecoLine,13348.0,-6511.0,13347.0,-6512.0
DecoLine,13347.0,-6512.0,13347.0,-6512.0
DecoLine,13347.0,-6512.0,13346.0,-6512.0
DecoLine,13346.0,-6512.0,13345.0,-6512.0
DecoLine,13345.0,-6512.0,13343.0,-6513.0
DecoLine,13343.0,-6513.0,13341.0,-6514.0
DecoLine,13341.0,-6514.0,13340.0,-6514.0
DecoLine,13340.0,-6514.0,13338.0,-6514.0
DecoLine,13338.0,-6514.0,13338.0,-6514.0
DecoLine,13338.0,-6514.0,13338.0,-6514.0
DecoLine,13338.0,-6514.0,13337.0,-6514.0
DecoLine,13337.0,-6514.0,13335.0,-6514.0
DecoLine,13335.0,-6514.0,13334.0,-6514.0
DecoLine,13334.0,-6514.0,13333.0,-6513.0
DecoLine,13333.0,-6513.0,13332.0,-6513.0
DecoLine,13332.0,-6513.0,13332.0,-6512.0
DecoLine,13332.0,-6512.0,13332.0,-6511.0
DecoLine,13332.0,-6511.0,13332.0,-6510.0
DecoLine,13332.0,-6510.0,13332.0,-6510.0
DecoLine,13332.0,-6510.0,13332.0,-6509.0
DecoLine,13332.0,-6509.0,13332.0,-6508.0
DecoLine,13332.0,-6508.0,13332.0,-6508.0
DecoLine,13332.0,-6508.0,13332.0,-6507.0
DecoLine,13332.0,-6507.0,13334.0,-6506.0
DecoLine,13334.0,-6506.0,13335.0,-6506.0
DecoLine,13335.0,-6506.0,13337.0,-6505.0
DecoLine,13337.0,-6505.0,13338.0,-6505.0
DecoLine,13338.0,-6505.0,13339.0,-6504.0
DecoLine,13339.0,-6504.0,13340.0,-6504.0
DecoLine,13340.0,-6504.0,13341.0,-6504.0
DecoLine,13341.0,-6504.0,13341.0,-6504.0
DecoLine,13341.0,-6504.0,13342.0,-6504.0
DecoLine,13342.0,-6504.0,13342.0,-6505.0
DecoLine,13342.0,-6505.0,13343.0,-6505.0
DecoLine,13343.0,-6505.0,13343.0,-6506.0
DecoLine,13343.0,-6506.0,13344.0,-6506.0
DecoLine,13344.0,-6506.0,13344.0,-6507.0
DecoLine,13344.0,-6507.0,13344.0,-6508.0
DecoLine,13344.0,-6508.0,13344.0,-6509.0
DecoLine,13344.0,-6509.0,13344.0,-6510.0
DecoLine,13344.0,-6510.0,13344.0,-6511.0
DecoLine,13344.0,-6511.0,13344.0,-6512.0
DecoLine,13344.0,-6512.0,13344.0,-6513.0
DecoLine,13344.0,-6513.0,13344.0,-6514.0
DecoLine,13344.0,-6514.0,13343.0,-6515.0
DecoLine,13343.0,-6515.0,13343.0,-6516.0
DecoLine,13343.0,-6516.0,13341.0,-6516.0
DecoLine,13341.0,-6516.0,13340.0,-6516.0
DecoLine,13340.0,-6516.0,13339.0,-6516.0
DecoLine,13339.0,-6516.0,13338.0,-6516.0
DecoLine,13338.0,-6516.0,13337.0,-6516.0
DecoLine,13337.0,-6516.0,13336.0,-6515.0
DecoLine,13336.0,-6515.0,13335.0,-6514.0
DecoLine,13335.0,-6514.0,13334.0,-6513.0
DecoLine,13334.0,-6513.0,13331.0,-6513.0
DecoLine,13331.0,-6513.0,13328.0,-6512.0
DecoLine,13328.0,-6512.0,13325.0,-6511.0
DecoLine,13325.0,-6511.0,13323.0,-6511.0
DecoLine,13323.0,-6511.0,13322.0,-6510.0
DecoLine,13322.0,-6510.0,13321.0,-6509.0
DecoLine,13321.0,-6509.0,13321.0,-6509.0
DecoLine,13321.0,-6509.0,13320.0,-6508.0
DecoLine,13320.0,-6508.0,13320.0,-6508.0
DecoLine,13320.0,-6508.0,13320.0,-6507.0
DecoLine,13320.0,-6507.0,13320.0,-6506.0
DecoLine,13320.0,-6506.0,13320.0,-6506.0
DecoLine,13320.0,-6506.0,13320.0,-6505.0
DecoLine,13320.0,-6505.0,13320.0,-6504.0
DecoLine,13320.0,-6504.0,13321.0,-6503.0
DecoLine,13321.0,-6503.0,13321.0,-6503.0
DecoLine,13321.0,-6503.0,13321.0,-6503.0
DecoLine,13321.0,-6503.0,13322.0,-6502.0
DecoLine,13322.0,-6502.0,13323.0,-6502.0
DecoLine,13323.0,-6502.0,13324.0,-6502.0
DecoLine,13324.0,-6502.0,13324.0,-6502.0
DecoLine,13324.0,-6502.0,13326.0,-6502.0
DecoLine,13326.0,-6502.0,13326.0,-6502.0
DecoLine,13326.0,-6502.0,13327.0,-6502.0
DecoLine,13327.0,-6502.0,13328.0,-6503.0
DecoLine,13328.0,-6503.0,13329.0,-6503.0
DecoLine,13329.0,-6503.0,13330.0,-6504.0
DecoLine,13330.0,-6504.0,13330.0,-6504.0
DecoLine,13330.0,-6504.0,13330.0,-6505.0
DecoLine,13330.0,-6505.0,13330.0,-6505.0
DecoLine,13330.0,-6505.0,13330.0,-6506.0
DecoLine,13330.0,-6506.0,13330.0,-6507.0
DecoLine,13330.0,-6507.0,13330.0,-6508.0
DecoLine,13330.0,-6508.0,13330.0,-6510.0
DecoLine,13330.0,-6510.0,13330.0,-6511.0
DecoLine,13330.0,-6511.0,13329.0,-6511.0
DecoLine,13329.0,-6511.0,13327.0,-6512.0
DecoLine,13327.0,-6512.0,13327.0,-6512.0
DecoLine,13327.0,-6512.0,13325.0,-6512.0
DecoLine,13325.0,-6512.0,13324.0,-6510.0
DecoLine,13324.0,-6510.0,13323.0,-6509.0
DecoLine,13323.0,-6509.0,13323.0,-6509.0
DecoLine,13323.0,-6509.0,13322.0,-6508.0
DecoLine,13322.0,-6508.0,13322.0,-6508.0
DecoLine,13322.0,-6508.0,13321.0,-6506.0
DecoLine,13321.0,-6506.0,13321.0,-6506.0
DecoLine,13321.0,-6506.0,13321.0,-6505.0
DecoLine,13321.0,-6505.0,13321.0,-6504.0
DecoLine,13321.0,-6504.0,13321.0,-6504.0
DecoLine,13321.0,-6504.0,13321.0,-6504.0
DecoLine,13321.0,-6504.0,13321.0,-6503.0
DecoLine,13321.0,-6503.0,13321.0,-6503.0
DecoLine,13321.0,-6503.0,13321.0,-6502.0
DecoLine,13321.0,-6502.0,13321.0,-6502.0
DecoLine,13321.0,-6502.0,13321.0,-6502.0
DecoLine,13321.0,-6502.0,13321.0,-6502.0
DecoLine,13321.0,-6502.0,13321.0,-6501.0
DecoLine,13321.0,-6501.0,13322.0,-6501.0
DecoLine,13322.0,-6501.0,13322.0,-6501.0
DecoLine,13322.0,-6501.0,13323.0,-6501.0
DecoLine,13323.0,-6501.0,13323.0,-6501.0
DecoLine,13323.0,-6501.0,13324.0,-6501.0
DecoLine,13324.0,-6501.0,13324.0,-6501.0
DecoLine,13324.0,-6501.0,13325.0,-6501.0
DecoLine,13325.0,-6501.0,13325.0,-6501.0
DecoLine,13325.0,-6501.0,13325.0,-6501.0
DecoLine,13325.0,-6501.0,13325.0,-6501.0
DecoLine,13325.0,-6501.0,13325.0,-6501.0
DecoLine,13325.0,-6501.0,13325.0,-6502.0
DecoLine,13325.0,-6502.0,13324.0,-6502.0
DecoLine,13324.0,-6502.0,13324.0,-6502.0
DecoLine,13324.0,-6502.0,13324.0,-6502.0
DecoLine,13324.0,-6502.0,13323.0,-6502.0
DecoLine,13323.0,-6502.0,13323.0,-6502.0
DecoLine,13323.0,-6502.0,13323.0,-6502.0
DecoLine,13323.0,-6502.0,13322.0,-6502.0
DecoLine,13322.0,-6502.0,13320.0,-6501.0
DecoLine,13320.0,-6501.0,13318.0,-6500.0
DecoLine,13318.0,-6500.0,13316.0,-6499.0
DecoLine,13316.0,-6499.0,13315.0,-6499.0
DecoLine,13315.0,-6499.0,13314.0,-6498.0
DecoLine,13314.0,-6498.0,13314.0,-6498.0
DecoLine,13314.0,-6498.0,13314.0,-6498.0
DecoLine,13314.0,-6498.0,13314.0,-6497.0
DecoLine,13314.0,-6497.0,13314.0,-6497.0
DecoLine,13314.0,-6497.0,13314.0,-6496.0
DecoLine,13314.0,-6496.0,13314.0,-6495.0
DecoLine,13314.0,-6495.0,13314.0,-6494.0
DecoLine,13314.0,-6494.0,13314.0,-6494.0
DecoLine,13314.0,-6494.0,13316.0,-6493.0
DecoLine,13316.0,-6493.0,13317.0,-6493.0
DecoLine,13317.0,-6493.0,13319.0,-6492.0
DecoLine,13319.0,-6492.0,13320.0,-6492.0
DecoLine,13320.0,-6492.0,13322.0,-6492.0
DecoLine,13322.0,-6492.0,13323.0,-6492.0
DecoLine,13323.0,-6492.0,13323.0,-6492.0
DecoLine,13323.0,-6492.0,13324.0,-6492.0
DecoLine,13324.0,-6492.0,13325.0,-6492.0
DecoLine,13325.0,-6492.0,13326.0,-6493.0
DecoLine,13326.0,-6493.0,13326.0,-6493.0
DecoLine,13326.0,-6493.0,13327.0,-6494.0
DecoLine,13327.0,-6494.0,13327.0,-6496.0
DecoLine,13327.0,-6496.0,13327.0,-6497.0
DecoLine,13327.0,-6497.0,13327.0,-6499.0
DecoLine,13327.0,-6499.0,13327.0,-6500.0
DecoLine,13327.0,-6500.0,13326.0,-6501.0
DecoLine,13326.0,-6501.0,13325.0,-6502.0
DecoLine,13325.0,-6502.0,13323.0,-6502.0
DecoLine,13323.0,-6502.0,13321.0,-6502.0
DecoLine,13321.0,-6502.0,13319.0,-6502.0
DecoLine,13319.0,-6502.0,13317.0,-6502.0
DecoLine,13317.0,-6502.0,13316.0,-6502.0
DecoLine,13316.0,-6502.0,13315.0,-6502.0
DecoLine,13315.0,-6502.0,13315.0,-6502.0
DecoLine,13315.0,-6502.0,13313.0,-6502.0
DecoLine,13313.0,-6502.0,13312.0,-6502.0
DecoLine,13312.0,-6502.0,13311.0,-6502.0
DecoLine,13311.0,-6502.0,13310.0,-6502.0
DecoLine,13310.0,-6502.0,13309.0,-6502.0
DecoLine,13309.0,-6502.0,13309.0,-6501.0
DecoLine,13309.0,-6501.0,13309.0,-6500.0
DecoLine,13309.0,-6500.0,13309.0,-6500.0
DecoLine,13309.0,-6500.0,13309.0,-6499.0
DecoLine,13309.0,-6499.0,13309.0,-6498.0
DecoLine,13309.0,-6498.0,13309.0,-6497.0
DecoLine,13309.0,-6497.0,13309.0,-6496.0
DecoLine,13309.0,-6496.0,13309.0,-6494.0
DecoLine,13309.0,-6494.0,13309.0,-6494.0
DecoLine,13309.0,-6494.0,13309.0,-6493.0
DecoLine,13309.0,-6493.0,13309.0,-6492.0
DecoLine,13309.0,-6492.0,13310.0,-6492.0
DecoLine,13310.0,-6492.0,13311.0,-6492.0
DecoLine,13311.0,-6492.0,13311.0,-6491.0
DecoLine,13311.0,-6491.0,13312.0,-6491.0
DecoLine,13312.0,-6491.0,13314.0,-6491.0
DecoLine,13314.0,-6491.0,13314.0,-6491.0
DecoLine,13314.0,-6491.0,13315.0,-6491.0
DecoLine,13315.0,-6491.0,13316.0,-6492.0
DecoLine,13316.0,-6492.0,13317.0,-6494.0
DecoLine,13317.0,-6494.0,13318.0,-6495.0
DecoLine,13318.0,-6495.0,13319.0,-6497.0
DecoLine,13319.0,-6497.0,13319.0,-6498.0
DecoLine,13319.0,-6498.0,13319.0,-6499.0
DecoLine,13319.0,-6499.0,13319.0,-6500.0
DecoLine,13319.0,-6500.0,13319.0,-6501.0
DecoLine,13319.0,-6501.0,13319.0,-6501.0
DecoLine,13319.0,-6501.0,13319.0,-6503.0
DecoLine,13319.0,-6503.0,13318.0,-6503.0
DecoLine,13318.0,-6503.0,13317.0,-6504.0
DecoLine,13317.0,-6504.0,13316.0,-6505.0
DecoLine,13316.0,-6505.0,13314.0,-6505.0
DecoLine,13314.0,-6505.0,13313.0,-6505.0
DecoLine,13313.0,-6505.0,13311.0,-6505.0
DecoLine,13311.0,-6505.0,13310.0,-6505.0
DecoLine,13310.0,-6505.0,13309.0,-6504.0
DecoLine,13309.0,-6504.0,13309.0,-6503.0
DecoLine,13309.0,-6503.0,13308.0,-6502.0
DecoLine,13308.0,-6502.0,13307.0,-6501.0
DecoLine,13307.0,-6501.0,13307.0,-6500.0
DecoLine,13307.0,-6500.0,13306.0,-6500.0
DecoLine,13306.0,-6500.0,13306.0,-6499.0
DecoLine,13306.0,-6499.0,13305.0,-6498.0
DecoLine,13305.0,-6498.0,13305.0,-6497.0
DecoLine,13305.0,-6497.0,13305.0,-6497.0
DecoLine,13305.0,-6497.0,13305.0,-6497.0
DecoLine,13305.0,-6497.0,13305.0,-6496.0
DecoLine,13305.0,-6496.0,13304.0,-6496.0
DecoLine,13304.0,-6496.0,13304.0,-6495.0
DecoLine,13304.0,-6495.0,13304.0,-6495.0
DecoLine,13304.0,-6495.0,13304.0,-6494.0
DecoLine,13304.0,-6494.0,13304.0,-6494.0
DecoLine,13304.0,-6494.0,13304.0,-6493.0
DecoLine,13304.0,-6493.0,13304.0,-6492.0
DecoLine,13304.0,-6492.0,13304.0,-6492.0
DecoLine,13304.0,-6492.0,13304.0,-6491.0
DecoLine,13304.0,-6491.0,13304.0,-6491.0
DecoLine,13304.0,-6491.0,13305.0,-6488.0
DecoLine,13305.0,-6488.0,13307.0,-6485.0
DecoLine,13307.0,-6485.0,13309.0,-6483.0
DecoLine,13309.0,-6483.0,13311.0,-6482.0
DecoLine,13311.0,-6482.0,13312.0,-6482.0
DecoLine,13312.0,-6482.0,13313.0,-6482.0
DecoLine,13313.0,-6482.0,13313.0,-6482.0
DecoLine,13313.0,-6482.0,13313.0,-6482.0
DecoLine,13313.0,-6482.0,13313.0,-6483.0
DecoLine,13313.0,-6483.0,13313.0,-6484.0
DecoLine,13313.0,-6484.0,13313.0,-6487.0
DecoLine,13313.0,-6487.0,13313.0,-6488.0
DecoLine,13313.0,-6488.0,13313.0,-6490.0
DecoLine,13313.0,-6490.0,13312.0,-6491.0
DecoLine,13312.0,-6491.0,13311.0,-6492.0
DecoLine,13311.0,-6492.0,13310.0,-6493.0
DecoLine,13310.0,-6493.0,13310.0,-6494.0
DecoLine,13310.0,-6494.0,13309.0,-6495.0
DecoLine,13309.0,-6495.0,13308.0,-6495.0
DecoLine,13308.0,-6495.0,13307.0,-6495.0
DecoLine,13307.0,-6495.0,13306.0,-6495.0
DecoLine,13306.0,-6495.0,13304.0,-6495.0
DecoLine,13304.0,-6495.0,13302.0,-6496.0
DecoLine,13302.0,-6496.0,13299.0,-6496.0
DecoLine,13299.0,-6496.0,13297.0,-6497.0
DecoLine,13297.0,-6497.0,13296.0,-6497.0
DecoLine,13296.0,-6497.0,13295.0,-6496.0
DecoLine,13295.0,-6496.0,13295.0,-6495.0
DecoLine,13295.0,-6495.0,13294.0,-6493.0
DecoLine,13294.0,-6493.0,13294.0,-6492.0
DecoLine,13294.0,-6492.0,13294.0,-6490.0
DecoLine,13294.0,-6490.0,13294.0,-6490.0
DecoLine,13294.0,-6490.0,13294.0,-6489.0
DecoLine,13294.0,-6489.0,13294.0,-6488.0
DecoLine,13294.0,-6488.0,13294.0,-6487.0
DecoLine,13294.0,-6487.0,13296.0,-6486.0
DecoLine,13296.0,-6486.0,13297.0,-6485.0
DecoLine,13297.0,-6485.0,13299.0,-6485.0
DecoLine,13299.0,-6485.0,13300.0,-6485.0
DecoLine,13300.0,-6485.0,13302.0,-6485.0
DecoLine,13302.0,-6485.0,13305.0,-6485.0
DecoLine,13305.0,-6485.0,13306.0,-6486.0
DecoLine,13306.0,-6486.0,13309.0,-6488.0
DecoLine,13309.0,-6488.0,13310.0,-6489.0
DecoLine,13310.0,-6489.0,13312.0,-6491.0
DecoLine,13312.0,-6491.0,13313.0,-6492.0
DecoLine,13313.0,-6492.0,13313.0,-6493.0
DecoLine,13313.0,-6493.0,13313.0,-6494.0
DecoLine,13313.0,-6494.0,13313.0,-6495.0
DecoLine,13313.0,-6495.0,13313.0,-6496.0
DecoLine,13313.0,-6496.0,13312.0,-6497.0
DecoLine,13312.0,-6497.0,13312.0,-6498.0
DecoLine,13312.0,-6498.0,13311.0,-6498.0
DecoLine,13311.0,-6498.0,13309.0,-6498.0
DecoLine,13309.0,-6498.0,13308.0,-6498.0
DecoLine,13308.0,-6498.0,13308.0,-6498.0
DecoLine,13308.0,-6498.0,13307.0,-6498.0
DecoLine,13307.0,-6498.0,13307.0,-6498.0
DecoLine,13307.0,-6498.0,13307.0,-6498.0
DecoLine,13350.0,-6516.0,13350.0,-6516.0
DecoLine,13350.0,-6516.0,13350.0,-6516.0
DecoLine,13350.0,-6516.0,13348.0,-6516.0
DecoLine,13348.0,-6516.0,13347.0,-6515.0
DecoLine,13347.0,-6515.0,13346.0,-6515.0
DecoLine,13346.0,-6515.0,13345.0,-6514.0
DecoLine,13345.0,-6514.0,13345.0,-6514.0
DecoLine,13345.0,-6514.0,13345.0,-6513.0
DecoLine,13345.0,-6513.0,13345.0,-6512.0
DecoLine,13345.0,-6512.0,13344.0,-6511.0
DecoLine,13344.0,-6511.0,13344.0,-6511.0
DecoLine,13344.0,-6511.0,13344.0,-6510.0
DecoLine,13344.0,-6510.0,13344.0,-6510.0
DecoLine,13344.0,-6510.0,13344.0,-6509.0
DecoLine,13344.0,-6509.0,13345.0,-6509.0
DecoLine,13345.0,-6509.0,13345.0,-6509.0
DecoLine,13345.0,-6509.0,13346.0,-6509.0
DecoLine,13346.0,-6509.0,13347.0,-6509.0
DecoLine,13347.0,-6509.0,13348.0,-6509.0
DecoLine,13348.0,-6509.0,13349.0,-6509.0
DecoLine,13349.0,-6509.0,13350.0,-6509.0
DecoLine,13350.0,-6509.0,13352.0,-6510.0
DecoLine,13352.0,-6510.0,13352.0,-6510.0
DecoLine,13352.0,-6510.0,13352.0,-6511.0
DecoLine,13352.0,-6511.0,13353.0,-6512.0
DecoLine,13353.0,-6512.0,13353.0,-6514.0
DecoLine,13353.0,-6514.0,13353.0,-6515.0
DecoLine,13353.0,-6515.0,13353.0,-6516.0
DecoLine,13353.0,-6516.0,13353.0,-6517.0
DecoLine,13353.0,-6517.0,13352.0,-6518.0
DecoLine,13352.0,-6518.0,13351.0,-6519.0
DecoLine,13351.0,-6519.0,13350.0,-6519.0
DecoLine,13350.0,-6519.0,13349.0,-6519.0
DecoLine,13349.0,-6519.0,13348.0,-6519.0
DecoLine,13348.0,-6519.0,13347.0,-6519.0
DecoLine,13347.0,-6519.0,13346.0,-6519.0
DecoLine,13346.0,-6519.0,13345.0,-6519.0
DecoLine,13345.0,-6519.0,13345.0,-6518.0
DecoLine,13345.0,-6518.0,13344.0,-6517.0
DecoLine,13344.0,-6517.0,13344.0,-6517.0
DecoLine,13344.0,-6517.0,13344.0,-6517.0
DecoLine,13344.0,-6517.0,13344.0,-6516.0
DecoLine,13344.0,-6516.0,13344.0,-6515.0
DecoLine,13344.0,-6515.0,13344.0,-6515.0
DecoLine,13344.0,-6515.0,13344.0,-6514.0
DecoLine,13344.0,-6514.0,13344.0,-6513.0
DecoLine,13344.0,-6513.0,13344.0,-6513.0
DecoLine,13344.0,-6513.0,13344.0,-6512.0
DecoLine,13344.0,-6512.0,13344.0,-6511.0
DecoLine,13344.0,-6511.0,13344.0,-6510.0
DecoLine,13344.0,-6510.0,13344.0,-6509.0
DecoLine,13344.0,-6509.0,13345.0,-6509.0
DecoLine,13345.0,-6509.0,13347.0,-6508.0
DecoLine,13347.0,-6508.0,13348.0,-6508.0
DecoLine,13348.0,-6508.0,13350.0,-6508.0
DecoLine,13350.0,-6508.0,13352.0,-6508.0
DecoLine,13352.0,-6508.0,13354.0,-6509.0
DecoLine,13354.0,-6509.0,13354.0,-6509.0
DecoLine,13354.0,-6509.0,13356.0,-6510.0
DecoLine,13356.0,-6510.0,13356.0,-6511.0
DecoLine,13356.0,-6511.0,13356.0,-6512.0
DecoLine,13356.0,-6512.0,13356.0,-6512.0
DecoLine,13356.0,-6512.0,13355.0,-6513.0
DecoLine,13355.0,-6513.0,13353.0,-6513.0
DecoLine,13353.0,-6513.0,13350.0,-6513.0
DecoLine,13350.0,-6513.0,13347.0,-6513.0
DecoLine,13347.0,-6513.0,13345.0,-6513.0
DecoLine,13345.0,-6513.0,13343.0,-6512.0
DecoLine,13343.0,-6512.0,13340.0,-6512.0
DecoLine,13340.0,-6512.0,13336.0,-6511.0
DecoLine,13336.0,-6511.0,13333.0,-6510.0
DecoLine,13333.0,-6510.0,13330.0,-6509.0
DecoLine,13330.0,-6509.0,13329.0,-6509.0
DecoLine,13329.0,-6509.0,13328.0,-6508.0
DecoLine,13328.0,-6508.0,13327.0,-6507.0
DecoLine,13327.0,-6507.0,13327.0,-6505.0
DecoLine,13327.0,-6505.0,13327.0,-6504.0
DecoLine,13327.0,-6504.0,13327.0,-6504.0
DecoLine,13327.0,-6504.0,13327.0,-6504.0
DecoLine,13327.0,-6504.0,13327.0,-6502.0
DecoLine,13327.0,-6502.0,13327.0,-6501.0
DecoLine,13327.0,-6501.0,13327.0,-6501.0
DecoLine,13327.0,-6501.0,13328.0,-6500.0
DecoLine,13328.0,-6500.0,13330.0,-6500.0
DecoLine,13330.0,-6500.0,13331.0,-6500.0
DecoLine,13331.0,-6500.0,13332.0,-6500.0
DecoLine,13332.0,-6500.0,13333.0,-6500.0
DecoLine,13333.0,-6500.0,13333.0,-6501.0
DecoLine,13333.0,-6501.0,13334.0,-6503.0
DecoLine,13334.0,-6503.0,13334.0,-6505.0
DecoLine,13334.0,-6505.0,13334.0,-6506.0
DecoLine,13334.0,-6506.0,13334.0,-6508.0
DecoLine,13334.0,-6508.0,13334.0,-6510.0
DecoLine,13334.0,-6510.0,13333.0,-6511.0
DecoLine,13333.0,-6511.0,13332.0,-6512.0
DecoLine,13332.0,-6512.0,13331.0,-6513.0
DecoLine,13331.0,-6513.0,13329.0,-6513.0
DecoLine,13329.0,-6513.0,13328.0,-6513.0
DecoLine,13328.0,-6513.0,13326.0,-6513.0
DecoLine,13326.0,-6513.0,13325.0,-6511.0
DecoLine,13325.0,-6511.0,13324.0,-6510.0
DecoLine,13324.0,-6510.0,13323.0,-6507.0
DecoLine,13323.0,-6507.0,13323.0,-6506.0
DecoLine,13323.0,-6506.0,13322.0,-6506.0
DecoLine,13322.0,-6506.0,13322.0,-6505.0
DecoLine,13322.0,-6505.0,13322.0,-6504.0
DecoLine,13322.0,-6504.0,13322.0,-6502.0
DecoLine,13322.0,-6502.0,13322.0,-6502.0
DecoLine,13322.0,-6502.0,13323.0,-6501.0
DecoLine,13323.0,-6501.0,13325.0,-6500.0
DecoLine,13325.0,-6500.0,13327.0,-6500.0
DecoLine,13327.0,-6500.0,13330.0,-6500.0
DecoLine,13330.0,-6500.0,13333.0,-6501.0
DecoLine,13333.0,-6501.0,13335.0,-6502.0
DecoLine,13335.0,-6502.0,13339.0,-6504.0
DecoLine,13339.0,-6504.0,13342.0,-6506.0
DecoLine,13342.0,-6506.0,13344.0,-6509.0
DecoLine,13344.0,-6509.0,13344.0,-6510.0
DecoLine,13344.0,-6510.0,13345.0,-6511.0
DecoLine,13345.0,-6511.0,13345.0,-6513.0
DecoLine,13345.0,-6513.0,13345.0,-6514.0
DecoLine,13345.0,-6514.0,13345.0,-6515.0
DecoLine,13345.0,-6515.0,13344.0,-6516.0
DecoLine,13344.0,-6516.0,13343.0,-6517.0
DecoLine,13343.0,-6517.0,13342.0,-6518.0
DecoLine,13342.0,-6518.0,13340.0,-6518.0
DecoLine,13340.0,-6518.0,13339.0,-6518.0
DecoLine,13339.0,-6518.0,13338.0,-6518.0
DecoLine,13338.0,-6518.0,13338.0,-6518.0
DecoLine,13338.0,-6518.0,13337.0,-6517.0
DecoLine,13337.0,-6517.0,13337.0,-6515.0
DecoLine,13337.0,-6515.0,13337.0,-6512.0
DecoLine,13337.0,-6512.0,13337.0,-6510.0
DecoLine,13337.0,-6510.0,13338.0,-6509.0
DecoLine,13338.0,-6509.0,13339.0,-6508.0
DecoLine,13339.0,-6508.0,13340.0,-6508.0
DecoLine,13340.0,-6508.0,13343.0,-6508.0
DecoLine,13343.0,-6508.0,13345.0,-6508.0
DecoLine,13345.0,-6508.0,13348.0,-6508.0
DecoLine,13348.0,-6508.0,13352.0,-6508.0
DecoLine,13352.0,-6508.0,13354.0,-6508.0
DecoLine,13354.0,-6508.0,13356.0,-6509.0
DecoLine,13356.0,-6509.0,13356.0,-6510.0
DecoLine,13356.0,-6510.0,13357.0,-6512.0
DecoLine,13357.0,-6512.0,13357.0,-6513.0
DecoLine,13357.0,-6513.0,13357.0,-6514.0
DecoLine,13357.0,-6514.0,13357.0,-6516.0
DecoLine,13357.0,-6516.0,13357.0,-6516.0
DecoLine,13357.0,-6516.0,13357.0,-6517.0
DecoLine,13357.0,-6517.0,13357.0,-6518.0
DecoLine,13357.0,-6518.0,13355.0,-6518.0
DecoLine,13355.0,-6518.0,13354.0,-6518.0
DecoLine,13354.0,-6518.0,13352.0,-6518.0
DecoLine,13352.0,-6518.0,13350.0,-6518.0
DecoLine,13350.0,-6518.0,13349.0,-6517.0
DecoLine,13349.0,-6517.0,13348.0,-6516.0
DecoLine,13348.0,-6516.0,13347.0,-6515.0
DecoLine,13347.0,-6515.0,13346.0,-6514.0
DecoLine,13346.0,-6514.0,13345.0,-6513.0
DecoLine,13345.0,-6513.0,13344.0,-6512.0
DecoLine,13344.0,-6512.0,13344.0,-6511.0
DecoLine,13344.0,-6511.0,13344.0,-6511.0
DecoLine,13344.0,-6511.0,13343.0,-6511.0
DecoLine,13343.0,-6511.0,13343.0,-6511.0
DecoLine,13343.0,-6511.0,13343.0,-6510.0
DecoLine,13343.0,-6510.0,13343.0,-6510.0
DecoLine,13343.0,-6510.0,13343.0,-6510.0
DecoLine,13304.0,-6495.0,13304.0,-6495.0
DecoLine,13304.0,-6495.0,13304.0,-6495.0
DecoLine,13304.0,-6495.0,13304.0,-6493.0
DecoLine,13304.0,-6493.0,13304.0,-6491.0
DecoLine,13304.0,-6491.0,13305.0,-6490.0
DecoLine,13305.0,-6490.0,13306.0,-6489.0
DecoLine,13306.0,-6489.0,13307.0,-6489.0
DecoLine,13307.0,-6489.0,13308.0,-6489.0
DecoLine,13308.0,-6489.0,13310.0,-6489.0
DecoLine,13310.0,-6489.0,13311.0,-6489.0
DecoLine,13311.0,-6489.0,13313.0,-6489.0
DecoLine,13313.0,-6489.0,13314.0,-6489.0
DecoLine,13314.0,-6489.0,13314.0,-6489.0
DecoLine,13314.0,-6489.0,13315.0,-6490.0
DecoLine,13315.0,-6490.0,13315.0,-6492.0
DecoLine,13315.0,-6492.0,13316.0,-6493.0
DecoLine,13316.0,-6493.0,13316.0,-6495.0
DecoLine,13316.0,-6495.0,13316.0,-6497.0
DecoLine,13316.0,-6497.0,13315.0,-6498.0
DecoLine,13315.0,-6498.0,13314.0,-6499.0
DecoLine,13314.0,-6499.0,13313.0,-6500.0
DecoLine,13313.0,-6500.0,13312.0,-6500.0
DecoLine,13312.0,-6500.0,13311.0,-6500.0
DecoLine,13311.0,-6500.0,13310.0,-6500.0
DecoLine,13310.0,-6500.0,13309.0,-6500.0
DecoLine,13309.0,-6500.0,13308.0,-6500.0
DecoLine,13308.0,-6500.0,13307.0,-6500.0
DecoLine,13307.0,-6500.0,13306.0,-6500.0
DecoLine,13306.0,-6500.0,13306.0,-6500.0
DecoLine,13306.0,-6500.0,13305.0,-6499.0
DecoLine,13305.0,-6499.0,13305.0,-6499.0
DecoLine,13305.0,-6499.0,13303.0,-6499.0
DecoLine,13303.0,-6499.0,13302.0,-6499.0
DecoLine,13302.0,-6499.0,13301.0,-6499.0
DecoLine,13301.0,-6499.0,13300.0,-6499.0
DecoLine,13300.0,-6499.0,13300.0,-6499.0
DecoLine,13300.0,-6499.0,13300.0,-6498.0
DecoLine,13300.0,-6498.0,13300.0,-6498.0
DecoLine,13300.0,-6498.0,13300.0,-6497.0
DecoLine,13300.0,-6497.0,13300.0,-6496.0
DecoLine,13300.0,-6496.0,13300.0,-6495.0
DecoLine,13300.0,-6495.0,13300.0,-6494.0
DecoLine,13300.0,-6494.0,13300.0,-6492.0
DecoLine,13300.0,-6492.0,13300.0,-6491.0
DecoLine,13300.0,-6491.0,13300.0,-6490.0
DecoLine,13300.0,-6490.0,13301.0,-6489.0
DecoLine,13301.0,-6489.0,13301.0,-6489.0
DecoLine,13301.0,-6489.0,13302.0,-6489.0
DecoLine,13302.0,-6489.0,13303.0,-6489.0
DecoLine,13303.0,-6489.0,13304.0,-6489.0
DecoLine,13304.0,-6489.0,13305.0,-6489.0
DecoLine,13305.0,-6489.0,13306.0,-6489.0
DecoLine,13306.0,-6489.0,13306.0,-6489.0
DecoLine,13306.0,-6489.0,13307.0,-6489.0
DecoLine,13307.0,-6489.0,13307.0,-6489.0
DecoLine,13307.0,-6489.0,13308.0,-6489.0
DecoLine,13308.0,-6489.0,13308.0,-6489.0
DecoLine,13308.0,-6489.0,13308.0,-6489.0
DecoLine,13456.0,-7514.0,13456.0,-7514.0
DecoLine,13456.0,-7514.0,13455.0,-7514.0
DecoLine,13455.0,-7514.0,13454.0,-7514.0
DecoLine,13454.0,-7514.0,13453.0,-7514.0
DecoLine,13453.0,-7514.0,13452.0,-7513.0
DecoLine,13452.0,-7513.0,13452.0,-7512.0
DecoLine,13452.0,-7512.0,13452.0,-7510.0
DecoLine,13452.0,-7510.0,13451.0,-7508.0
DecoLine,13451.0,-7508.0,13451.0,-7506.0
DecoLine,13451.0,-7506.0,13451.0,-7499.0
DecoLine,13451.0,-7499.0,13451.0,-7492.0
DecoLine,13451.0,-7492.0,13453.0,-7487.0
DecoLine,13453.0,-7487.0,13455.0,-7484.0
DecoLine,13455.0,-7484.0,13457.0,-7483.0
DecoLine,13457.0,-7483.0,13459.0,-7483.0
DecoLine,13459.0,-7483.0,13460.0,-7483.0
DecoLine,13460.0,-7483.0,13461.0,-7484.0
DecoLine,13461.0,-7484.0,13462.0,-7485.0
DecoLine,13462.0,-7485.0,13462.0,-7487.0
DecoLine,13462.0,-7487.0,13462.0,-7488.0
DecoLine,13462.0,-7488.0,13462.0,-7490.0
DecoLine,13462.0,-7490.0,13461.0,-7491.0
DecoLine,13461.0,-7491.0,13459.0,-7493.0
DecoLine,13459.0,-7493.0,13458.0,-7493.0
DecoLine,13458.0,-7493.0,13457.0,-7494.0
DecoLine,13457.0,-7494.0,13455.0,-7494.0
DecoLine,13455.0,-7494.0,13451.0,-7494.0
DecoLine,13451.0,-7494.0,13446.0,-7494.0
DecoLine,13446.0,-7494.0,13440.0,-7494.0
DecoLine,13440.0,-7494.0,13436.0,-7494.0
DecoLine,13436.0,-7494.0,13434.0,-7494.0
DecoLine,13434.0,-7494.0,13432.0,-7493.0
DecoLine,13432.0,-7493.0,13432.0,-7491.0
DecoLine,13432.0,-7491.0,13432.0,-7489.0
DecoLine,13432.0,-7489.0,13433.0,-7487.0
DecoLine,13433.0,-7487.0,13435.0,-7485.0
DecoLine,13435.0,-7485.0,13438.0,-7484.0
DecoLine,13438.0,-7484.0,13442.0,-7483.0
DecoLine,13442.0,-7483.0,13443.0,-7483.0
DecoLine,13443.0,-7483.0,13445.0,-7483.0
DecoLine,13445.0,-7483.0,13447.0,-7483.0
DecoLine,13447.0,-7483.0,13448.0,-7485.0
DecoLine,13448.0,-7485.0,13449.0,-7487.0
DecoLine,13449.0,-7487.0,13450.0,-7489.0
DecoLine,13450.0,-7489.0,13450.0,-7491.0
DecoLine,13450.0,-7491.0,13450.0,-7493.0
DecoLine,13450.0,-7493.0,13450.0,-7494.0
DecoLine,13450.0,-7494.0,13450.0,-7494.0
DecoLine,13450.0,-7494.0,13448.0,-7494.0
DecoLine,13448.0,-7494.0,13447.0,-7494.0
DecoLine,13447.0,-7494.0,13446.0,-7492.0
DecoLine,13446.0,-7492.0,13445.0,-7490.0
DecoLine,13445.0,-7490.0,13444.0,-7486.0
DecoLine,13444.0,-7486.0,13444.0,-7476.0
DecoLine,13444.0,-7476.0,13446.0,-7467.0
DecoLine,13446.0,-7467.0,13449.0,-7462.0
DecoLine,13449.0,-7462.0,13455.0,-7456.0
DecoLine,13455.0,-7456.0,13459.0,-7454.0
DecoLine,13459.0,-7454.0,13464.0,-7452.0
DecoLine,13464.0,-7452.0,13469.0,-7452.0
DecoLine,13469.0,-7452.0,13473.0,-7451.0
DecoLine,13473.0,-7451.0,13474.0,-7452.0
DecoLine,13474.0,-7452.0,13475.0,-7454.0
DecoLine,13475.0,-7454.0,13475.0,-7456.0
DecoLine,13475.0,-7456.0,13474.0,-7461.0
DecoLine,13474.0,-7461.0,13472.0,-7465.0
DecoLine,13472.0,-7465.0,13469.0,-7469.0
DecoLine,13469.0,-7469.0,13467.0,-7470.0
DecoLine,13467.0,-7470.0,13465.0,-7471.0
DecoLine,13465.0,-7471.0,13463.0,-7469.0
DecoLine,13463.0,-7469.0,13462.0,-7465.0
DecoLine,13462.0,-7465.0,13461.0,-7462.0
DecoLine,13461.0,-7462.0,13461.0,-7460.0
DecoLine,13461.0,-7460.0,13461.0,-7456.0
DecoLine,13461.0,-7456.0,13462.0,-7448.0
DecoLine,13462.0,-7448.0,13465.0,-7440.0
DecoLine,13465.0,-7440.0,13467.0,-7436.0
DecoLine,13467.0,-7436.0,13471.0,-7433.0
DecoLine,13471.0,-7433.0,13475.0,-7431.0
DecoLine,13475.0,-7431.0,13481.0,-7431.0
DecoLine,13481.0,-7431.0,13489.0,-7431.0
DecoLine,13489.0,-7431.0,13495.0,-7432.0
DecoLine,13495.0,-7432.0,13498.0,-7433.0
DecoLine,13498.0,-7433.0,13499.0,-7435.0
DecoLine,13499.0,-7435.0,13499.0,-7437.0
DecoLine,13499.0,-7437.0,13499.0,-7438.0
DecoLine,13499.0,-7438.0,13498.0,-7439.0
DecoLine,13498.0,-7439.0,13495.0,-7441.0
DecoLine,13495.0,-7441.0,13493.0,-7442.0
DecoLine,13493.0,-7442.0,13491.0,-7441.0
DecoLine,13491.0,-7441.0,13490.0,-7439.0
DecoLine,13490.0,-7439.0,13489.0,-7437.0
DecoLine,13489.0,-7437.0,13488.0,-7429.0
DecoLine,13488.0,-7429.0,13488.0,-7425.0
DecoLine,13488.0,-7425.0,13489.0,-7416.0
DecoLine,13489.0,-7416.0,13492.0,-7408.0
DecoLine,13492.0,-7408.0,13494.0,-7402.0
DecoLine,13494.0,-7402.0,13497.0,-7399.0
DecoLine,13497.0,-7399.0,13499.0,-7398.0
DecoLine,13499.0,-7398.0,13502.0,-7398.0
DecoLine,13502.0,-7398.0,13509.0,-7398.0
DecoLine,13509.0,-7398.0,13515.0,-7399.0
DecoLine,13515.0,-7399.0,13521.0,-7401.0
DecoLine,13521.0,-7401.0,13524.0,-7403.0
DecoLine,13524.0,-7403.0,13525.0,-7404.0
DecoLine,13525.0,-7404.0,13526.0,-7406.0
DecoLine,13526.0,-7406.0,13525.0,-7409.0
DecoLine,13525.0,-7409.0,13522.0,-7411.0
DecoLine,13522.0,-7411.0,13520.0,-7412.0
DecoLine,13520.0,-7412.0,13517.0,-7412.0
DecoLine,13517.0,-7412.0,13516.0,-7410.0
DecoLine,13516.0,-7410.0,13515.0,-7407.0
DecoLine,13515.0,-7407.0,13515.0,-7401.0
DecoLine,13515.0,-7401.0,13516.0,-7399.0
DecoLine,13516.0,-7399.0,13519.0,-7396.0
DecoLine,13519.0,-7396.0,13521.0,-7396.0
DecoLine,13521.0,-7396.0,13525.0,-7395.0
DecoLine,13525.0,-7395.0,13530.0,-7394.0
DecoLine,13530.0,-7394.0,13535.0,-7393.0
DecoLine,13535.0,-7393.0,13539.0,-7392.0
PhysicLine,19398.0,-9653.0,19398.0,-9653.0
PhysicLine,19398.0,-9653.0,19398.0,-9652.0
PhysicLine,19398.0,-9652.0,19398.0,-9651.0
PhysicLine,19398.0,-9651.0,19398.0,-9650.0
PhysicLine,19398.0,-9650.0,19398.0,-9650.0
PhysicLine,19398.0,-9650.0,19398.0,-9649.0
PhysicLine,19398.0,-9649.0,19399.0,-9648.0
PhysicLine,19399.0,-9648.0,19400.0,-9644.0
PhysicLine,19400.0,-9644.0,19401.0,-9642.0
PhysicLine,19401.0,-9642.0,19402.0,-9641.0
PhysicLine,19402.0,-9641.0,19403.0,-9639.0
PhysicLine,19403.0,-9639.0,19403.0,-9638.0
PhysicLine,19403.0,-9638.0,19403.0,-9638.0
PhysicLine,19403.0,-9638.0,19404.0,-9638.0
PhysicLine,19404.0,-9638.0,19404.0,-9638.0
PhysicLine,19404.0,-9638.0,19405.0,-9638.0
PhysicLine,19405.0,-9638.0,19405.0,-9638.0
PhysicLine,19405.0,-9638.0,19406.0,-9638.0
PhysicLine,19406.0,-9638.0,19406.0,-9638.0
PhysicLine,19406.0,-9638.0,19407.0,-9638.0
PhysicLine,19407.0,-9638.0,19408.0,-9638.0
PhysicLine,19408.0,-9638.0,19409.0,-9638.0
PhysicLine,19409.0,-9638.0,19410.0,-9638.0
PhysicLine,19410.0,-9638.0,19411.0,-9638.0
PhysicLine,19411.0,-9638.0,19412.0,-9638.0
PhysicLine,19412.0,-9638.0,19413.0,-9638.0
PhysicLine,19413.0,-9638.0,19416.0,-9636.0
PhysicLine,19416.0,-9636.0,19419.0,-9635.0
PhysicLine,19419.0,-9635.0,19421.0,-9635.0
PhysicLine,19421.0,-9635.0,19422.0,-9634.0
PhysicLine,19422.0,-9634.0,19423.0,-9634.0
PhysicLine,19423.0,-9634.0,19424.0,-9634.0
PhysicLine,19424.0,-9634.0,19424.0,-9634.0
PhysicLine,19424.0,-9634.0,19425.0,-9634.0
PhysicLine,19425.0,-9634.0,19425.0,-9634.0
PhysicLine,19425.0,-9634.0,19426.0,-9634.0
PhysicLine,19426.0,-9634.0,19426.0,-9635.0
PhysicLine,19426.0,-9635.0,19427.0,-9636.0
PhysicLine,19427.0,-9636.0,19427.0,-9636.0
PhysicLine,19427.0,-9636.0,19428.0,-9638.0
PhysicLine,19428.0,-9638.0,19429.0,-9639.0
PhysicLine,19429.0,-9639.0,19429.0,-9640.0
PhysicLine,19429.0,-9640.0,19430.0,-9641.0
PhysicLine,19430.0,-9641.0,19430.0,-9642.0
PhysicLine,19430.0,-9642.0,19431.0,-9643.0
PhysicLine,19431.0,-9643.0,19431.0,-9644.0
PhysicLine,19431.0,-9644.0,19431.0,-9645.0
PhysicLine,19431.0,-9645.0,19431.0,-9646.0
PhysicLine,19431.0,-9646.0,19431.0,-9646.0
PhysicLine,19431.0,-9646.0,19431.0,-9647.0
PhysicLine,19431.0,-9647.0,19431.0,-9648.0
PhysicLine,19431.0,-9648.0,19431.0,-9648.0
PhysicLine,19431.0,-9648.0,19431.0,-9649.0
PhysicLine,19431.0,-9649.0,19431.0,-9650.0
PhysicLine,19431.0,-9650.0,19431.0,-9650.0
PhysicLine,19431.0,-9650.0,19432.0,-9651.0
PhysicLine,19432.0,-9651.0,19432.0,-9651.0
PhysicLine,19432.0,-9651.0,19432.0,-9652.0
PhysicLine,19432.0,-9652.0,19432.0,-9652.0
PhysicLine,19432.0,-9652.0,19432.0,-9653.0
PhysicLine,19432.0,-9653.0,19432.0,-9653.0
PhysicLine,19432.0,-9653.0,19432.0,-9654.0
PhysicLine,19432.0,-9654.0,19432.0,-9654.0
PhysicLine,19432.0,-9654.0,19432.0,-9655.0
PhysicLine,19432.0,-9655.0,19432.0,-9656.0
PhysicLine,19432.0,-9656.0,19432.0,-9657.0
PhysicLine,19432.0,-9657.0,19432.0,-9658.0
PhysicLine,19432.0,-9658.0,19433.0,-9659.0
PhysicLine,19433.0,-9659.0,19433.0,-9660.0
PhysicLine,19433.0,-9660.0,19433.0,-9662.0
PhysicLine,19433.0,-9662.0,19434.0,-9664.0
PhysicLine,19434.0,-9664.0,19434.0,-9667.0
PhysicLine,19434.0,-9667.0,19435.0,-9670.0
PhysicLine,19435.0,-9670.0,19436.0,-9673.0
PhysicLine,19436.0,-9673.0,19436.0,-9674.0
PhysicLine,19436.0,-9674.0,19436.0,-9676.0
PhysicLine,19436.0,-9676.0,19437.0,-9676.0
PhysicLine,19437.0,-9676.0,19437.0,-9677.0
PhysicLine,19437.0,-9677.0,19437.0,-9677.0
PhysicLine,19437.0,-9677.0,19437.0,-9678.0
PhysicLine,19437.0,-9678.0,19437.0,-9678.0
PhysicLine,19437.0,-9678.0,19437.0,-9679.0
PhysicLine,19437.0,-9679.0,19437.0,-9679.0
PhysicLine,19437.0,-9679.0,19437.0,-9679.0
PhysicLine,19437.0,-9679.0,19437.0,-9680.0
PhysicLine,19437.0,-9680.0,19437.0,-9681.0
PhysicLine,19437.0,-9681.0,19437.0,-9682.0
PhysicLine,19437.0,-9682.0,19437.0,-9683.0
PhysicLine,19437.0,-9683.0,19437.0,-9683.0
PhysicLine,19437.0,-9683.0,19437.0,-9683.0
PhysicLine,19437.0,-9683.0,19437.0,-9683.0
PhysicLine,19437.0,-9683.0,19437.0,-9684.0
PhysicLine,19437.0,-9684.0,19437.0,-9684.0
PhysicLine,19437.0,-9684.0,19437.0,-9684.0
PhysicLine,19437.0,-9684.0,19437.0,-9684.0
PhysicLine,19437.0,-9684.0,19437.0,-9685.0
PhysicLine,19437.0,-9685.0,19437.0,-9685.0
PhysicLine,19437.0,-9685.0,19437.0,-9685.0
PhysicLine,19437.0,-9685.0,19437.0,-9685.0
PhysicLine,19437.0,-9685.0,19437.0,-9685.0
PhysicLine,19437.0,-9685.0,19437.0,-9686.0
PhysicLine,19437.0,-9686.0,19437.0,-9686.0
